Token	POS-Tag	OOV	Id	Index	Documento
A	DET	0	1	0	A segurança cibernética tornou-se um dos pilares fundamentais da sociedade contemporânea , pois vivemos em um mundo cada vez mais conectado , onde informações pessoais , financeiras e corporativas circulam constantemente em redes digitais que precisam ser protegidas contra ameaças crescentes .
segurança	NOUN	0	1	1	A segurança cibernética tornou-se um dos pilares fundamentais da sociedade contemporânea , pois vivemos em um mundo cada vez mais conectado , onde informações pessoais , financeiras e corporativas circulam constantemente em redes digitais que precisam ser protegidas contra ameaças crescentes .
cibernética	ADJ	1	1	2	A segurança cibernética tornou-se um dos pilares fundamentais da sociedade contemporânea , pois vivemos em um mundo cada vez mais conectado , onde informações pessoais , financeiras e corporativas circulam constantemente em redes digitais que precisam ser protegidas contra ameaças crescentes .
tornou-se	VERB	1	1	3	A segurança cibernética tornou-se um dos pilares fundamentais da sociedade contemporânea , pois vivemos em um mundo cada vez mais conectado , onde informações pessoais , financeiras e corporativas circulam constantemente em redes digitais que precisam ser protegidas contra ameaças crescentes .
um	NUM	0	1	4	A segurança cibernética tornou-se um dos pilares fundamentais da sociedade contemporânea , pois vivemos em um mundo cada vez mais conectado , onde informações pessoais , financeiras e corporativas circulam constantemente em redes digitais que precisam ser protegidas contra ameaças crescentes .
dos	ADP	0	1	5	A segurança cibernética tornou-se um dos pilares fundamentais da sociedade contemporânea , pois vivemos em um mundo cada vez mais conectado , onde informações pessoais , financeiras e corporativas circulam constantemente em redes digitais que precisam ser protegidas contra ameaças crescentes .
pilares	NOUN	0	1	6	A segurança cibernética tornou-se um dos pilares fundamentais da sociedade contemporânea , pois vivemos em um mundo cada vez mais conectado , onde informações pessoais , financeiras e corporativas circulam constantemente em redes digitais que precisam ser protegidas contra ameaças crescentes .
fundamentais	ADJ	0	1	7	A segurança cibernética tornou-se um dos pilares fundamentais da sociedade contemporânea , pois vivemos em um mundo cada vez mais conectado , onde informações pessoais , financeiras e corporativas circulam constantemente em redes digitais que precisam ser protegidas contra ameaças crescentes .
da	ADP	0	1	8	A segurança cibernética tornou-se um dos pilares fundamentais da sociedade contemporânea , pois vivemos em um mundo cada vez mais conectado , onde informações pessoais , financeiras e corporativas circulam constantemente em redes digitais que precisam ser protegidas contra ameaças crescentes .
sociedade	NOUN	0	1	9	A segurança cibernética tornou-se um dos pilares fundamentais da sociedade contemporânea , pois vivemos em um mundo cada vez mais conectado , onde informações pessoais , financeiras e corporativas circulam constantemente em redes digitais que precisam ser protegidas contra ameaças crescentes .
contemporânea	ADJ	0	1	10	A segurança cibernética tornou-se um dos pilares fundamentais da sociedade contemporânea , pois vivemos em um mundo cada vez mais conectado , onde informações pessoais , financeiras e corporativas circulam constantemente em redes digitais que precisam ser protegidas contra ameaças crescentes .
,	PUNCT	0	1	11	A segurança cibernética tornou-se um dos pilares fundamentais da sociedade contemporânea , pois vivemos em um mundo cada vez mais conectado , onde informações pessoais , financeiras e corporativas circulam constantemente em redes digitais que precisam ser protegidas contra ameaças crescentes .
pois	SCONJ	0	1	12	A segurança cibernética tornou-se um dos pilares fundamentais da sociedade contemporânea , pois vivemos em um mundo cada vez mais conectado , onde informações pessoais , financeiras e corporativas circulam constantemente em redes digitais que precisam ser protegidas contra ameaças crescentes .
vivemos	VERB	1	1	13	A segurança cibernética tornou-se um dos pilares fundamentais da sociedade contemporânea , pois vivemos em um mundo cada vez mais conectado , onde informações pessoais , financeiras e corporativas circulam constantemente em redes digitais que precisam ser protegidas contra ameaças crescentes .
em	ADP	0	1	14	A segurança cibernética tornou-se um dos pilares fundamentais da sociedade contemporânea , pois vivemos em um mundo cada vez mais conectado , onde informações pessoais , financeiras e corporativas circulam constantemente em redes digitais que precisam ser protegidas contra ameaças crescentes .
um	DET	0	1	15	A segurança cibernética tornou-se um dos pilares fundamentais da sociedade contemporânea , pois vivemos em um mundo cada vez mais conectado , onde informações pessoais , financeiras e corporativas circulam constantemente em redes digitais que precisam ser protegidas contra ameaças crescentes .
mundo	NOUN	0	1	16	A segurança cibernética tornou-se um dos pilares fundamentais da sociedade contemporânea , pois vivemos em um mundo cada vez mais conectado , onde informações pessoais , financeiras e corporativas circulam constantemente em redes digitais que precisam ser protegidas contra ameaças crescentes .
cada	NOUN	0	1	17	A segurança cibernética tornou-se um dos pilares fundamentais da sociedade contemporânea , pois vivemos em um mundo cada vez mais conectado , onde informações pessoais , financeiras e corporativas circulam constantemente em redes digitais que precisam ser protegidas contra ameaças crescentes .
vez	ADP	0	1	18	A segurança cibernética tornou-se um dos pilares fundamentais da sociedade contemporânea , pois vivemos em um mundo cada vez mais conectado , onde informações pessoais , financeiras e corporativas circulam constantemente em redes digitais que precisam ser protegidas contra ameaças crescentes .
mais	ADV	0	1	19	A segurança cibernética tornou-se um dos pilares fundamentais da sociedade contemporânea , pois vivemos em um mundo cada vez mais conectado , onde informações pessoais , financeiras e corporativas circulam constantemente em redes digitais que precisam ser protegidas contra ameaças crescentes .
conectado	ADJ	1	1	20	A segurança cibernética tornou-se um dos pilares fundamentais da sociedade contemporânea , pois vivemos em um mundo cada vez mais conectado , onde informações pessoais , financeiras e corporativas circulam constantemente em redes digitais que precisam ser protegidas contra ameaças crescentes .
,	PUNCT	0	1	21	A segurança cibernética tornou-se um dos pilares fundamentais da sociedade contemporânea , pois vivemos em um mundo cada vez mais conectado , onde informações pessoais , financeiras e corporativas circulam constantemente em redes digitais que precisam ser protegidas contra ameaças crescentes .
onde	PRON	0	1	22	A segurança cibernética tornou-se um dos pilares fundamentais da sociedade contemporânea , pois vivemos em um mundo cada vez mais conectado , onde informações pessoais , financeiras e corporativas circulam constantemente em redes digitais que precisam ser protegidas contra ameaças crescentes .
informações	NOUN	0	1	23	A segurança cibernética tornou-se um dos pilares fundamentais da sociedade contemporânea , pois vivemos em um mundo cada vez mais conectado , onde informações pessoais , financeiras e corporativas circulam constantemente em redes digitais que precisam ser protegidas contra ameaças crescentes .
pessoais	ADJ	0	1	24	A segurança cibernética tornou-se um dos pilares fundamentais da sociedade contemporânea , pois vivemos em um mundo cada vez mais conectado , onde informações pessoais , financeiras e corporativas circulam constantemente em redes digitais que precisam ser protegidas contra ameaças crescentes .
,	PUNCT	0	1	25	A segurança cibernética tornou-se um dos pilares fundamentais da sociedade contemporânea , pois vivemos em um mundo cada vez mais conectado , onde informações pessoais , financeiras e corporativas circulam constantemente em redes digitais que precisam ser protegidas contra ameaças crescentes .
financeiras	ADJ	0	1	26	A segurança cibernética tornou-se um dos pilares fundamentais da sociedade contemporânea , pois vivemos em um mundo cada vez mais conectado , onde informações pessoais , financeiras e corporativas circulam constantemente em redes digitais que precisam ser protegidas contra ameaças crescentes .
e	CCONJ	0	1	27	A segurança cibernética tornou-se um dos pilares fundamentais da sociedade contemporânea , pois vivemos em um mundo cada vez mais conectado , onde informações pessoais , financeiras e corporativas circulam constantemente em redes digitais que precisam ser protegidas contra ameaças crescentes .
corporativas	ADJ	1	1	28	A segurança cibernética tornou-se um dos pilares fundamentais da sociedade contemporânea , pois vivemos em um mundo cada vez mais conectado , onde informações pessoais , financeiras e corporativas circulam constantemente em redes digitais que precisam ser protegidas contra ameaças crescentes .
circulam	VERB	1	1	29	A segurança cibernética tornou-se um dos pilares fundamentais da sociedade contemporânea , pois vivemos em um mundo cada vez mais conectado , onde informações pessoais , financeiras e corporativas circulam constantemente em redes digitais que precisam ser protegidas contra ameaças crescentes .
constantemente	ADV	0	1	30	A segurança cibernética tornou-se um dos pilares fundamentais da sociedade contemporânea , pois vivemos em um mundo cada vez mais conectado , onde informações pessoais , financeiras e corporativas circulam constantemente em redes digitais que precisam ser protegidas contra ameaças crescentes .
em	ADP	0	1	31	A segurança cibernética tornou-se um dos pilares fundamentais da sociedade contemporânea , pois vivemos em um mundo cada vez mais conectado , onde informações pessoais , financeiras e corporativas circulam constantemente em redes digitais que precisam ser protegidas contra ameaças crescentes .
redes	NOUN	0	1	32	A segurança cibernética tornou-se um dos pilares fundamentais da sociedade contemporânea , pois vivemos em um mundo cada vez mais conectado , onde informações pessoais , financeiras e corporativas circulam constantemente em redes digitais que precisam ser protegidas contra ameaças crescentes .
digitais	ADJ	0	1	33	A segurança cibernética tornou-se um dos pilares fundamentais da sociedade contemporânea , pois vivemos em um mundo cada vez mais conectado , onde informações pessoais , financeiras e corporativas circulam constantemente em redes digitais que precisam ser protegidas contra ameaças crescentes .
que	PRON	0	1	34	A segurança cibernética tornou-se um dos pilares fundamentais da sociedade contemporânea , pois vivemos em um mundo cada vez mais conectado , onde informações pessoais , financeiras e corporativas circulam constantemente em redes digitais que precisam ser protegidas contra ameaças crescentes .
precisam	VERB	0	1	35	A segurança cibernética tornou-se um dos pilares fundamentais da sociedade contemporânea , pois vivemos em um mundo cada vez mais conectado , onde informações pessoais , financeiras e corporativas circulam constantemente em redes digitais que precisam ser protegidas contra ameaças crescentes .
ser	AUX	0	1	36	A segurança cibernética tornou-se um dos pilares fundamentais da sociedade contemporânea , pois vivemos em um mundo cada vez mais conectado , onde informações pessoais , financeiras e corporativas circulam constantemente em redes digitais que precisam ser protegidas contra ameaças crescentes .
protegidas	VERB	0	1	37	A segurança cibernética tornou-se um dos pilares fundamentais da sociedade contemporânea , pois vivemos em um mundo cada vez mais conectado , onde informações pessoais , financeiras e corporativas circulam constantemente em redes digitais que precisam ser protegidas contra ameaças crescentes .
contra	ADP	0	1	38	A segurança cibernética tornou-se um dos pilares fundamentais da sociedade contemporânea , pois vivemos em um mundo cada vez mais conectado , onde informações pessoais , financeiras e corporativas circulam constantemente em redes digitais que precisam ser protegidas contra ameaças crescentes .
ameaças	NOUN	0	1	39	A segurança cibernética tornou-se um dos pilares fundamentais da sociedade contemporânea , pois vivemos em um mundo cada vez mais conectado , onde informações pessoais , financeiras e corporativas circulam constantemente em redes digitais que precisam ser protegidas contra ameaças crescentes .
crescentes	ADJ	1	1	40	A segurança cibernética tornou-se um dos pilares fundamentais da sociedade contemporânea , pois vivemos em um mundo cada vez mais conectado , onde informações pessoais , financeiras e corporativas circulam constantemente em redes digitais que precisam ser protegidas contra ameaças crescentes .
.	PUNCT	0	1	41	A segurança cibernética tornou-se um dos pilares fundamentais da sociedade contemporânea , pois vivemos em um mundo cada vez mais conectado , onde informações pessoais , financeiras e corporativas circulam constantemente em redes digitais que precisam ser protegidas contra ameaças crescentes .
Com	ADP	0	2	0	Com a expansão da internet e a digitalização de serviços , surgiram novas oportunidades para criminosos explorarem vulnerabilidades , utilizando técnicas sofisticadas como phishing , ransomware e engenharia social , que podem comprometer dados sensíveis e causar prejuízos irreparáveis às vítimas .
a	DET	0	2	1	Com a expansão da internet e a digitalização de serviços , surgiram novas oportunidades para criminosos explorarem vulnerabilidades , utilizando técnicas sofisticadas como phishing , ransomware e engenharia social , que podem comprometer dados sensíveis e causar prejuízos irreparáveis às vítimas .
expansão	NOUN	0	2	2	Com a expansão da internet e a digitalização de serviços , surgiram novas oportunidades para criminosos explorarem vulnerabilidades , utilizando técnicas sofisticadas como phishing , ransomware e engenharia social , que podem comprometer dados sensíveis e causar prejuízos irreparáveis às vítimas .
da	ADP	0	2	3	Com a expansão da internet e a digitalização de serviços , surgiram novas oportunidades para criminosos explorarem vulnerabilidades , utilizando técnicas sofisticadas como phishing , ransomware e engenharia social , que podem comprometer dados sensíveis e causar prejuízos irreparáveis às vítimas .
internet	PROPN	0	2	4	Com a expansão da internet e a digitalização de serviços , surgiram novas oportunidades para criminosos explorarem vulnerabilidades , utilizando técnicas sofisticadas como phishing , ransomware e engenharia social , que podem comprometer dados sensíveis e causar prejuízos irreparáveis às vítimas .
e	CCONJ	0	2	5	Com a expansão da internet e a digitalização de serviços , surgiram novas oportunidades para criminosos explorarem vulnerabilidades , utilizando técnicas sofisticadas como phishing , ransomware e engenharia social , que podem comprometer dados sensíveis e causar prejuízos irreparáveis às vítimas .
a	DET	0	2	6	Com a expansão da internet e a digitalização de serviços , surgiram novas oportunidades para criminosos explorarem vulnerabilidades , utilizando técnicas sofisticadas como phishing , ransomware e engenharia social , que podem comprometer dados sensíveis e causar prejuízos irreparáveis às vítimas .
digitalização	NOUN	1	2	7	Com a expansão da internet e a digitalização de serviços , surgiram novas oportunidades para criminosos explorarem vulnerabilidades , utilizando técnicas sofisticadas como phishing , ransomware e engenharia social , que podem comprometer dados sensíveis e causar prejuízos irreparáveis às vítimas .
de	ADP	0	2	8	Com a expansão da internet e a digitalização de serviços , surgiram novas oportunidades para criminosos explorarem vulnerabilidades , utilizando técnicas sofisticadas como phishing , ransomware e engenharia social , que podem comprometer dados sensíveis e causar prejuízos irreparáveis às vítimas .
serviços	NOUN	0	2	9	Com a expansão da internet e a digitalização de serviços , surgiram novas oportunidades para criminosos explorarem vulnerabilidades , utilizando técnicas sofisticadas como phishing , ransomware e engenharia social , que podem comprometer dados sensíveis e causar prejuízos irreparáveis às vítimas .
,	PUNCT	0	2	10	Com a expansão da internet e a digitalização de serviços , surgiram novas oportunidades para criminosos explorarem vulnerabilidades , utilizando técnicas sofisticadas como phishing , ransomware e engenharia social , que podem comprometer dados sensíveis e causar prejuízos irreparáveis às vítimas .
surgiram	VERB	0	2	11	Com a expansão da internet e a digitalização de serviços , surgiram novas oportunidades para criminosos explorarem vulnerabilidades , utilizando técnicas sofisticadas como phishing , ransomware e engenharia social , que podem comprometer dados sensíveis e causar prejuízos irreparáveis às vítimas .
novas	ADJ	0	2	12	Com a expansão da internet e a digitalização de serviços , surgiram novas oportunidades para criminosos explorarem vulnerabilidades , utilizando técnicas sofisticadas como phishing , ransomware e engenharia social , que podem comprometer dados sensíveis e causar prejuízos irreparáveis às vítimas .
oportunidades	NOUN	0	2	13	Com a expansão da internet e a digitalização de serviços , surgiram novas oportunidades para criminosos explorarem vulnerabilidades , utilizando técnicas sofisticadas como phishing , ransomware e engenharia social , que podem comprometer dados sensíveis e causar prejuízos irreparáveis às vítimas .
para	ADP	0	2	14	Com a expansão da internet e a digitalização de serviços , surgiram novas oportunidades para criminosos explorarem vulnerabilidades , utilizando técnicas sofisticadas como phishing , ransomware e engenharia social , que podem comprometer dados sensíveis e causar prejuízos irreparáveis às vítimas .
criminosos	NOUN	0	2	15	Com a expansão da internet e a digitalização de serviços , surgiram novas oportunidades para criminosos explorarem vulnerabilidades , utilizando técnicas sofisticadas como phishing , ransomware e engenharia social , que podem comprometer dados sensíveis e causar prejuízos irreparáveis às vítimas .
explorarem	VERB	1	2	16	Com a expansão da internet e a digitalização de serviços , surgiram novas oportunidades para criminosos explorarem vulnerabilidades , utilizando técnicas sofisticadas como phishing , ransomware e engenharia social , que podem comprometer dados sensíveis e causar prejuízos irreparáveis às vítimas .
vulnerabilidades	NOUN	1	2	17	Com a expansão da internet e a digitalização de serviços , surgiram novas oportunidades para criminosos explorarem vulnerabilidades , utilizando técnicas sofisticadas como phishing , ransomware e engenharia social , que podem comprometer dados sensíveis e causar prejuízos irreparáveis às vítimas .
,	PUNCT	0	2	18	Com a expansão da internet e a digitalização de serviços , surgiram novas oportunidades para criminosos explorarem vulnerabilidades , utilizando técnicas sofisticadas como phishing , ransomware e engenharia social , que podem comprometer dados sensíveis e causar prejuízos irreparáveis às vítimas .
utilizando	VERB	0	2	19	Com a expansão da internet e a digitalização de serviços , surgiram novas oportunidades para criminosos explorarem vulnerabilidades , utilizando técnicas sofisticadas como phishing , ransomware e engenharia social , que podem comprometer dados sensíveis e causar prejuízos irreparáveis às vítimas .
técnicas	NOUN	0	2	20	Com a expansão da internet e a digitalização de serviços , surgiram novas oportunidades para criminosos explorarem vulnerabilidades , utilizando técnicas sofisticadas como phishing , ransomware e engenharia social , que podem comprometer dados sensíveis e causar prejuízos irreparáveis às vítimas .
sofisticadas	VERB	1	2	21	Com a expansão da internet e a digitalização de serviços , surgiram novas oportunidades para criminosos explorarem vulnerabilidades , utilizando técnicas sofisticadas como phishing , ransomware e engenharia social , que podem comprometer dados sensíveis e causar prejuízos irreparáveis às vítimas .
como	ADP	0	2	22	Com a expansão da internet e a digitalização de serviços , surgiram novas oportunidades para criminosos explorarem vulnerabilidades , utilizando técnicas sofisticadas como phishing , ransomware e engenharia social , que podem comprometer dados sensíveis e causar prejuízos irreparáveis às vítimas .
phishing	NOUN	1	2	23	Com a expansão da internet e a digitalização de serviços , surgiram novas oportunidades para criminosos explorarem vulnerabilidades , utilizando técnicas sofisticadas como phishing , ransomware e engenharia social , que podem comprometer dados sensíveis e causar prejuízos irreparáveis às vítimas .
,	PUNCT	0	2	24	Com a expansão da internet e a digitalização de serviços , surgiram novas oportunidades para criminosos explorarem vulnerabilidades , utilizando técnicas sofisticadas como phishing , ransomware e engenharia social , que podem comprometer dados sensíveis e causar prejuízos irreparáveis às vítimas .
ransomware	NOUN	1	2	25	Com a expansão da internet e a digitalização de serviços , surgiram novas oportunidades para criminosos explorarem vulnerabilidades , utilizando técnicas sofisticadas como phishing , ransomware e engenharia social , que podem comprometer dados sensíveis e causar prejuízos irreparáveis às vítimas .
e	CCONJ	0	2	26	Com a expansão da internet e a digitalização de serviços , surgiram novas oportunidades para criminosos explorarem vulnerabilidades , utilizando técnicas sofisticadas como phishing , ransomware e engenharia social , que podem comprometer dados sensíveis e causar prejuízos irreparáveis às vítimas .
engenharia	NOUN	0	2	27	Com a expansão da internet e a digitalização de serviços , surgiram novas oportunidades para criminosos explorarem vulnerabilidades , utilizando técnicas sofisticadas como phishing , ransomware e engenharia social , que podem comprometer dados sensíveis e causar prejuízos irreparáveis às vítimas .
social	ADJ	0	2	28	Com a expansão da internet e a digitalização de serviços , surgiram novas oportunidades para criminosos explorarem vulnerabilidades , utilizando técnicas sofisticadas como phishing , ransomware e engenharia social , que podem comprometer dados sensíveis e causar prejuízos irreparáveis às vítimas .
,	PUNCT	0	2	29	Com a expansão da internet e a digitalização de serviços , surgiram novas oportunidades para criminosos explorarem vulnerabilidades , utilizando técnicas sofisticadas como phishing , ransomware e engenharia social , que podem comprometer dados sensíveis e causar prejuízos irreparáveis às vítimas .
que	PRON	0	2	30	Com a expansão da internet e a digitalização de serviços , surgiram novas oportunidades para criminosos explorarem vulnerabilidades , utilizando técnicas sofisticadas como phishing , ransomware e engenharia social , que podem comprometer dados sensíveis e causar prejuízos irreparáveis às vítimas .
podem	VERB	0	2	31	Com a expansão da internet e a digitalização de serviços , surgiram novas oportunidades para criminosos explorarem vulnerabilidades , utilizando técnicas sofisticadas como phishing , ransomware e engenharia social , que podem comprometer dados sensíveis e causar prejuízos irreparáveis às vítimas .
comprometer	VERB	1	2	32	Com a expansão da internet e a digitalização de serviços , surgiram novas oportunidades para criminosos explorarem vulnerabilidades , utilizando técnicas sofisticadas como phishing , ransomware e engenharia social , que podem comprometer dados sensíveis e causar prejuízos irreparáveis às vítimas .
dados	NOUN	0	2	33	Com a expansão da internet e a digitalização de serviços , surgiram novas oportunidades para criminosos explorarem vulnerabilidades , utilizando técnicas sofisticadas como phishing , ransomware e engenharia social , que podem comprometer dados sensíveis e causar prejuízos irreparáveis às vítimas .
sensíveis	ADJ	0	2	34	Com a expansão da internet e a digitalização de serviços , surgiram novas oportunidades para criminosos explorarem vulnerabilidades , utilizando técnicas sofisticadas como phishing , ransomware e engenharia social , que podem comprometer dados sensíveis e causar prejuízos irreparáveis às vítimas .
e	CCONJ	0	2	35	Com a expansão da internet e a digitalização de serviços , surgiram novas oportunidades para criminosos explorarem vulnerabilidades , utilizando técnicas sofisticadas como phishing , ransomware e engenharia social , que podem comprometer dados sensíveis e causar prejuízos irreparáveis às vítimas .
causar	VERB	0	2	36	Com a expansão da internet e a digitalização de serviços , surgiram novas oportunidades para criminosos explorarem vulnerabilidades , utilizando técnicas sofisticadas como phishing , ransomware e engenharia social , que podem comprometer dados sensíveis e causar prejuízos irreparáveis às vítimas .
prejuízos	NOUN	0	2	37	Com a expansão da internet e a digitalização de serviços , surgiram novas oportunidades para criminosos explorarem vulnerabilidades , utilizando técnicas sofisticadas como phishing , ransomware e engenharia social , que podem comprometer dados sensíveis e causar prejuízos irreparáveis às vítimas .
irreparáveis	ADJ	1	2	38	Com a expansão da internet e a digitalização de serviços , surgiram novas oportunidades para criminosos explorarem vulnerabilidades , utilizando técnicas sofisticadas como phishing , ransomware e engenharia social , que podem comprometer dados sensíveis e causar prejuízos irreparáveis às vítimas .
às	ADP	0	2	39	Com a expansão da internet e a digitalização de serviços , surgiram novas oportunidades para criminosos explorarem vulnerabilidades , utilizando técnicas sofisticadas como phishing , ransomware e engenharia social , que podem comprometer dados sensíveis e causar prejuízos irreparáveis às vítimas .
vítimas	NOUN	0	2	40	Com a expansão da internet e a digitalização de serviços , surgiram novas oportunidades para criminosos explorarem vulnerabilidades , utilizando técnicas sofisticadas como phishing , ransomware e engenharia social , que podem comprometer dados sensíveis e causar prejuízos irreparáveis às vítimas .
.	PUNCT	0	2	41	Com a expansão da internet e a digitalização de serviços , surgiram novas oportunidades para criminosos explorarem vulnerabilidades , utilizando técnicas sofisticadas como phishing , ransomware e engenharia social , que podem comprometer dados sensíveis e causar prejuízos irreparáveis às vítimas .
Empresas	NOUN	1	3	0	Empresas de todos os portes enfrentam desafios constantes para proteger suas infraestruturas digitais , investindo em firewalls , sistemas de criptografia , monitoramento em tempo real e programas de conscientização para funcionários , que muitas vezes são o elo mais fraco da cadeia de segurança .
de	ADP	0	3	1	Empresas de todos os portes enfrentam desafios constantes para proteger suas infraestruturas digitais , investindo em firewalls , sistemas de criptografia , monitoramento em tempo real e programas de conscientização para funcionários , que muitas vezes são o elo mais fraco da cadeia de segurança .
todos	DET	0	3	2	Empresas de todos os portes enfrentam desafios constantes para proteger suas infraestruturas digitais , investindo em firewalls , sistemas de criptografia , monitoramento em tempo real e programas de conscientização para funcionários , que muitas vezes são o elo mais fraco da cadeia de segurança .
os	DET	0	3	3	Empresas de todos os portes enfrentam desafios constantes para proteger suas infraestruturas digitais , investindo em firewalls , sistemas de criptografia , monitoramento em tempo real e programas de conscientização para funcionários , que muitas vezes são o elo mais fraco da cadeia de segurança .
portes	NOUN	1	3	4	Empresas de todos os portes enfrentam desafios constantes para proteger suas infraestruturas digitais , investindo em firewalls , sistemas de criptografia , monitoramento em tempo real e programas de conscientização para funcionários , que muitas vezes são o elo mais fraco da cadeia de segurança .
enfrentam	VERB	0	3	5	Empresas de todos os portes enfrentam desafios constantes para proteger suas infraestruturas digitais , investindo em firewalls , sistemas de criptografia , monitoramento em tempo real e programas de conscientização para funcionários , que muitas vezes são o elo mais fraco da cadeia de segurança .
desafios	NOUN	0	3	6	Empresas de todos os portes enfrentam desafios constantes para proteger suas infraestruturas digitais , investindo em firewalls , sistemas de criptografia , monitoramento em tempo real e programas de conscientização para funcionários , que muitas vezes são o elo mais fraco da cadeia de segurança .
constantes	ADJ	0	3	7	Empresas de todos os portes enfrentam desafios constantes para proteger suas infraestruturas digitais , investindo em firewalls , sistemas de criptografia , monitoramento em tempo real e programas de conscientização para funcionários , que muitas vezes são o elo mais fraco da cadeia de segurança .
para	SCONJ	0	3	8	Empresas de todos os portes enfrentam desafios constantes para proteger suas infraestruturas digitais , investindo em firewalls , sistemas de criptografia , monitoramento em tempo real e programas de conscientização para funcionários , que muitas vezes são o elo mais fraco da cadeia de segurança .
proteger	VERB	0	3	9	Empresas de todos os portes enfrentam desafios constantes para proteger suas infraestruturas digitais , investindo em firewalls , sistemas de criptografia , monitoramento em tempo real e programas de conscientização para funcionários , que muitas vezes são o elo mais fraco da cadeia de segurança .
suas	DET	0	3	10	Empresas de todos os portes enfrentam desafios constantes para proteger suas infraestruturas digitais , investindo em firewalls , sistemas de criptografia , monitoramento em tempo real e programas de conscientização para funcionários , que muitas vezes são o elo mais fraco da cadeia de segurança .
infraestruturas	NOUN	1	3	11	Empresas de todos os portes enfrentam desafios constantes para proteger suas infraestruturas digitais , investindo em firewalls , sistemas de criptografia , monitoramento em tempo real e programas de conscientização para funcionários , que muitas vezes são o elo mais fraco da cadeia de segurança .
digitais	ADJ	0	3	12	Empresas de todos os portes enfrentam desafios constantes para proteger suas infraestruturas digitais , investindo em firewalls , sistemas de criptografia , monitoramento em tempo real e programas de conscientização para funcionários , que muitas vezes são o elo mais fraco da cadeia de segurança .
,	PUNCT	0	3	13	Empresas de todos os portes enfrentam desafios constantes para proteger suas infraestruturas digitais , investindo em firewalls , sistemas de criptografia , monitoramento em tempo real e programas de conscientização para funcionários , que muitas vezes são o elo mais fraco da cadeia de segurança .
investindo	VERB	1	3	14	Empresas de todos os portes enfrentam desafios constantes para proteger suas infraestruturas digitais , investindo em firewalls , sistemas de criptografia , monitoramento em tempo real e programas de conscientização para funcionários , que muitas vezes são o elo mais fraco da cadeia de segurança .
em	ADP	0	3	15	Empresas de todos os portes enfrentam desafios constantes para proteger suas infraestruturas digitais , investindo em firewalls , sistemas de criptografia , monitoramento em tempo real e programas de conscientização para funcionários , que muitas vezes são o elo mais fraco da cadeia de segurança .
firewalls	NOUN	1	3	16	Empresas de todos os portes enfrentam desafios constantes para proteger suas infraestruturas digitais , investindo em firewalls , sistemas de criptografia , monitoramento em tempo real e programas de conscientização para funcionários , que muitas vezes são o elo mais fraco da cadeia de segurança .
,	PUNCT	0	3	17	Empresas de todos os portes enfrentam desafios constantes para proteger suas infraestruturas digitais , investindo em firewalls , sistemas de criptografia , monitoramento em tempo real e programas de conscientização para funcionários , que muitas vezes são o elo mais fraco da cadeia de segurança .
sistemas	NOUN	0	3	18	Empresas de todos os portes enfrentam desafios constantes para proteger suas infraestruturas digitais , investindo em firewalls , sistemas de criptografia , monitoramento em tempo real e programas de conscientização para funcionários , que muitas vezes são o elo mais fraco da cadeia de segurança .
de	ADP	0	3	19	Empresas de todos os portes enfrentam desafios constantes para proteger suas infraestruturas digitais , investindo em firewalls , sistemas de criptografia , monitoramento em tempo real e programas de conscientização para funcionários , que muitas vezes são o elo mais fraco da cadeia de segurança .
criptografia	NOUN	1	3	20	Empresas de todos os portes enfrentam desafios constantes para proteger suas infraestruturas digitais , investindo em firewalls , sistemas de criptografia , monitoramento em tempo real e programas de conscientização para funcionários , que muitas vezes são o elo mais fraco da cadeia de segurança .
,	PUNCT	0	3	21	Empresas de todos os portes enfrentam desafios constantes para proteger suas infraestruturas digitais , investindo em firewalls , sistemas de criptografia , monitoramento em tempo real e programas de conscientização para funcionários , que muitas vezes são o elo mais fraco da cadeia de segurança .
monitoramento	NOUN	1	3	22	Empresas de todos os portes enfrentam desafios constantes para proteger suas infraestruturas digitais , investindo em firewalls , sistemas de criptografia , monitoramento em tempo real e programas de conscientização para funcionários , que muitas vezes são o elo mais fraco da cadeia de segurança .
em	ADP	0	3	23	Empresas de todos os portes enfrentam desafios constantes para proteger suas infraestruturas digitais , investindo em firewalls , sistemas de criptografia , monitoramento em tempo real e programas de conscientização para funcionários , que muitas vezes são o elo mais fraco da cadeia de segurança .
tempo	NOUN	0	3	24	Empresas de todos os portes enfrentam desafios constantes para proteger suas infraestruturas digitais , investindo em firewalls , sistemas de criptografia , monitoramento em tempo real e programas de conscientização para funcionários , que muitas vezes são o elo mais fraco da cadeia de segurança .
real	ADJ	0	3	25	Empresas de todos os portes enfrentam desafios constantes para proteger suas infraestruturas digitais , investindo em firewalls , sistemas de criptografia , monitoramento em tempo real e programas de conscientização para funcionários , que muitas vezes são o elo mais fraco da cadeia de segurança .
e	CCONJ	0	3	26	Empresas de todos os portes enfrentam desafios constantes para proteger suas infraestruturas digitais , investindo em firewalls , sistemas de criptografia , monitoramento em tempo real e programas de conscientização para funcionários , que muitas vezes são o elo mais fraco da cadeia de segurança .
programas	NOUN	0	3	27	Empresas de todos os portes enfrentam desafios constantes para proteger suas infraestruturas digitais , investindo em firewalls , sistemas de criptografia , monitoramento em tempo real e programas de conscientização para funcionários , que muitas vezes são o elo mais fraco da cadeia de segurança .
de	ADP	0	3	28	Empresas de todos os portes enfrentam desafios constantes para proteger suas infraestruturas digitais , investindo em firewalls , sistemas de criptografia , monitoramento em tempo real e programas de conscientização para funcionários , que muitas vezes são o elo mais fraco da cadeia de segurança .
conscientização	NOUN	1	3	29	Empresas de todos os portes enfrentam desafios constantes para proteger suas infraestruturas digitais , investindo em firewalls , sistemas de criptografia , monitoramento em tempo real e programas de conscientização para funcionários , que muitas vezes são o elo mais fraco da cadeia de segurança .
para	ADP	0	3	30	Empresas de todos os portes enfrentam desafios constantes para proteger suas infraestruturas digitais , investindo em firewalls , sistemas de criptografia , monitoramento em tempo real e programas de conscientização para funcionários , que muitas vezes são o elo mais fraco da cadeia de segurança .
funcionários	NOUN	0	3	31	Empresas de todos os portes enfrentam desafios constantes para proteger suas infraestruturas digitais , investindo em firewalls , sistemas de criptografia , monitoramento em tempo real e programas de conscientização para funcionários , que muitas vezes são o elo mais fraco da cadeia de segurança .
,	PUNCT	0	3	32	Empresas de todos os portes enfrentam desafios constantes para proteger suas infraestruturas digitais , investindo em firewalls , sistemas de criptografia , monitoramento em tempo real e programas de conscientização para funcionários , que muitas vezes são o elo mais fraco da cadeia de segurança .
que	PRON	0	3	33	Empresas de todos os portes enfrentam desafios constantes para proteger suas infraestruturas digitais , investindo em firewalls , sistemas de criptografia , monitoramento em tempo real e programas de conscientização para funcionários , que muitas vezes são o elo mais fraco da cadeia de segurança .
muitas	DET	0	3	34	Empresas de todos os portes enfrentam desafios constantes para proteger suas infraestruturas digitais , investindo em firewalls , sistemas de criptografia , monitoramento em tempo real e programas de conscientização para funcionários , que muitas vezes são o elo mais fraco da cadeia de segurança .
vezes	NOUN	0	3	35	Empresas de todos os portes enfrentam desafios constantes para proteger suas infraestruturas digitais , investindo em firewalls , sistemas de criptografia , monitoramento em tempo real e programas de conscientização para funcionários , que muitas vezes são o elo mais fraco da cadeia de segurança .
são	AUX	0	3	36	Empresas de todos os portes enfrentam desafios constantes para proteger suas infraestruturas digitais , investindo em firewalls , sistemas de criptografia , monitoramento em tempo real e programas de conscientização para funcionários , que muitas vezes são o elo mais fraco da cadeia de segurança .
o	DET	0	3	37	Empresas de todos os portes enfrentam desafios constantes para proteger suas infraestruturas digitais , investindo em firewalls , sistemas de criptografia , monitoramento em tempo real e programas de conscientização para funcionários , que muitas vezes são o elo mais fraco da cadeia de segurança .
elo	NOUN	0	3	38	Empresas de todos os portes enfrentam desafios constantes para proteger suas infraestruturas digitais , investindo em firewalls , sistemas de criptografia , monitoramento em tempo real e programas de conscientização para funcionários , que muitas vezes são o elo mais fraco da cadeia de segurança .
mais	ADV	0	3	39	Empresas de todos os portes enfrentam desafios constantes para proteger suas infraestruturas digitais , investindo em firewalls , sistemas de criptografia , monitoramento em tempo real e programas de conscientização para funcionários , que muitas vezes são o elo mais fraco da cadeia de segurança .
fraco	ADJ	0	3	40	Empresas de todos os portes enfrentam desafios constantes para proteger suas infraestruturas digitais , investindo em firewalls , sistemas de criptografia , monitoramento em tempo real e programas de conscientização para funcionários , que muitas vezes são o elo mais fraco da cadeia de segurança .
da	ADP	0	3	41	Empresas de todos os portes enfrentam desafios constantes para proteger suas infraestruturas digitais , investindo em firewalls , sistemas de criptografia , monitoramento em tempo real e programas de conscientização para funcionários , que muitas vezes são o elo mais fraco da cadeia de segurança .
cadeia	NOUN	0	3	42	Empresas de todos os portes enfrentam desafios constantes para proteger suas infraestruturas digitais , investindo em firewalls , sistemas de criptografia , monitoramento em tempo real e programas de conscientização para funcionários , que muitas vezes são o elo mais fraco da cadeia de segurança .
de	ADP	0	3	43	Empresas de todos os portes enfrentam desafios constantes para proteger suas infraestruturas digitais , investindo em firewalls , sistemas de criptografia , monitoramento em tempo real e programas de conscientização para funcionários , que muitas vezes são o elo mais fraco da cadeia de segurança .
segurança	NOUN	0	3	44	Empresas de todos os portes enfrentam desafios constantes para proteger suas infraestruturas digitais , investindo em firewalls , sistemas de criptografia , monitoramento em tempo real e programas de conscientização para funcionários , que muitas vezes são o elo mais fraco da cadeia de segurança .
.	PUNCT	0	3	45	Empresas de todos os portes enfrentam desafios constantes para proteger suas infraestruturas digitais , investindo em firewalls , sistemas de criptografia , monitoramento em tempo real e programas de conscientização para funcionários , que muitas vezes são o elo mais fraco da cadeia de segurança .
A	DET	0	4	0	A conscientização dos usuários é tão importante quanto a tecnologia empregada , pois um simples clique em um link suspeito pode abrir portas para invasores , comprometendo não apenas dados pessoais , mas também informações estratégicas de organizações inteiras .
conscientização	NOUN	1	4	1	A conscientização dos usuários é tão importante quanto a tecnologia empregada , pois um simples clique em um link suspeito pode abrir portas para invasores , comprometendo não apenas dados pessoais , mas também informações estratégicas de organizações inteiras .
dos	ADP	0	4	2	A conscientização dos usuários é tão importante quanto a tecnologia empregada , pois um simples clique em um link suspeito pode abrir portas para invasores , comprometendo não apenas dados pessoais , mas também informações estratégicas de organizações inteiras .
usuários	NOUN	0	4	3	A conscientização dos usuários é tão importante quanto a tecnologia empregada , pois um simples clique em um link suspeito pode abrir portas para invasores , comprometendo não apenas dados pessoais , mas também informações estratégicas de organizações inteiras .
é	AUX	0	4	4	A conscientização dos usuários é tão importante quanto a tecnologia empregada , pois um simples clique em um link suspeito pode abrir portas para invasores , comprometendo não apenas dados pessoais , mas também informações estratégicas de organizações inteiras .
tão	ADV	0	4	5	A conscientização dos usuários é tão importante quanto a tecnologia empregada , pois um simples clique em um link suspeito pode abrir portas para invasores , comprometendo não apenas dados pessoais , mas também informações estratégicas de organizações inteiras .
importante	ADJ	0	4	6	A conscientização dos usuários é tão importante quanto a tecnologia empregada , pois um simples clique em um link suspeito pode abrir portas para invasores , comprometendo não apenas dados pessoais , mas também informações estratégicas de organizações inteiras .
quanto	ADV	0	4	7	A conscientização dos usuários é tão importante quanto a tecnologia empregada , pois um simples clique em um link suspeito pode abrir portas para invasores , comprometendo não apenas dados pessoais , mas também informações estratégicas de organizações inteiras .
a	DET	0	4	8	A conscientização dos usuários é tão importante quanto a tecnologia empregada , pois um simples clique em um link suspeito pode abrir portas para invasores , comprometendo não apenas dados pessoais , mas também informações estratégicas de organizações inteiras .
tecnologia	NOUN	0	4	9	A conscientização dos usuários é tão importante quanto a tecnologia empregada , pois um simples clique em um link suspeito pode abrir portas para invasores , comprometendo não apenas dados pessoais , mas também informações estratégicas de organizações inteiras .
empregada	ADJ	0	4	10	A conscientização dos usuários é tão importante quanto a tecnologia empregada , pois um simples clique em um link suspeito pode abrir portas para invasores , comprometendo não apenas dados pessoais , mas também informações estratégicas de organizações inteiras .
,	PUNCT	0	4	11	A conscientização dos usuários é tão importante quanto a tecnologia empregada , pois um simples clique em um link suspeito pode abrir portas para invasores , comprometendo não apenas dados pessoais , mas também informações estratégicas de organizações inteiras .
pois	SCONJ	0	4	12	A conscientização dos usuários é tão importante quanto a tecnologia empregada , pois um simples clique em um link suspeito pode abrir portas para invasores , comprometendo não apenas dados pessoais , mas também informações estratégicas de organizações inteiras .
um	DET	0	4	13	A conscientização dos usuários é tão importante quanto a tecnologia empregada , pois um simples clique em um link suspeito pode abrir portas para invasores , comprometendo não apenas dados pessoais , mas também informações estratégicas de organizações inteiras .
simples	ADJ	0	4	14	A conscientização dos usuários é tão importante quanto a tecnologia empregada , pois um simples clique em um link suspeito pode abrir portas para invasores , comprometendo não apenas dados pessoais , mas também informações estratégicas de organizações inteiras .
clique	VERB	1	4	15	A conscientização dos usuários é tão importante quanto a tecnologia empregada , pois um simples clique em um link suspeito pode abrir portas para invasores , comprometendo não apenas dados pessoais , mas também informações estratégicas de organizações inteiras .
em	ADP	0	4	16	A conscientização dos usuários é tão importante quanto a tecnologia empregada , pois um simples clique em um link suspeito pode abrir portas para invasores , comprometendo não apenas dados pessoais , mas também informações estratégicas de organizações inteiras .
um	DET	0	4	17	A conscientização dos usuários é tão importante quanto a tecnologia empregada , pois um simples clique em um link suspeito pode abrir portas para invasores , comprometendo não apenas dados pessoais , mas também informações estratégicas de organizações inteiras .
link	NOUN	1	4	18	A conscientização dos usuários é tão importante quanto a tecnologia empregada , pois um simples clique em um link suspeito pode abrir portas para invasores , comprometendo não apenas dados pessoais , mas também informações estratégicas de organizações inteiras .
suspeito	ADJ	0	4	19	A conscientização dos usuários é tão importante quanto a tecnologia empregada , pois um simples clique em um link suspeito pode abrir portas para invasores , comprometendo não apenas dados pessoais , mas também informações estratégicas de organizações inteiras .
pode	VERB	0	4	20	A conscientização dos usuários é tão importante quanto a tecnologia empregada , pois um simples clique em um link suspeito pode abrir portas para invasores , comprometendo não apenas dados pessoais , mas também informações estratégicas de organizações inteiras .
abrir	VERB	0	4	21	A conscientização dos usuários é tão importante quanto a tecnologia empregada , pois um simples clique em um link suspeito pode abrir portas para invasores , comprometendo não apenas dados pessoais , mas também informações estratégicas de organizações inteiras .
portas	NOUN	0	4	22	A conscientização dos usuários é tão importante quanto a tecnologia empregada , pois um simples clique em um link suspeito pode abrir portas para invasores , comprometendo não apenas dados pessoais , mas também informações estratégicas de organizações inteiras .
para	ADP	0	4	23	A conscientização dos usuários é tão importante quanto a tecnologia empregada , pois um simples clique em um link suspeito pode abrir portas para invasores , comprometendo não apenas dados pessoais , mas também informações estratégicas de organizações inteiras .
invasores	NOUN	0	4	24	A conscientização dos usuários é tão importante quanto a tecnologia empregada , pois um simples clique em um link suspeito pode abrir portas para invasores , comprometendo não apenas dados pessoais , mas também informações estratégicas de organizações inteiras .
,	PUNCT	0	4	25	A conscientização dos usuários é tão importante quanto a tecnologia empregada , pois um simples clique em um link suspeito pode abrir portas para invasores , comprometendo não apenas dados pessoais , mas também informações estratégicas de organizações inteiras .
comprometendo	VERB	1	4	26	A conscientização dos usuários é tão importante quanto a tecnologia empregada , pois um simples clique em um link suspeito pode abrir portas para invasores , comprometendo não apenas dados pessoais , mas também informações estratégicas de organizações inteiras .
não	ADV	0	4	27	A conscientização dos usuários é tão importante quanto a tecnologia empregada , pois um simples clique em um link suspeito pode abrir portas para invasores , comprometendo não apenas dados pessoais , mas também informações estratégicas de organizações inteiras .
apenas	ADV	0	4	28	A conscientização dos usuários é tão importante quanto a tecnologia empregada , pois um simples clique em um link suspeito pode abrir portas para invasores , comprometendo não apenas dados pessoais , mas também informações estratégicas de organizações inteiras .
dados	NOUN	0	4	29	A conscientização dos usuários é tão importante quanto a tecnologia empregada , pois um simples clique em um link suspeito pode abrir portas para invasores , comprometendo não apenas dados pessoais , mas também informações estratégicas de organizações inteiras .
pessoais	ADJ	0	4	30	A conscientização dos usuários é tão importante quanto a tecnologia empregada , pois um simples clique em um link suspeito pode abrir portas para invasores , comprometendo não apenas dados pessoais , mas também informações estratégicas de organizações inteiras .
,	PUNCT	0	4	31	A conscientização dos usuários é tão importante quanto a tecnologia empregada , pois um simples clique em um link suspeito pode abrir portas para invasores , comprometendo não apenas dados pessoais , mas também informações estratégicas de organizações inteiras .
mas	CCONJ	0	4	32	A conscientização dos usuários é tão importante quanto a tecnologia empregada , pois um simples clique em um link suspeito pode abrir portas para invasores , comprometendo não apenas dados pessoais , mas também informações estratégicas de organizações inteiras .
também	ADV	0	4	33	A conscientização dos usuários é tão importante quanto a tecnologia empregada , pois um simples clique em um link suspeito pode abrir portas para invasores , comprometendo não apenas dados pessoais , mas também informações estratégicas de organizações inteiras .
informações	NOUN	0	4	34	A conscientização dos usuários é tão importante quanto a tecnologia empregada , pois um simples clique em um link suspeito pode abrir portas para invasores , comprometendo não apenas dados pessoais , mas também informações estratégicas de organizações inteiras .
estratégicas	ADJ	1	4	35	A conscientização dos usuários é tão importante quanto a tecnologia empregada , pois um simples clique em um link suspeito pode abrir portas para invasores , comprometendo não apenas dados pessoais , mas também informações estratégicas de organizações inteiras .
de	ADP	0	4	36	A conscientização dos usuários é tão importante quanto a tecnologia empregada , pois um simples clique em um link suspeito pode abrir portas para invasores , comprometendo não apenas dados pessoais , mas também informações estratégicas de organizações inteiras .
organizações	NOUN	0	4	37	A conscientização dos usuários é tão importante quanto a tecnologia empregada , pois um simples clique em um link suspeito pode abrir portas para invasores , comprometendo não apenas dados pessoais , mas também informações estratégicas de organizações inteiras .
inteiras	ADJ	1	4	38	A conscientização dos usuários é tão importante quanto a tecnologia empregada , pois um simples clique em um link suspeito pode abrir portas para invasores , comprometendo não apenas dados pessoais , mas também informações estratégicas de organizações inteiras .
.	PUNCT	0	4	39	A conscientização dos usuários é tão importante quanto a tecnologia empregada , pois um simples clique em um link suspeito pode abrir portas para invasores , comprometendo não apenas dados pessoais , mas também informações estratégicas de organizações inteiras .
A	DET	0	5	0	A educação digital deve ser vista como prioridade , ensinando práticas seguras como a criação de senhas fortes , uso de autenticação em dois fatores , atualização constante de softwares e desconfiança diante de mensagens ou ofertas aparentemente milagrosas .
educação	NOUN	0	5	1	A educação digital deve ser vista como prioridade , ensinando práticas seguras como a criação de senhas fortes , uso de autenticação em dois fatores , atualização constante de softwares e desconfiança diante de mensagens ou ofertas aparentemente milagrosas .
digital	ADJ	0	5	2	A educação digital deve ser vista como prioridade , ensinando práticas seguras como a criação de senhas fortes , uso de autenticação em dois fatores , atualização constante de softwares e desconfiança diante de mensagens ou ofertas aparentemente milagrosas .
deve	VERB	0	5	3	A educação digital deve ser vista como prioridade , ensinando práticas seguras como a criação de senhas fortes , uso de autenticação em dois fatores , atualização constante de softwares e desconfiança diante de mensagens ou ofertas aparentemente milagrosas .
ser	AUX	0	5	4	A educação digital deve ser vista como prioridade , ensinando práticas seguras como a criação de senhas fortes , uso de autenticação em dois fatores , atualização constante de softwares e desconfiança diante de mensagens ou ofertas aparentemente milagrosas .
vista	VERB	0	5	5	A educação digital deve ser vista como prioridade , ensinando práticas seguras como a criação de senhas fortes , uso de autenticação em dois fatores , atualização constante de softwares e desconfiança diante de mensagens ou ofertas aparentemente milagrosas .
como	ADP	0	5	6	A educação digital deve ser vista como prioridade , ensinando práticas seguras como a criação de senhas fortes , uso de autenticação em dois fatores , atualização constante de softwares e desconfiança diante de mensagens ou ofertas aparentemente milagrosas .
prioridade	NOUN	0	5	7	A educação digital deve ser vista como prioridade , ensinando práticas seguras como a criação de senhas fortes , uso de autenticação em dois fatores , atualização constante de softwares e desconfiança diante de mensagens ou ofertas aparentemente milagrosas .
,	PUNCT	0	5	8	A educação digital deve ser vista como prioridade , ensinando práticas seguras como a criação de senhas fortes , uso de autenticação em dois fatores , atualização constante de softwares e desconfiança diante de mensagens ou ofertas aparentemente milagrosas .
ensinando	VERB	1	5	9	A educação digital deve ser vista como prioridade , ensinando práticas seguras como a criação de senhas fortes , uso de autenticação em dois fatores , atualização constante de softwares e desconfiança diante de mensagens ou ofertas aparentemente milagrosas .
práticas	NOUN	0	5	10	A educação digital deve ser vista como prioridade , ensinando práticas seguras como a criação de senhas fortes , uso de autenticação em dois fatores , atualização constante de softwares e desconfiança diante de mensagens ou ofertas aparentemente milagrosas .
seguras	ADJ	1	5	11	A educação digital deve ser vista como prioridade , ensinando práticas seguras como a criação de senhas fortes , uso de autenticação em dois fatores , atualização constante de softwares e desconfiança diante de mensagens ou ofertas aparentemente milagrosas .
como	ADP	0	5	12	A educação digital deve ser vista como prioridade , ensinando práticas seguras como a criação de senhas fortes , uso de autenticação em dois fatores , atualização constante de softwares e desconfiança diante de mensagens ou ofertas aparentemente milagrosas .
a	DET	0	5	13	A educação digital deve ser vista como prioridade , ensinando práticas seguras como a criação de senhas fortes , uso de autenticação em dois fatores , atualização constante de softwares e desconfiança diante de mensagens ou ofertas aparentemente milagrosas .
criação	NOUN	0	5	14	A educação digital deve ser vista como prioridade , ensinando práticas seguras como a criação de senhas fortes , uso de autenticação em dois fatores , atualização constante de softwares e desconfiança diante de mensagens ou ofertas aparentemente milagrosas .
de	ADP	0	5	15	A educação digital deve ser vista como prioridade , ensinando práticas seguras como a criação de senhas fortes , uso de autenticação em dois fatores , atualização constante de softwares e desconfiança diante de mensagens ou ofertas aparentemente milagrosas .
senhas	NOUN	1	5	16	A educação digital deve ser vista como prioridade , ensinando práticas seguras como a criação de senhas fortes , uso de autenticação em dois fatores , atualização constante de softwares e desconfiança diante de mensagens ou ofertas aparentemente milagrosas .
fortes	ADJ	0	5	17	A educação digital deve ser vista como prioridade , ensinando práticas seguras como a criação de senhas fortes , uso de autenticação em dois fatores , atualização constante de softwares e desconfiança diante de mensagens ou ofertas aparentemente milagrosas .
,	PUNCT	0	5	18	A educação digital deve ser vista como prioridade , ensinando práticas seguras como a criação de senhas fortes , uso de autenticação em dois fatores , atualização constante de softwares e desconfiança diante de mensagens ou ofertas aparentemente milagrosas .
uso	NOUN	0	5	19	A educação digital deve ser vista como prioridade , ensinando práticas seguras como a criação de senhas fortes , uso de autenticação em dois fatores , atualização constante de softwares e desconfiança diante de mensagens ou ofertas aparentemente milagrosas .
de	ADP	0	5	20	A educação digital deve ser vista como prioridade , ensinando práticas seguras como a criação de senhas fortes , uso de autenticação em dois fatores , atualização constante de softwares e desconfiança diante de mensagens ou ofertas aparentemente milagrosas .
autenticação	NOUN	1	5	21	A educação digital deve ser vista como prioridade , ensinando práticas seguras como a criação de senhas fortes , uso de autenticação em dois fatores , atualização constante de softwares e desconfiança diante de mensagens ou ofertas aparentemente milagrosas .
em	ADP	0	5	22	A educação digital deve ser vista como prioridade , ensinando práticas seguras como a criação de senhas fortes , uso de autenticação em dois fatores , atualização constante de softwares e desconfiança diante de mensagens ou ofertas aparentemente milagrosas .
dois	NUM	0	5	23	A educação digital deve ser vista como prioridade , ensinando práticas seguras como a criação de senhas fortes , uso de autenticação em dois fatores , atualização constante de softwares e desconfiança diante de mensagens ou ofertas aparentemente milagrosas .
fatores	NOUN	0	5	24	A educação digital deve ser vista como prioridade , ensinando práticas seguras como a criação de senhas fortes , uso de autenticação em dois fatores , atualização constante de softwares e desconfiança diante de mensagens ou ofertas aparentemente milagrosas .
,	PUNCT	0	5	25	A educação digital deve ser vista como prioridade , ensinando práticas seguras como a criação de senhas fortes , uso de autenticação em dois fatores , atualização constante de softwares e desconfiança diante de mensagens ou ofertas aparentemente milagrosas .
atualização	NOUN	0	5	26	A educação digital deve ser vista como prioridade , ensinando práticas seguras como a criação de senhas fortes , uso de autenticação em dois fatores , atualização constante de softwares e desconfiança diante de mensagens ou ofertas aparentemente milagrosas .
constante	ADJ	0	5	27	A educação digital deve ser vista como prioridade , ensinando práticas seguras como a criação de senhas fortes , uso de autenticação em dois fatores , atualização constante de softwares e desconfiança diante de mensagens ou ofertas aparentemente milagrosas .
de	ADP	0	5	28	A educação digital deve ser vista como prioridade , ensinando práticas seguras como a criação de senhas fortes , uso de autenticação em dois fatores , atualização constante de softwares e desconfiança diante de mensagens ou ofertas aparentemente milagrosas .
softwares	NOUN	0	5	29	A educação digital deve ser vista como prioridade , ensinando práticas seguras como a criação de senhas fortes , uso de autenticação em dois fatores , atualização constante de softwares e desconfiança diante de mensagens ou ofertas aparentemente milagrosas .
e	CCONJ	0	5	30	A educação digital deve ser vista como prioridade , ensinando práticas seguras como a criação de senhas fortes , uso de autenticação em dois fatores , atualização constante de softwares e desconfiança diante de mensagens ou ofertas aparentemente milagrosas .
desconfiança	NOUN	1	5	31	A educação digital deve ser vista como prioridade , ensinando práticas seguras como a criação de senhas fortes , uso de autenticação em dois fatores , atualização constante de softwares e desconfiança diante de mensagens ou ofertas aparentemente milagrosas .
diante	ADV	0	5	32	A educação digital deve ser vista como prioridade , ensinando práticas seguras como a criação de senhas fortes , uso de autenticação em dois fatores , atualização constante de softwares e desconfiança diante de mensagens ou ofertas aparentemente milagrosas .
de	ADP	0	5	33	A educação digital deve ser vista como prioridade , ensinando práticas seguras como a criação de senhas fortes , uso de autenticação em dois fatores , atualização constante de softwares e desconfiança diante de mensagens ou ofertas aparentemente milagrosas .
mensagens	NOUN	0	5	34	A educação digital deve ser vista como prioridade , ensinando práticas seguras como a criação de senhas fortes , uso de autenticação em dois fatores , atualização constante de softwares e desconfiança diante de mensagens ou ofertas aparentemente milagrosas .
ou	CCONJ	0	5	35	A educação digital deve ser vista como prioridade , ensinando práticas seguras como a criação de senhas fortes , uso de autenticação em dois fatores , atualização constante de softwares e desconfiança diante de mensagens ou ofertas aparentemente milagrosas .
ofertas	NOUN	1	5	36	A educação digital deve ser vista como prioridade , ensinando práticas seguras como a criação de senhas fortes , uso de autenticação em dois fatores , atualização constante de softwares e desconfiança diante de mensagens ou ofertas aparentemente milagrosas .
aparentemente	ADV	0	5	37	A educação digital deve ser vista como prioridade , ensinando práticas seguras como a criação de senhas fortes , uso de autenticação em dois fatores , atualização constante de softwares e desconfiança diante de mensagens ou ofertas aparentemente milagrosas .
milagrosas	ADJ	1	5	38	A educação digital deve ser vista como prioridade , ensinando práticas seguras como a criação de senhas fortes , uso de autenticação em dois fatores , atualização constante de softwares e desconfiança diante de mensagens ou ofertas aparentemente milagrosas .
.	PUNCT	0	5	39	A educação digital deve ser vista como prioridade , ensinando práticas seguras como a criação de senhas fortes , uso de autenticação em dois fatores , atualização constante de softwares e desconfiança diante de mensagens ou ofertas aparentemente milagrosas .
Governos	NOUN	1	6	0	Governos desempenham papel essencial na proteção de dados , criando legislações como a LGPD no Brasil e o GDPR na União Europeia , que estabelecem regras claras para o tratamento responsável das informações pessoais e corporativas .
desempenham	VERB	1	6	1	Governos desempenham papel essencial na proteção de dados , criando legislações como a LGPD no Brasil e o GDPR na União Europeia , que estabelecem regras claras para o tratamento responsável das informações pessoais e corporativas .
papel	NOUN	0	6	2	Governos desempenham papel essencial na proteção de dados , criando legislações como a LGPD no Brasil e o GDPR na União Europeia , que estabelecem regras claras para o tratamento responsável das informações pessoais e corporativas .
essencial	ADJ	0	6	3	Governos desempenham papel essencial na proteção de dados , criando legislações como a LGPD no Brasil e o GDPR na União Europeia , que estabelecem regras claras para o tratamento responsável das informações pessoais e corporativas .
na	ADP	0	6	4	Governos desempenham papel essencial na proteção de dados , criando legislações como a LGPD no Brasil e o GDPR na União Europeia , que estabelecem regras claras para o tratamento responsável das informações pessoais e corporativas .
proteção	NOUN	0	6	5	Governos desempenham papel essencial na proteção de dados , criando legislações como a LGPD no Brasil e o GDPR na União Europeia , que estabelecem regras claras para o tratamento responsável das informações pessoais e corporativas .
de	ADP	0	6	6	Governos desempenham papel essencial na proteção de dados , criando legislações como a LGPD no Brasil e o GDPR na União Europeia , que estabelecem regras claras para o tratamento responsável das informações pessoais e corporativas .
dados	NOUN	0	6	7	Governos desempenham papel essencial na proteção de dados , criando legislações como a LGPD no Brasil e o GDPR na União Europeia , que estabelecem regras claras para o tratamento responsável das informações pessoais e corporativas .
,	PUNCT	0	6	8	Governos desempenham papel essencial na proteção de dados , criando legislações como a LGPD no Brasil e o GDPR na União Europeia , que estabelecem regras claras para o tratamento responsável das informações pessoais e corporativas .
criando	VERB	0	6	9	Governos desempenham papel essencial na proteção de dados , criando legislações como a LGPD no Brasil e o GDPR na União Europeia , que estabelecem regras claras para o tratamento responsável das informações pessoais e corporativas .
legislações	NOUN	1	6	10	Governos desempenham papel essencial na proteção de dados , criando legislações como a LGPD no Brasil e o GDPR na União Europeia , que estabelecem regras claras para o tratamento responsável das informações pessoais e corporativas .
como	ADP	0	6	11	Governos desempenham papel essencial na proteção de dados , criando legislações como a LGPD no Brasil e o GDPR na União Europeia , que estabelecem regras claras para o tratamento responsável das informações pessoais e corporativas .
a	DET	0	6	12	Governos desempenham papel essencial na proteção de dados , criando legislações como a LGPD no Brasil e o GDPR na União Europeia , que estabelecem regras claras para o tratamento responsável das informações pessoais e corporativas .
LGPD	PROPN	1	6	13	Governos desempenham papel essencial na proteção de dados , criando legislações como a LGPD no Brasil e o GDPR na União Europeia , que estabelecem regras claras para o tratamento responsável das informações pessoais e corporativas .
no	ADP	0	6	14	Governos desempenham papel essencial na proteção de dados , criando legislações como a LGPD no Brasil e o GDPR na União Europeia , que estabelecem regras claras para o tratamento responsável das informações pessoais e corporativas .
Brasil	PROPN	0	6	15	Governos desempenham papel essencial na proteção de dados , criando legislações como a LGPD no Brasil e o GDPR na União Europeia , que estabelecem regras claras para o tratamento responsável das informações pessoais e corporativas .
e	CCONJ	0	6	16	Governos desempenham papel essencial na proteção de dados , criando legislações como a LGPD no Brasil e o GDPR na União Europeia , que estabelecem regras claras para o tratamento responsável das informações pessoais e corporativas .
o	DET	0	6	17	Governos desempenham papel essencial na proteção de dados , criando legislações como a LGPD no Brasil e o GDPR na União Europeia , que estabelecem regras claras para o tratamento responsável das informações pessoais e corporativas .
GDPR	PROPN	1	6	18	Governos desempenham papel essencial na proteção de dados , criando legislações como a LGPD no Brasil e o GDPR na União Europeia , que estabelecem regras claras para o tratamento responsável das informações pessoais e corporativas .
na	ADP	0	6	19	Governos desempenham papel essencial na proteção de dados , criando legislações como a LGPD no Brasil e o GDPR na União Europeia , que estabelecem regras claras para o tratamento responsável das informações pessoais e corporativas .
União	PROPN	0	6	20	Governos desempenham papel essencial na proteção de dados , criando legislações como a LGPD no Brasil e o GDPR na União Europeia , que estabelecem regras claras para o tratamento responsável das informações pessoais e corporativas .
Europeia	PROPN	0	6	21	Governos desempenham papel essencial na proteção de dados , criando legislações como a LGPD no Brasil e o GDPR na União Europeia , que estabelecem regras claras para o tratamento responsável das informações pessoais e corporativas .
,	PUNCT	0	6	22	Governos desempenham papel essencial na proteção de dados , criando legislações como a LGPD no Brasil e o GDPR na União Europeia , que estabelecem regras claras para o tratamento responsável das informações pessoais e corporativas .
que	PRON	0	6	23	Governos desempenham papel essencial na proteção de dados , criando legislações como a LGPD no Brasil e o GDPR na União Europeia , que estabelecem regras claras para o tratamento responsável das informações pessoais e corporativas .
estabelecem	VERB	1	6	24	Governos desempenham papel essencial na proteção de dados , criando legislações como a LGPD no Brasil e o GDPR na União Europeia , que estabelecem regras claras para o tratamento responsável das informações pessoais e corporativas .
regras	NOUN	0	6	25	Governos desempenham papel essencial na proteção de dados , criando legislações como a LGPD no Brasil e o GDPR na União Europeia , que estabelecem regras claras para o tratamento responsável das informações pessoais e corporativas .
claras	ADJ	0	6	26	Governos desempenham papel essencial na proteção de dados , criando legislações como a LGPD no Brasil e o GDPR na União Europeia , que estabelecem regras claras para o tratamento responsável das informações pessoais e corporativas .
para	ADP	0	6	27	Governos desempenham papel essencial na proteção de dados , criando legislações como a LGPD no Brasil e o GDPR na União Europeia , que estabelecem regras claras para o tratamento responsável das informações pessoais e corporativas .
o	DET	0	6	28	Governos desempenham papel essencial na proteção de dados , criando legislações como a LGPD no Brasil e o GDPR na União Europeia , que estabelecem regras claras para o tratamento responsável das informações pessoais e corporativas .
tratamento	NOUN	0	6	29	Governos desempenham papel essencial na proteção de dados , criando legislações como a LGPD no Brasil e o GDPR na União Europeia , que estabelecem regras claras para o tratamento responsável das informações pessoais e corporativas .
responsável	ADJ	0	6	30	Governos desempenham papel essencial na proteção de dados , criando legislações como a LGPD no Brasil e o GDPR na União Europeia , que estabelecem regras claras para o tratamento responsável das informações pessoais e corporativas .
das	ADP	0	6	31	Governos desempenham papel essencial na proteção de dados , criando legislações como a LGPD no Brasil e o GDPR na União Europeia , que estabelecem regras claras para o tratamento responsável das informações pessoais e corporativas .
informações	NOUN	0	6	32	Governos desempenham papel essencial na proteção de dados , criando legislações como a LGPD no Brasil e o GDPR na União Europeia , que estabelecem regras claras para o tratamento responsável das informações pessoais e corporativas .
pessoais	ADJ	0	6	33	Governos desempenham papel essencial na proteção de dados , criando legislações como a LGPD no Brasil e o GDPR na União Europeia , que estabelecem regras claras para o tratamento responsável das informações pessoais e corporativas .
e	CCONJ	0	6	34	Governos desempenham papel essencial na proteção de dados , criando legislações como a LGPD no Brasil e o GDPR na União Europeia , que estabelecem regras claras para o tratamento responsável das informações pessoais e corporativas .
corporativas	ADJ	1	6	35	Governos desempenham papel essencial na proteção de dados , criando legislações como a LGPD no Brasil e o GDPR na União Europeia , que estabelecem regras claras para o tratamento responsável das informações pessoais e corporativas .
.	PUNCT	0	6	36	Governos desempenham papel essencial na proteção de dados , criando legislações como a LGPD no Brasil e o GDPR na União Europeia , que estabelecem regras claras para o tratamento responsável das informações pessoais e corporativas .
Essas	DET	0	7	0	Essas leis obrigam empresas a adotarem medidas de segurança robustas , garantindo transparência no uso de dados e responsabilizando organizações que não cumpram requisitos mínimos de proteção , fortalecendo a confiança dos cidadãos no ambiente digital .
leis	NOUN	0	7	1	Essas leis obrigam empresas a adotarem medidas de segurança robustas , garantindo transparência no uso de dados e responsabilizando organizações que não cumpram requisitos mínimos de proteção , fortalecendo a confiança dos cidadãos no ambiente digital .
obrigam	VERB	1	7	2	Essas leis obrigam empresas a adotarem medidas de segurança robustas , garantindo transparência no uso de dados e responsabilizando organizações que não cumpram requisitos mínimos de proteção , fortalecendo a confiança dos cidadãos no ambiente digital .
empresas	NOUN	0	7	3	Essas leis obrigam empresas a adotarem medidas de segurança robustas , garantindo transparência no uso de dados e responsabilizando organizações que não cumpram requisitos mínimos de proteção , fortalecendo a confiança dos cidadãos no ambiente digital .
a	SCONJ	0	7	4	Essas leis obrigam empresas a adotarem medidas de segurança robustas , garantindo transparência no uso de dados e responsabilizando organizações que não cumpram requisitos mínimos de proteção , fortalecendo a confiança dos cidadãos no ambiente digital .
adotarem	VERB	1	7	5	Essas leis obrigam empresas a adotarem medidas de segurança robustas , garantindo transparência no uso de dados e responsabilizando organizações que não cumpram requisitos mínimos de proteção , fortalecendo a confiança dos cidadãos no ambiente digital .
medidas	NOUN	0	7	6	Essas leis obrigam empresas a adotarem medidas de segurança robustas , garantindo transparência no uso de dados e responsabilizando organizações que não cumpram requisitos mínimos de proteção , fortalecendo a confiança dos cidadãos no ambiente digital .
de	ADP	0	7	7	Essas leis obrigam empresas a adotarem medidas de segurança robustas , garantindo transparência no uso de dados e responsabilizando organizações que não cumpram requisitos mínimos de proteção , fortalecendo a confiança dos cidadãos no ambiente digital .
segurança	NOUN	0	7	8	Essas leis obrigam empresas a adotarem medidas de segurança robustas , garantindo transparência no uso de dados e responsabilizando organizações que não cumpram requisitos mínimos de proteção , fortalecendo a confiança dos cidadãos no ambiente digital .
robustas	ADJ	1	7	9	Essas leis obrigam empresas a adotarem medidas de segurança robustas , garantindo transparência no uso de dados e responsabilizando organizações que não cumpram requisitos mínimos de proteção , fortalecendo a confiança dos cidadãos no ambiente digital .
,	PUNCT	0	7	10	Essas leis obrigam empresas a adotarem medidas de segurança robustas , garantindo transparência no uso de dados e responsabilizando organizações que não cumpram requisitos mínimos de proteção , fortalecendo a confiança dos cidadãos no ambiente digital .
garantindo	VERB	0	7	11	Essas leis obrigam empresas a adotarem medidas de segurança robustas , garantindo transparência no uso de dados e responsabilizando organizações que não cumpram requisitos mínimos de proteção , fortalecendo a confiança dos cidadãos no ambiente digital .
transparência	NOUN	1	7	12	Essas leis obrigam empresas a adotarem medidas de segurança robustas , garantindo transparência no uso de dados e responsabilizando organizações que não cumpram requisitos mínimos de proteção , fortalecendo a confiança dos cidadãos no ambiente digital .
no	ADP	0	7	13	Essas leis obrigam empresas a adotarem medidas de segurança robustas , garantindo transparência no uso de dados e responsabilizando organizações que não cumpram requisitos mínimos de proteção , fortalecendo a confiança dos cidadãos no ambiente digital .
uso	NOUN	0	7	14	Essas leis obrigam empresas a adotarem medidas de segurança robustas , garantindo transparência no uso de dados e responsabilizando organizações que não cumpram requisitos mínimos de proteção , fortalecendo a confiança dos cidadãos no ambiente digital .
de	ADP	0	7	15	Essas leis obrigam empresas a adotarem medidas de segurança robustas , garantindo transparência no uso de dados e responsabilizando organizações que não cumpram requisitos mínimos de proteção , fortalecendo a confiança dos cidadãos no ambiente digital .
dados	NOUN	0	7	16	Essas leis obrigam empresas a adotarem medidas de segurança robustas , garantindo transparência no uso de dados e responsabilizando organizações que não cumpram requisitos mínimos de proteção , fortalecendo a confiança dos cidadãos no ambiente digital .
e	CCONJ	0	7	17	Essas leis obrigam empresas a adotarem medidas de segurança robustas , garantindo transparência no uso de dados e responsabilizando organizações que não cumpram requisitos mínimos de proteção , fortalecendo a confiança dos cidadãos no ambiente digital .
responsabilizando	VERB	1	7	18	Essas leis obrigam empresas a adotarem medidas de segurança robustas , garantindo transparência no uso de dados e responsabilizando organizações que não cumpram requisitos mínimos de proteção , fortalecendo a confiança dos cidadãos no ambiente digital .
organizações	NOUN	0	7	19	Essas leis obrigam empresas a adotarem medidas de segurança robustas , garantindo transparência no uso de dados e responsabilizando organizações que não cumpram requisitos mínimos de proteção , fortalecendo a confiança dos cidadãos no ambiente digital .
que	PRON	0	7	20	Essas leis obrigam empresas a adotarem medidas de segurança robustas , garantindo transparência no uso de dados e responsabilizando organizações que não cumpram requisitos mínimos de proteção , fortalecendo a confiança dos cidadãos no ambiente digital .
não	ADV	0	7	21	Essas leis obrigam empresas a adotarem medidas de segurança robustas , garantindo transparência no uso de dados e responsabilizando organizações que não cumpram requisitos mínimos de proteção , fortalecendo a confiança dos cidadãos no ambiente digital .
cumpram	VERB	1	7	22	Essas leis obrigam empresas a adotarem medidas de segurança robustas , garantindo transparência no uso de dados e responsabilizando organizações que não cumpram requisitos mínimos de proteção , fortalecendo a confiança dos cidadãos no ambiente digital .
requisitos	NOUN	0	7	23	Essas leis obrigam empresas a adotarem medidas de segurança robustas , garantindo transparência no uso de dados e responsabilizando organizações que não cumpram requisitos mínimos de proteção , fortalecendo a confiança dos cidadãos no ambiente digital .
mínimos	ADJ	0	7	24	Essas leis obrigam empresas a adotarem medidas de segurança robustas , garantindo transparência no uso de dados e responsabilizando organizações que não cumpram requisitos mínimos de proteção , fortalecendo a confiança dos cidadãos no ambiente digital .
de	ADP	0	7	25	Essas leis obrigam empresas a adotarem medidas de segurança robustas , garantindo transparência no uso de dados e responsabilizando organizações que não cumpram requisitos mínimos de proteção , fortalecendo a confiança dos cidadãos no ambiente digital .
proteção	NOUN	0	7	26	Essas leis obrigam empresas a adotarem medidas de segurança robustas , garantindo transparência no uso de dados e responsabilizando organizações que não cumpram requisitos mínimos de proteção , fortalecendo a confiança dos cidadãos no ambiente digital .
,	PUNCT	0	7	27	Essas leis obrigam empresas a adotarem medidas de segurança robustas , garantindo transparência no uso de dados e responsabilizando organizações que não cumpram requisitos mínimos de proteção , fortalecendo a confiança dos cidadãos no ambiente digital .
fortalecendo	VERB	1	7	28	Essas leis obrigam empresas a adotarem medidas de segurança robustas , garantindo transparência no uso de dados e responsabilizando organizações que não cumpram requisitos mínimos de proteção , fortalecendo a confiança dos cidadãos no ambiente digital .
a	DET	0	7	29	Essas leis obrigam empresas a adotarem medidas de segurança robustas , garantindo transparência no uso de dados e responsabilizando organizações que não cumpram requisitos mínimos de proteção , fortalecendo a confiança dos cidadãos no ambiente digital .
confiança	NOUN	0	7	30	Essas leis obrigam empresas a adotarem medidas de segurança robustas , garantindo transparência no uso de dados e responsabilizando organizações que não cumpram requisitos mínimos de proteção , fortalecendo a confiança dos cidadãos no ambiente digital .
dos	ADP	0	7	31	Essas leis obrigam empresas a adotarem medidas de segurança robustas , garantindo transparência no uso de dados e responsabilizando organizações que não cumpram requisitos mínimos de proteção , fortalecendo a confiança dos cidadãos no ambiente digital .
cidadãos	NOUN	0	7	32	Essas leis obrigam empresas a adotarem medidas de segurança robustas , garantindo transparência no uso de dados e responsabilizando organizações que não cumpram requisitos mínimos de proteção , fortalecendo a confiança dos cidadãos no ambiente digital .
no	ADP	0	7	33	Essas leis obrigam empresas a adotarem medidas de segurança robustas , garantindo transparência no uso de dados e responsabilizando organizações que não cumpram requisitos mínimos de proteção , fortalecendo a confiança dos cidadãos no ambiente digital .
ambiente	NOUN	0	7	34	Essas leis obrigam empresas a adotarem medidas de segurança robustas , garantindo transparência no uso de dados e responsabilizando organizações que não cumpram requisitos mínimos de proteção , fortalecendo a confiança dos cidadãos no ambiente digital .
digital	ADJ	0	7	35	Essas leis obrigam empresas a adotarem medidas de segurança robustas , garantindo transparência no uso de dados e responsabilizando organizações que não cumpram requisitos mínimos de proteção , fortalecendo a confiança dos cidadãos no ambiente digital .
.	PUNCT	0	7	36	Essas leis obrigam empresas a adotarem medidas de segurança robustas , garantindo transparência no uso de dados e responsabilizando organizações que não cumpram requisitos mínimos de proteção , fortalecendo a confiança dos cidadãos no ambiente digital .
A	DET	0	8	0	A cibersegurança nacional também é uma preocupação crescente , pois ataques direcionados a infraestruturas críticas , como energia , saúde e transporte , podem gerar crises de grandes proporções , afetando diretamente a vida de milhões de pessoas .
cibersegurança	NOUN	1	8	1	A cibersegurança nacional também é uma preocupação crescente , pois ataques direcionados a infraestruturas críticas , como energia , saúde e transporte , podem gerar crises de grandes proporções , afetando diretamente a vida de milhões de pessoas .
nacional	ADJ	0	8	2	A cibersegurança nacional também é uma preocupação crescente , pois ataques direcionados a infraestruturas críticas , como energia , saúde e transporte , podem gerar crises de grandes proporções , afetando diretamente a vida de milhões de pessoas .
também	ADV	0	8	3	A cibersegurança nacional também é uma preocupação crescente , pois ataques direcionados a infraestruturas críticas , como energia , saúde e transporte , podem gerar crises de grandes proporções , afetando diretamente a vida de milhões de pessoas .
é	AUX	0	8	4	A cibersegurança nacional também é uma preocupação crescente , pois ataques direcionados a infraestruturas críticas , como energia , saúde e transporte , podem gerar crises de grandes proporções , afetando diretamente a vida de milhões de pessoas .
uma	DET	0	8	5	A cibersegurança nacional também é uma preocupação crescente , pois ataques direcionados a infraestruturas críticas , como energia , saúde e transporte , podem gerar crises de grandes proporções , afetando diretamente a vida de milhões de pessoas .
preocupação	NOUN	0	8	6	A cibersegurança nacional também é uma preocupação crescente , pois ataques direcionados a infraestruturas críticas , como energia , saúde e transporte , podem gerar crises de grandes proporções , afetando diretamente a vida de milhões de pessoas .
crescente	ADJ	0	8	7	A cibersegurança nacional também é uma preocupação crescente , pois ataques direcionados a infraestruturas críticas , como energia , saúde e transporte , podem gerar crises de grandes proporções , afetando diretamente a vida de milhões de pessoas .
,	PUNCT	0	8	8	A cibersegurança nacional também é uma preocupação crescente , pois ataques direcionados a infraestruturas críticas , como energia , saúde e transporte , podem gerar crises de grandes proporções , afetando diretamente a vida de milhões de pessoas .
pois	SCONJ	0	8	9	A cibersegurança nacional também é uma preocupação crescente , pois ataques direcionados a infraestruturas críticas , como energia , saúde e transporte , podem gerar crises de grandes proporções , afetando diretamente a vida de milhões de pessoas .
ataques	NOUN	0	8	10	A cibersegurança nacional também é uma preocupação crescente , pois ataques direcionados a infraestruturas críticas , como energia , saúde e transporte , podem gerar crises de grandes proporções , afetando diretamente a vida de milhões de pessoas .
direcionados	VERB	1	8	11	A cibersegurança nacional também é uma preocupação crescente , pois ataques direcionados a infraestruturas críticas , como energia , saúde e transporte , podem gerar crises de grandes proporções , afetando diretamente a vida de milhões de pessoas .
a	ADP	0	8	12	A cibersegurança nacional também é uma preocupação crescente , pois ataques direcionados a infraestruturas críticas , como energia , saúde e transporte , podem gerar crises de grandes proporções , afetando diretamente a vida de milhões de pessoas .
infraestruturas	NOUN	1	8	13	A cibersegurança nacional também é uma preocupação crescente , pois ataques direcionados a infraestruturas críticas , como energia , saúde e transporte , podem gerar crises de grandes proporções , afetando diretamente a vida de milhões de pessoas .
críticas	ADJ	0	8	14	A cibersegurança nacional também é uma preocupação crescente , pois ataques direcionados a infraestruturas críticas , como energia , saúde e transporte , podem gerar crises de grandes proporções , afetando diretamente a vida de milhões de pessoas .
,	PUNCT	0	8	15	A cibersegurança nacional também é uma preocupação crescente , pois ataques direcionados a infraestruturas críticas , como energia , saúde e transporte , podem gerar crises de grandes proporções , afetando diretamente a vida de milhões de pessoas .
como	ADP	0	8	16	A cibersegurança nacional também é uma preocupação crescente , pois ataques direcionados a infraestruturas críticas , como energia , saúde e transporte , podem gerar crises de grandes proporções , afetando diretamente a vida de milhões de pessoas .
energia	NOUN	0	8	17	A cibersegurança nacional também é uma preocupação crescente , pois ataques direcionados a infraestruturas críticas , como energia , saúde e transporte , podem gerar crises de grandes proporções , afetando diretamente a vida de milhões de pessoas .
,	PUNCT	0	8	18	A cibersegurança nacional também é uma preocupação crescente , pois ataques direcionados a infraestruturas críticas , como energia , saúde e transporte , podem gerar crises de grandes proporções , afetando diretamente a vida de milhões de pessoas .
saúde	NOUN	0	8	19	A cibersegurança nacional também é uma preocupação crescente , pois ataques direcionados a infraestruturas críticas , como energia , saúde e transporte , podem gerar crises de grandes proporções , afetando diretamente a vida de milhões de pessoas .
e	CCONJ	0	8	20	A cibersegurança nacional também é uma preocupação crescente , pois ataques direcionados a infraestruturas críticas , como energia , saúde e transporte , podem gerar crises de grandes proporções , afetando diretamente a vida de milhões de pessoas .
transporte	NOUN	0	8	21	A cibersegurança nacional também é uma preocupação crescente , pois ataques direcionados a infraestruturas críticas , como energia , saúde e transporte , podem gerar crises de grandes proporções , afetando diretamente a vida de milhões de pessoas .
,	PUNCT	0	8	22	A cibersegurança nacional também é uma preocupação crescente , pois ataques direcionados a infraestruturas críticas , como energia , saúde e transporte , podem gerar crises de grandes proporções , afetando diretamente a vida de milhões de pessoas .
podem	VERB	0	8	23	A cibersegurança nacional também é uma preocupação crescente , pois ataques direcionados a infraestruturas críticas , como energia , saúde e transporte , podem gerar crises de grandes proporções , afetando diretamente a vida de milhões de pessoas .
gerar	VERB	0	8	24	A cibersegurança nacional também é uma preocupação crescente , pois ataques direcionados a infraestruturas críticas , como energia , saúde e transporte , podem gerar crises de grandes proporções , afetando diretamente a vida de milhões de pessoas .
crises	NOUN	0	8	25	A cibersegurança nacional também é uma preocupação crescente , pois ataques direcionados a infraestruturas críticas , como energia , saúde e transporte , podem gerar crises de grandes proporções , afetando diretamente a vida de milhões de pessoas .
de	ADP	0	8	26	A cibersegurança nacional também é uma preocupação crescente , pois ataques direcionados a infraestruturas críticas , como energia , saúde e transporte , podem gerar crises de grandes proporções , afetando diretamente a vida de milhões de pessoas .
grandes	ADJ	0	8	27	A cibersegurança nacional também é uma preocupação crescente , pois ataques direcionados a infraestruturas críticas , como energia , saúde e transporte , podem gerar crises de grandes proporções , afetando diretamente a vida de milhões de pessoas .
proporções	NOUN	0	8	28	A cibersegurança nacional também é uma preocupação crescente , pois ataques direcionados a infraestruturas críticas , como energia , saúde e transporte , podem gerar crises de grandes proporções , afetando diretamente a vida de milhões de pessoas .
,	PUNCT	0	8	29	A cibersegurança nacional também é uma preocupação crescente , pois ataques direcionados a infraestruturas críticas , como energia , saúde e transporte , podem gerar crises de grandes proporções , afetando diretamente a vida de milhões de pessoas .
afetando	VERB	1	8	30	A cibersegurança nacional também é uma preocupação crescente , pois ataques direcionados a infraestruturas críticas , como energia , saúde e transporte , podem gerar crises de grandes proporções , afetando diretamente a vida de milhões de pessoas .
diretamente	ADV	0	8	31	A cibersegurança nacional também é uma preocupação crescente , pois ataques direcionados a infraestruturas críticas , como energia , saúde e transporte , podem gerar crises de grandes proporções , afetando diretamente a vida de milhões de pessoas .
a	DET	0	8	32	A cibersegurança nacional também é uma preocupação crescente , pois ataques direcionados a infraestruturas críticas , como energia , saúde e transporte , podem gerar crises de grandes proporções , afetando diretamente a vida de milhões de pessoas .
vida	NOUN	0	8	33	A cibersegurança nacional também é uma preocupação crescente , pois ataques direcionados a infraestruturas críticas , como energia , saúde e transporte , podem gerar crises de grandes proporções , afetando diretamente a vida de milhões de pessoas .
de	ADP	0	8	34	A cibersegurança nacional também é uma preocupação crescente , pois ataques direcionados a infraestruturas críticas , como energia , saúde e transporte , podem gerar crises de grandes proporções , afetando diretamente a vida de milhões de pessoas .
milhões	NUM	0	8	35	A cibersegurança nacional também é uma preocupação crescente , pois ataques direcionados a infraestruturas críticas , como energia , saúde e transporte , podem gerar crises de grandes proporções , afetando diretamente a vida de milhões de pessoas .
de	ADP	0	8	36	A cibersegurança nacional também é uma preocupação crescente , pois ataques direcionados a infraestruturas críticas , como energia , saúde e transporte , podem gerar crises de grandes proporções , afetando diretamente a vida de milhões de pessoas .
pessoas	NOUN	0	8	37	A cibersegurança nacional também é uma preocupação crescente , pois ataques direcionados a infraestruturas críticas , como energia , saúde e transporte , podem gerar crises de grandes proporções , afetando diretamente a vida de milhões de pessoas .
.	PUNCT	0	8	38	A cibersegurança nacional também é uma preocupação crescente , pois ataques direcionados a infraestruturas críticas , como energia , saúde e transporte , podem gerar crises de grandes proporções , afetando diretamente a vida de milhões de pessoas .
Por	ADP	0	9	0	Por isso , países investem em centros de defesa digital , cooperação internacional e programas de inteligência capazes de detectar e neutralizar ameaças antes que elas causem danos significativos , fortalecendo a resiliência das nações contra ataques cibernéticos .
isso	PRON	0	9	1	Por isso , países investem em centros de defesa digital , cooperação internacional e programas de inteligência capazes de detectar e neutralizar ameaças antes que elas causem danos significativos , fortalecendo a resiliência das nações contra ataques cibernéticos .
,	PUNCT	0	9	2	Por isso , países investem em centros de defesa digital , cooperação internacional e programas de inteligência capazes de detectar e neutralizar ameaças antes que elas causem danos significativos , fortalecendo a resiliência das nações contra ataques cibernéticos .
países	NOUN	0	9	3	Por isso , países investem em centros de defesa digital , cooperação internacional e programas de inteligência capazes de detectar e neutralizar ameaças antes que elas causem danos significativos , fortalecendo a resiliência das nações contra ataques cibernéticos .
investem	VERB	1	9	4	Por isso , países investem em centros de defesa digital , cooperação internacional e programas de inteligência capazes de detectar e neutralizar ameaças antes que elas causem danos significativos , fortalecendo a resiliência das nações contra ataques cibernéticos .
em	ADP	0	9	5	Por isso , países investem em centros de defesa digital , cooperação internacional e programas de inteligência capazes de detectar e neutralizar ameaças antes que elas causem danos significativos , fortalecendo a resiliência das nações contra ataques cibernéticos .
centros	NOUN	0	9	6	Por isso , países investem em centros de defesa digital , cooperação internacional e programas de inteligência capazes de detectar e neutralizar ameaças antes que elas causem danos significativos , fortalecendo a resiliência das nações contra ataques cibernéticos .
de	ADP	0	9	7	Por isso , países investem em centros de defesa digital , cooperação internacional e programas de inteligência capazes de detectar e neutralizar ameaças antes que elas causem danos significativos , fortalecendo a resiliência das nações contra ataques cibernéticos .
defesa	NOUN	0	9	8	Por isso , países investem em centros de defesa digital , cooperação internacional e programas de inteligência capazes de detectar e neutralizar ameaças antes que elas causem danos significativos , fortalecendo a resiliência das nações contra ataques cibernéticos .
digital	ADJ	0	9	9	Por isso , países investem em centros de defesa digital , cooperação internacional e programas de inteligência capazes de detectar e neutralizar ameaças antes que elas causem danos significativos , fortalecendo a resiliência das nações contra ataques cibernéticos .
,	PUNCT	0	9	10	Por isso , países investem em centros de defesa digital , cooperação internacional e programas de inteligência capazes de detectar e neutralizar ameaças antes que elas causem danos significativos , fortalecendo a resiliência das nações contra ataques cibernéticos .
cooperação	NOUN	0	9	11	Por isso , países investem em centros de defesa digital , cooperação internacional e programas de inteligência capazes de detectar e neutralizar ameaças antes que elas causem danos significativos , fortalecendo a resiliência das nações contra ataques cibernéticos .
internacional	ADJ	0	9	12	Por isso , países investem em centros de defesa digital , cooperação internacional e programas de inteligência capazes de detectar e neutralizar ameaças antes que elas causem danos significativos , fortalecendo a resiliência das nações contra ataques cibernéticos .
e	CCONJ	0	9	13	Por isso , países investem em centros de defesa digital , cooperação internacional e programas de inteligência capazes de detectar e neutralizar ameaças antes que elas causem danos significativos , fortalecendo a resiliência das nações contra ataques cibernéticos .
programas	NOUN	0	9	14	Por isso , países investem em centros de defesa digital , cooperação internacional e programas de inteligência capazes de detectar e neutralizar ameaças antes que elas causem danos significativos , fortalecendo a resiliência das nações contra ataques cibernéticos .
de	ADP	0	9	15	Por isso , países investem em centros de defesa digital , cooperação internacional e programas de inteligência capazes de detectar e neutralizar ameaças antes que elas causem danos significativos , fortalecendo a resiliência das nações contra ataques cibernéticos .
inteligência	NOUN	0	9	16	Por isso , países investem em centros de defesa digital , cooperação internacional e programas de inteligência capazes de detectar e neutralizar ameaças antes que elas causem danos significativos , fortalecendo a resiliência das nações contra ataques cibernéticos .
capazes	ADJ	0	9	17	Por isso , países investem em centros de defesa digital , cooperação internacional e programas de inteligência capazes de detectar e neutralizar ameaças antes que elas causem danos significativos , fortalecendo a resiliência das nações contra ataques cibernéticos .
de	SCONJ	0	9	18	Por isso , países investem em centros de defesa digital , cooperação internacional e programas de inteligência capazes de detectar e neutralizar ameaças antes que elas causem danos significativos , fortalecendo a resiliência das nações contra ataques cibernéticos .
detectar	VERB	0	9	19	Por isso , países investem em centros de defesa digital , cooperação internacional e programas de inteligência capazes de detectar e neutralizar ameaças antes que elas causem danos significativos , fortalecendo a resiliência das nações contra ataques cibernéticos .
e	CCONJ	0	9	20	Por isso , países investem em centros de defesa digital , cooperação internacional e programas de inteligência capazes de detectar e neutralizar ameaças antes que elas causem danos significativos , fortalecendo a resiliência das nações contra ataques cibernéticos .
neutralizar	VERB	1	9	21	Por isso , países investem em centros de defesa digital , cooperação internacional e programas de inteligência capazes de detectar e neutralizar ameaças antes que elas causem danos significativos , fortalecendo a resiliência das nações contra ataques cibernéticos .
ameaças	NOUN	0	9	22	Por isso , países investem em centros de defesa digital , cooperação internacional e programas de inteligência capazes de detectar e neutralizar ameaças antes que elas causem danos significativos , fortalecendo a resiliência das nações contra ataques cibernéticos .
antes	ADV	0	9	23	Por isso , países investem em centros de defesa digital , cooperação internacional e programas de inteligência capazes de detectar e neutralizar ameaças antes que elas causem danos significativos , fortalecendo a resiliência das nações contra ataques cibernéticos .
que	SCONJ	0	9	24	Por isso , países investem em centros de defesa digital , cooperação internacional e programas de inteligência capazes de detectar e neutralizar ameaças antes que elas causem danos significativos , fortalecendo a resiliência das nações contra ataques cibernéticos .
elas	PRON	0	9	25	Por isso , países investem em centros de defesa digital , cooperação internacional e programas de inteligência capazes de detectar e neutralizar ameaças antes que elas causem danos significativos , fortalecendo a resiliência das nações contra ataques cibernéticos .
causem	VERB	1	9	26	Por isso , países investem em centros de defesa digital , cooperação internacional e programas de inteligência capazes de detectar e neutralizar ameaças antes que elas causem danos significativos , fortalecendo a resiliência das nações contra ataques cibernéticos .
danos	NOUN	0	9	27	Por isso , países investem em centros de defesa digital , cooperação internacional e programas de inteligência capazes de detectar e neutralizar ameaças antes que elas causem danos significativos , fortalecendo a resiliência das nações contra ataques cibernéticos .
significativos	ADJ	0	9	28	Por isso , países investem em centros de defesa digital , cooperação internacional e programas de inteligência capazes de detectar e neutralizar ameaças antes que elas causem danos significativos , fortalecendo a resiliência das nações contra ataques cibernéticos .
,	PUNCT	0	9	29	Por isso , países investem em centros de defesa digital , cooperação internacional e programas de inteligência capazes de detectar e neutralizar ameaças antes que elas causem danos significativos , fortalecendo a resiliência das nações contra ataques cibernéticos .
fortalecendo	VERB	1	9	30	Por isso , países investem em centros de defesa digital , cooperação internacional e programas de inteligência capazes de detectar e neutralizar ameaças antes que elas causem danos significativos , fortalecendo a resiliência das nações contra ataques cibernéticos .
a	DET	0	9	31	Por isso , países investem em centros de defesa digital , cooperação internacional e programas de inteligência capazes de detectar e neutralizar ameaças antes que elas causem danos significativos , fortalecendo a resiliência das nações contra ataques cibernéticos .
resiliência	NOUN	1	9	32	Por isso , países investem em centros de defesa digital , cooperação internacional e programas de inteligência capazes de detectar e neutralizar ameaças antes que elas causem danos significativos , fortalecendo a resiliência das nações contra ataques cibernéticos .
das	ADP	0	9	33	Por isso , países investem em centros de defesa digital , cooperação internacional e programas de inteligência capazes de detectar e neutralizar ameaças antes que elas causem danos significativos , fortalecendo a resiliência das nações contra ataques cibernéticos .
nações	NOUN	0	9	34	Por isso , países investem em centros de defesa digital , cooperação internacional e programas de inteligência capazes de detectar e neutralizar ameaças antes que elas causem danos significativos , fortalecendo a resiliência das nações contra ataques cibernéticos .
contra	ADP	0	9	35	Por isso , países investem em centros de defesa digital , cooperação internacional e programas de inteligência capazes de detectar e neutralizar ameaças antes que elas causem danos significativos , fortalecendo a resiliência das nações contra ataques cibernéticos .
ataques	NOUN	0	9	36	Por isso , países investem em centros de defesa digital , cooperação internacional e programas de inteligência capazes de detectar e neutralizar ameaças antes que elas causem danos significativos , fortalecendo a resiliência das nações contra ataques cibernéticos .
cibernéticos	ADJ	1	9	37	Por isso , países investem em centros de defesa digital , cooperação internacional e programas de inteligência capazes de detectar e neutralizar ameaças antes que elas causem danos significativos , fortalecendo a resiliência das nações contra ataques cibernéticos .
.	PUNCT	0	9	38	Por isso , países investem em centros de defesa digital , cooperação internacional e programas de inteligência capazes de detectar e neutralizar ameaças antes que elas causem danos significativos , fortalecendo a resiliência das nações contra ataques cibernéticos .
No	ADP	0	10	0	No âmbito pessoal , cada indivíduo deve assumir responsabilidade pela própria segurança digital , adotando práticas simples , mas eficazes , como manter backups atualizados , evitar redes Wi-Fi públicas sem proteção e desconfiar de links desconhecidos .
âmbito	NOUN	0	10	1	No âmbito pessoal , cada indivíduo deve assumir responsabilidade pela própria segurança digital , adotando práticas simples , mas eficazes , como manter backups atualizados , evitar redes Wi-Fi públicas sem proteção e desconfiar de links desconhecidos .
pessoal	ADJ	0	10	2	No âmbito pessoal , cada indivíduo deve assumir responsabilidade pela própria segurança digital , adotando práticas simples , mas eficazes , como manter backups atualizados , evitar redes Wi-Fi públicas sem proteção e desconfiar de links desconhecidos .
,	PUNCT	0	10	3	No âmbito pessoal , cada indivíduo deve assumir responsabilidade pela própria segurança digital , adotando práticas simples , mas eficazes , como manter backups atualizados , evitar redes Wi-Fi públicas sem proteção e desconfiar de links desconhecidos .
cada	DET	0	10	4	No âmbito pessoal , cada indivíduo deve assumir responsabilidade pela própria segurança digital , adotando práticas simples , mas eficazes , como manter backups atualizados , evitar redes Wi-Fi públicas sem proteção e desconfiar de links desconhecidos .
indivíduo	NOUN	0	10	5	No âmbito pessoal , cada indivíduo deve assumir responsabilidade pela própria segurança digital , adotando práticas simples , mas eficazes , como manter backups atualizados , evitar redes Wi-Fi públicas sem proteção e desconfiar de links desconhecidos .
deve	VERB	0	10	6	No âmbito pessoal , cada indivíduo deve assumir responsabilidade pela própria segurança digital , adotando práticas simples , mas eficazes , como manter backups atualizados , evitar redes Wi-Fi públicas sem proteção e desconfiar de links desconhecidos .
assumir	VERB	0	10	7	No âmbito pessoal , cada indivíduo deve assumir responsabilidade pela própria segurança digital , adotando práticas simples , mas eficazes , como manter backups atualizados , evitar redes Wi-Fi públicas sem proteção e desconfiar de links desconhecidos .
responsabilidade	NOUN	1	10	8	No âmbito pessoal , cada indivíduo deve assumir responsabilidade pela própria segurança digital , adotando práticas simples , mas eficazes , como manter backups atualizados , evitar redes Wi-Fi públicas sem proteção e desconfiar de links desconhecidos .
pela	ADP	0	10	9	No âmbito pessoal , cada indivíduo deve assumir responsabilidade pela própria segurança digital , adotando práticas simples , mas eficazes , como manter backups atualizados , evitar redes Wi-Fi públicas sem proteção e desconfiar de links desconhecidos .
própria	DET	0	10	10	No âmbito pessoal , cada indivíduo deve assumir responsabilidade pela própria segurança digital , adotando práticas simples , mas eficazes , como manter backups atualizados , evitar redes Wi-Fi públicas sem proteção e desconfiar de links desconhecidos .
segurança	NOUN	0	10	11	No âmbito pessoal , cada indivíduo deve assumir responsabilidade pela própria segurança digital , adotando práticas simples , mas eficazes , como manter backups atualizados , evitar redes Wi-Fi públicas sem proteção e desconfiar de links desconhecidos .
digital	ADJ	0	10	12	No âmbito pessoal , cada indivíduo deve assumir responsabilidade pela própria segurança digital , adotando práticas simples , mas eficazes , como manter backups atualizados , evitar redes Wi-Fi públicas sem proteção e desconfiar de links desconhecidos .
,	PUNCT	0	10	13	No âmbito pessoal , cada indivíduo deve assumir responsabilidade pela própria segurança digital , adotando práticas simples , mas eficazes , como manter backups atualizados , evitar redes Wi-Fi públicas sem proteção e desconfiar de links desconhecidos .
adotando	VERB	1	10	14	No âmbito pessoal , cada indivíduo deve assumir responsabilidade pela própria segurança digital , adotando práticas simples , mas eficazes , como manter backups atualizados , evitar redes Wi-Fi públicas sem proteção e desconfiar de links desconhecidos .
práticas	NOUN	0	10	15	No âmbito pessoal , cada indivíduo deve assumir responsabilidade pela própria segurança digital , adotando práticas simples , mas eficazes , como manter backups atualizados , evitar redes Wi-Fi públicas sem proteção e desconfiar de links desconhecidos .
simples	ADJ	0	10	16	No âmbito pessoal , cada indivíduo deve assumir responsabilidade pela própria segurança digital , adotando práticas simples , mas eficazes , como manter backups atualizados , evitar redes Wi-Fi públicas sem proteção e desconfiar de links desconhecidos .
,	PUNCT	0	10	17	No âmbito pessoal , cada indivíduo deve assumir responsabilidade pela própria segurança digital , adotando práticas simples , mas eficazes , como manter backups atualizados , evitar redes Wi-Fi públicas sem proteção e desconfiar de links desconhecidos .
mas	CCONJ	0	10	18	No âmbito pessoal , cada indivíduo deve assumir responsabilidade pela própria segurança digital , adotando práticas simples , mas eficazes , como manter backups atualizados , evitar redes Wi-Fi públicas sem proteção e desconfiar de links desconhecidos .
eficazes	ADJ	1	10	19	No âmbito pessoal , cada indivíduo deve assumir responsabilidade pela própria segurança digital , adotando práticas simples , mas eficazes , como manter backups atualizados , evitar redes Wi-Fi públicas sem proteção e desconfiar de links desconhecidos .
,	PUNCT	0	10	20	No âmbito pessoal , cada indivíduo deve assumir responsabilidade pela própria segurança digital , adotando práticas simples , mas eficazes , como manter backups atualizados , evitar redes Wi-Fi públicas sem proteção e desconfiar de links desconhecidos .
como	SCONJ	0	10	21	No âmbito pessoal , cada indivíduo deve assumir responsabilidade pela própria segurança digital , adotando práticas simples , mas eficazes , como manter backups atualizados , evitar redes Wi-Fi públicas sem proteção e desconfiar de links desconhecidos .
manter	VERB	0	10	22	No âmbito pessoal , cada indivíduo deve assumir responsabilidade pela própria segurança digital , adotando práticas simples , mas eficazes , como manter backups atualizados , evitar redes Wi-Fi públicas sem proteção e desconfiar de links desconhecidos .
backups	NOUN	1	10	23	No âmbito pessoal , cada indivíduo deve assumir responsabilidade pela própria segurança digital , adotando práticas simples , mas eficazes , como manter backups atualizados , evitar redes Wi-Fi públicas sem proteção e desconfiar de links desconhecidos .
atualizados	VERB	1	10	24	No âmbito pessoal , cada indivíduo deve assumir responsabilidade pela própria segurança digital , adotando práticas simples , mas eficazes , como manter backups atualizados , evitar redes Wi-Fi públicas sem proteção e desconfiar de links desconhecidos .
,	PUNCT	0	10	25	No âmbito pessoal , cada indivíduo deve assumir responsabilidade pela própria segurança digital , adotando práticas simples , mas eficazes , como manter backups atualizados , evitar redes Wi-Fi públicas sem proteção e desconfiar de links desconhecidos .
evitar	VERB	0	10	26	No âmbito pessoal , cada indivíduo deve assumir responsabilidade pela própria segurança digital , adotando práticas simples , mas eficazes , como manter backups atualizados , evitar redes Wi-Fi públicas sem proteção e desconfiar de links desconhecidos .
redes	NOUN	0	10	27	No âmbito pessoal , cada indivíduo deve assumir responsabilidade pela própria segurança digital , adotando práticas simples , mas eficazes , como manter backups atualizados , evitar redes Wi-Fi públicas sem proteção e desconfiar de links desconhecidos .
Wi-Fi	PROPN	1	10	28	No âmbito pessoal , cada indivíduo deve assumir responsabilidade pela própria segurança digital , adotando práticas simples , mas eficazes , como manter backups atualizados , evitar redes Wi-Fi públicas sem proteção e desconfiar de links desconhecidos .
públicas	ADJ	0	10	29	No âmbito pessoal , cada indivíduo deve assumir responsabilidade pela própria segurança digital , adotando práticas simples , mas eficazes , como manter backups atualizados , evitar redes Wi-Fi públicas sem proteção e desconfiar de links desconhecidos .
sem	ADP	0	10	30	No âmbito pessoal , cada indivíduo deve assumir responsabilidade pela própria segurança digital , adotando práticas simples , mas eficazes , como manter backups atualizados , evitar redes Wi-Fi públicas sem proteção e desconfiar de links desconhecidos .
proteção	NOUN	0	10	31	No âmbito pessoal , cada indivíduo deve assumir responsabilidade pela própria segurança digital , adotando práticas simples , mas eficazes , como manter backups atualizados , evitar redes Wi-Fi públicas sem proteção e desconfiar de links desconhecidos .
e	CCONJ	0	10	32	No âmbito pessoal , cada indivíduo deve assumir responsabilidade pela própria segurança digital , adotando práticas simples , mas eficazes , como manter backups atualizados , evitar redes Wi-Fi públicas sem proteção e desconfiar de links desconhecidos .
desconfiar	VERB	1	10	33	No âmbito pessoal , cada indivíduo deve assumir responsabilidade pela própria segurança digital , adotando práticas simples , mas eficazes , como manter backups atualizados , evitar redes Wi-Fi públicas sem proteção e desconfiar de links desconhecidos .
de	ADP	0	10	34	No âmbito pessoal , cada indivíduo deve assumir responsabilidade pela própria segurança digital , adotando práticas simples , mas eficazes , como manter backups atualizados , evitar redes Wi-Fi públicas sem proteção e desconfiar de links desconhecidos .
links	NOUN	1	10	35	No âmbito pessoal , cada indivíduo deve assumir responsabilidade pela própria segurança digital , adotando práticas simples , mas eficazes , como manter backups atualizados , evitar redes Wi-Fi públicas sem proteção e desconfiar de links desconhecidos .
desconhecidos	VERB	0	10	36	No âmbito pessoal , cada indivíduo deve assumir responsabilidade pela própria segurança digital , adotando práticas simples , mas eficazes , como manter backups atualizados , evitar redes Wi-Fi públicas sem proteção e desconfiar de links desconhecidos .
.	PUNCT	0	10	37	No âmbito pessoal , cada indivíduo deve assumir responsabilidade pela própria segurança digital , adotando práticas simples , mas eficazes , como manter backups atualizados , evitar redes Wi-Fi públicas sem proteção e desconfiar de links desconhecidos .
A	DET	0	11	0	A segurança cibernética não é um estado permanente , mas sim um processo contínuo , que exige adaptação constante diante de novas ameaças que surgem diariamente , impulsionadas pela criatividade e persistência dos criminosos digitais .
segurança	NOUN	0	11	1	A segurança cibernética não é um estado permanente , mas sim um processo contínuo , que exige adaptação constante diante de novas ameaças que surgem diariamente , impulsionadas pela criatividade e persistência dos criminosos digitais .
cibernética	ADJ	1	11	2	A segurança cibernética não é um estado permanente , mas sim um processo contínuo , que exige adaptação constante diante de novas ameaças que surgem diariamente , impulsionadas pela criatividade e persistência dos criminosos digitais .
não	ADV	0	11	3	A segurança cibernética não é um estado permanente , mas sim um processo contínuo , que exige adaptação constante diante de novas ameaças que surgem diariamente , impulsionadas pela criatividade e persistência dos criminosos digitais .
é	AUX	0	11	4	A segurança cibernética não é um estado permanente , mas sim um processo contínuo , que exige adaptação constante diante de novas ameaças que surgem diariamente , impulsionadas pela criatividade e persistência dos criminosos digitais .
um	DET	0	11	5	A segurança cibernética não é um estado permanente , mas sim um processo contínuo , que exige adaptação constante diante de novas ameaças que surgem diariamente , impulsionadas pela criatividade e persistência dos criminosos digitais .
estado	NOUN	0	11	6	A segurança cibernética não é um estado permanente , mas sim um processo contínuo , que exige adaptação constante diante de novas ameaças que surgem diariamente , impulsionadas pela criatividade e persistência dos criminosos digitais .
permanente	ADJ	0	11	7	A segurança cibernética não é um estado permanente , mas sim um processo contínuo , que exige adaptação constante diante de novas ameaças que surgem diariamente , impulsionadas pela criatividade e persistência dos criminosos digitais .
,	PUNCT	0	11	8	A segurança cibernética não é um estado permanente , mas sim um processo contínuo , que exige adaptação constante diante de novas ameaças que surgem diariamente , impulsionadas pela criatividade e persistência dos criminosos digitais .
mas	CCONJ	0	11	9	A segurança cibernética não é um estado permanente , mas sim um processo contínuo , que exige adaptação constante diante de novas ameaças que surgem diariamente , impulsionadas pela criatividade e persistência dos criminosos digitais .
sim	ADV	0	11	10	A segurança cibernética não é um estado permanente , mas sim um processo contínuo , que exige adaptação constante diante de novas ameaças que surgem diariamente , impulsionadas pela criatividade e persistência dos criminosos digitais .
um	DET	0	11	11	A segurança cibernética não é um estado permanente , mas sim um processo contínuo , que exige adaptação constante diante de novas ameaças que surgem diariamente , impulsionadas pela criatividade e persistência dos criminosos digitais .
processo	NOUN	0	11	12	A segurança cibernética não é um estado permanente , mas sim um processo contínuo , que exige adaptação constante diante de novas ameaças que surgem diariamente , impulsionadas pela criatividade e persistência dos criminosos digitais .
contínuo	ADJ	0	11	13	A segurança cibernética não é um estado permanente , mas sim um processo contínuo , que exige adaptação constante diante de novas ameaças que surgem diariamente , impulsionadas pela criatividade e persistência dos criminosos digitais .
,	PUNCT	0	11	14	A segurança cibernética não é um estado permanente , mas sim um processo contínuo , que exige adaptação constante diante de novas ameaças que surgem diariamente , impulsionadas pela criatividade e persistência dos criminosos digitais .
que	PRON	0	11	15	A segurança cibernética não é um estado permanente , mas sim um processo contínuo , que exige adaptação constante diante de novas ameaças que surgem diariamente , impulsionadas pela criatividade e persistência dos criminosos digitais .
exige	VERB	0	11	16	A segurança cibernética não é um estado permanente , mas sim um processo contínuo , que exige adaptação constante diante de novas ameaças que surgem diariamente , impulsionadas pela criatividade e persistência dos criminosos digitais .
adaptação	NOUN	0	11	17	A segurança cibernética não é um estado permanente , mas sim um processo contínuo , que exige adaptação constante diante de novas ameaças que surgem diariamente , impulsionadas pela criatividade e persistência dos criminosos digitais .
constante	ADJ	0	11	18	A segurança cibernética não é um estado permanente , mas sim um processo contínuo , que exige adaptação constante diante de novas ameaças que surgem diariamente , impulsionadas pela criatividade e persistência dos criminosos digitais .
diante	ADV	0	11	19	A segurança cibernética não é um estado permanente , mas sim um processo contínuo , que exige adaptação constante diante de novas ameaças que surgem diariamente , impulsionadas pela criatividade e persistência dos criminosos digitais .
de	ADP	0	11	20	A segurança cibernética não é um estado permanente , mas sim um processo contínuo , que exige adaptação constante diante de novas ameaças que surgem diariamente , impulsionadas pela criatividade e persistência dos criminosos digitais .
novas	ADJ	0	11	21	A segurança cibernética não é um estado permanente , mas sim um processo contínuo , que exige adaptação constante diante de novas ameaças que surgem diariamente , impulsionadas pela criatividade e persistência dos criminosos digitais .
ameaças	NOUN	0	11	22	A segurança cibernética não é um estado permanente , mas sim um processo contínuo , que exige adaptação constante diante de novas ameaças que surgem diariamente , impulsionadas pela criatividade e persistência dos criminosos digitais .
que	PRON	0	11	23	A segurança cibernética não é um estado permanente , mas sim um processo contínuo , que exige adaptação constante diante de novas ameaças que surgem diariamente , impulsionadas pela criatividade e persistência dos criminosos digitais .
surgem	VERB	0	11	24	A segurança cibernética não é um estado permanente , mas sim um processo contínuo , que exige adaptação constante diante de novas ameaças que surgem diariamente , impulsionadas pela criatividade e persistência dos criminosos digitais .
diariamente	ADV	0	11	25	A segurança cibernética não é um estado permanente , mas sim um processo contínuo , que exige adaptação constante diante de novas ameaças que surgem diariamente , impulsionadas pela criatividade e persistência dos criminosos digitais .
,	PUNCT	0	11	26	A segurança cibernética não é um estado permanente , mas sim um processo contínuo , que exige adaptação constante diante de novas ameaças que surgem diariamente , impulsionadas pela criatividade e persistência dos criminosos digitais .
impulsionadas	VERB	1	11	27	A segurança cibernética não é um estado permanente , mas sim um processo contínuo , que exige adaptação constante diante de novas ameaças que surgem diariamente , impulsionadas pela criatividade e persistência dos criminosos digitais .
pela	ADP	0	11	28	A segurança cibernética não é um estado permanente , mas sim um processo contínuo , que exige adaptação constante diante de novas ameaças que surgem diariamente , impulsionadas pela criatividade e persistência dos criminosos digitais .
criatividade	NOUN	0	11	29	A segurança cibernética não é um estado permanente , mas sim um processo contínuo , que exige adaptação constante diante de novas ameaças que surgem diariamente , impulsionadas pela criatividade e persistência dos criminosos digitais .
e	CCONJ	0	11	30	A segurança cibernética não é um estado permanente , mas sim um processo contínuo , que exige adaptação constante diante de novas ameaças que surgem diariamente , impulsionadas pela criatividade e persistência dos criminosos digitais .
persistência	NOUN	1	11	31	A segurança cibernética não é um estado permanente , mas sim um processo contínuo , que exige adaptação constante diante de novas ameaças que surgem diariamente , impulsionadas pela criatividade e persistência dos criminosos digitais .
dos	ADP	0	11	32	A segurança cibernética não é um estado permanente , mas sim um processo contínuo , que exige adaptação constante diante de novas ameaças que surgem diariamente , impulsionadas pela criatividade e persistência dos criminosos digitais .
criminosos	NOUN	0	11	33	A segurança cibernética não é um estado permanente , mas sim um processo contínuo , que exige adaptação constante diante de novas ameaças que surgem diariamente , impulsionadas pela criatividade e persistência dos criminosos digitais .
digitais	ADJ	0	11	34	A segurança cibernética não é um estado permanente , mas sim um processo contínuo , que exige adaptação constante diante de novas ameaças que surgem diariamente , impulsionadas pela criatividade e persistência dos criminosos digitais .
.	PUNCT	0	11	35	A segurança cibernética não é um estado permanente , mas sim um processo contínuo , que exige adaptação constante diante de novas ameaças que surgem diariamente , impulsionadas pela criatividade e persistência dos criminosos digitais .
Empresas	NOUN	1	12	0	Empresas inovadoras investem em inteligência artificial e aprendizado de máquina para identificar padrões suspeitos e prevenir ataques , criando sistemas capazes de reagir rapidamente a comportamentos anômalos em redes corporativas e pessoais .
inovadoras	ADJ	1	12	1	Empresas inovadoras investem em inteligência artificial e aprendizado de máquina para identificar padrões suspeitos e prevenir ataques , criando sistemas capazes de reagir rapidamente a comportamentos anômalos em redes corporativas e pessoais .
investem	VERB	1	12	2	Empresas inovadoras investem em inteligência artificial e aprendizado de máquina para identificar padrões suspeitos e prevenir ataques , criando sistemas capazes de reagir rapidamente a comportamentos anômalos em redes corporativas e pessoais .
em	ADP	0	12	3	Empresas inovadoras investem em inteligência artificial e aprendizado de máquina para identificar padrões suspeitos e prevenir ataques , criando sistemas capazes de reagir rapidamente a comportamentos anômalos em redes corporativas e pessoais .
inteligência	NOUN	0	12	4	Empresas inovadoras investem em inteligência artificial e aprendizado de máquina para identificar padrões suspeitos e prevenir ataques , criando sistemas capazes de reagir rapidamente a comportamentos anômalos em redes corporativas e pessoais .
artificial	ADJ	0	12	5	Empresas inovadoras investem em inteligência artificial e aprendizado de máquina para identificar padrões suspeitos e prevenir ataques , criando sistemas capazes de reagir rapidamente a comportamentos anômalos em redes corporativas e pessoais .
e	CCONJ	0	12	6	Empresas inovadoras investem em inteligência artificial e aprendizado de máquina para identificar padrões suspeitos e prevenir ataques , criando sistemas capazes de reagir rapidamente a comportamentos anômalos em redes corporativas e pessoais .
aprendizado	NOUN	0	12	7	Empresas inovadoras investem em inteligência artificial e aprendizado de máquina para identificar padrões suspeitos e prevenir ataques , criando sistemas capazes de reagir rapidamente a comportamentos anômalos em redes corporativas e pessoais .
de	ADP	0	12	8	Empresas inovadoras investem em inteligência artificial e aprendizado de máquina para identificar padrões suspeitos e prevenir ataques , criando sistemas capazes de reagir rapidamente a comportamentos anômalos em redes corporativas e pessoais .
máquina	NOUN	0	12	9	Empresas inovadoras investem em inteligência artificial e aprendizado de máquina para identificar padrões suspeitos e prevenir ataques , criando sistemas capazes de reagir rapidamente a comportamentos anômalos em redes corporativas e pessoais .
para	SCONJ	0	12	10	Empresas inovadoras investem em inteligência artificial e aprendizado de máquina para identificar padrões suspeitos e prevenir ataques , criando sistemas capazes de reagir rapidamente a comportamentos anômalos em redes corporativas e pessoais .
identificar	VERB	0	12	11	Empresas inovadoras investem em inteligência artificial e aprendizado de máquina para identificar padrões suspeitos e prevenir ataques , criando sistemas capazes de reagir rapidamente a comportamentos anômalos em redes corporativas e pessoais .
padrões	NOUN	0	12	12	Empresas inovadoras investem em inteligência artificial e aprendizado de máquina para identificar padrões suspeitos e prevenir ataques , criando sistemas capazes de reagir rapidamente a comportamentos anômalos em redes corporativas e pessoais .
suspeitos	ADJ	1	12	13	Empresas inovadoras investem em inteligência artificial e aprendizado de máquina para identificar padrões suspeitos e prevenir ataques , criando sistemas capazes de reagir rapidamente a comportamentos anômalos em redes corporativas e pessoais .
e	CCONJ	0	12	14	Empresas inovadoras investem em inteligência artificial e aprendizado de máquina para identificar padrões suspeitos e prevenir ataques , criando sistemas capazes de reagir rapidamente a comportamentos anômalos em redes corporativas e pessoais .
prevenir	VERB	0	12	15	Empresas inovadoras investem em inteligência artificial e aprendizado de máquina para identificar padrões suspeitos e prevenir ataques , criando sistemas capazes de reagir rapidamente a comportamentos anômalos em redes corporativas e pessoais .
ataques	NOUN	0	12	16	Empresas inovadoras investem em inteligência artificial e aprendizado de máquina para identificar padrões suspeitos e prevenir ataques , criando sistemas capazes de reagir rapidamente a comportamentos anômalos em redes corporativas e pessoais .
,	PUNCT	0	12	17	Empresas inovadoras investem em inteligência artificial e aprendizado de máquina para identificar padrões suspeitos e prevenir ataques , criando sistemas capazes de reagir rapidamente a comportamentos anômalos em redes corporativas e pessoais .
criando	VERB	0	12	18	Empresas inovadoras investem em inteligência artificial e aprendizado de máquina para identificar padrões suspeitos e prevenir ataques , criando sistemas capazes de reagir rapidamente a comportamentos anômalos em redes corporativas e pessoais .
sistemas	NOUN	0	12	19	Empresas inovadoras investem em inteligência artificial e aprendizado de máquina para identificar padrões suspeitos e prevenir ataques , criando sistemas capazes de reagir rapidamente a comportamentos anômalos em redes corporativas e pessoais .
capazes	ADJ	0	12	20	Empresas inovadoras investem em inteligência artificial e aprendizado de máquina para identificar padrões suspeitos e prevenir ataques , criando sistemas capazes de reagir rapidamente a comportamentos anômalos em redes corporativas e pessoais .
de	SCONJ	0	12	21	Empresas inovadoras investem em inteligência artificial e aprendizado de máquina para identificar padrões suspeitos e prevenir ataques , criando sistemas capazes de reagir rapidamente a comportamentos anômalos em redes corporativas e pessoais .
reagir	VERB	1	12	22	Empresas inovadoras investem em inteligência artificial e aprendizado de máquina para identificar padrões suspeitos e prevenir ataques , criando sistemas capazes de reagir rapidamente a comportamentos anômalos em redes corporativas e pessoais .
rapidamente	ADV	0	12	23	Empresas inovadoras investem em inteligência artificial e aprendizado de máquina para identificar padrões suspeitos e prevenir ataques , criando sistemas capazes de reagir rapidamente a comportamentos anômalos em redes corporativas e pessoais .
a	ADP	0	12	24	Empresas inovadoras investem em inteligência artificial e aprendizado de máquina para identificar padrões suspeitos e prevenir ataques , criando sistemas capazes de reagir rapidamente a comportamentos anômalos em redes corporativas e pessoais .
comportamentos	NOUN	0	12	25	Empresas inovadoras investem em inteligência artificial e aprendizado de máquina para identificar padrões suspeitos e prevenir ataques , criando sistemas capazes de reagir rapidamente a comportamentos anômalos em redes corporativas e pessoais .
anômalos	ADJ	1	12	26	Empresas inovadoras investem em inteligência artificial e aprendizado de máquina para identificar padrões suspeitos e prevenir ataques , criando sistemas capazes de reagir rapidamente a comportamentos anômalos em redes corporativas e pessoais .
em	ADP	0	12	27	Empresas inovadoras investem em inteligência artificial e aprendizado de máquina para identificar padrões suspeitos e prevenir ataques , criando sistemas capazes de reagir rapidamente a comportamentos anômalos em redes corporativas e pessoais .
redes	NOUN	0	12	28	Empresas inovadoras investem em inteligência artificial e aprendizado de máquina para identificar padrões suspeitos e prevenir ataques , criando sistemas capazes de reagir rapidamente a comportamentos anômalos em redes corporativas e pessoais .
corporativas	ADJ	1	12	29	Empresas inovadoras investem em inteligência artificial e aprendizado de máquina para identificar padrões suspeitos e prevenir ataques , criando sistemas capazes de reagir rapidamente a comportamentos anômalos em redes corporativas e pessoais .
e	CCONJ	0	12	30	Empresas inovadoras investem em inteligência artificial e aprendizado de máquina para identificar padrões suspeitos e prevenir ataques , criando sistemas capazes de reagir rapidamente a comportamentos anômalos em redes corporativas e pessoais .
pessoais	ADJ	0	12	31	Empresas inovadoras investem em inteligência artificial e aprendizado de máquina para identificar padrões suspeitos e prevenir ataques , criando sistemas capazes de reagir rapidamente a comportamentos anômalos em redes corporativas e pessoais .
.	PUNCT	0	12	32	Empresas inovadoras investem em inteligência artificial e aprendizado de máquina para identificar padrões suspeitos e prevenir ataques , criando sistemas capazes de reagir rapidamente a comportamentos anômalos em redes corporativas e pessoais .
A	DET	0	13	0	A colaboração entre setores público e privado é indispensável , pois apenas com esforços conjuntos é possível criar estratégias abrangentes que protejam cidadãos , empresas e governos contra ameaças cada vez mais sofisticadas e globais .
colaboração	NOUN	0	13	1	A colaboração entre setores público e privado é indispensável , pois apenas com esforços conjuntos é possível criar estratégias abrangentes que protejam cidadãos , empresas e governos contra ameaças cada vez mais sofisticadas e globais .
entre	ADP	0	13	2	A colaboração entre setores público e privado é indispensável , pois apenas com esforços conjuntos é possível criar estratégias abrangentes que protejam cidadãos , empresas e governos contra ameaças cada vez mais sofisticadas e globais .
setores	NOUN	0	13	3	A colaboração entre setores público e privado é indispensável , pois apenas com esforços conjuntos é possível criar estratégias abrangentes que protejam cidadãos , empresas e governos contra ameaças cada vez mais sofisticadas e globais .
público	ADJ	0	13	4	A colaboração entre setores público e privado é indispensável , pois apenas com esforços conjuntos é possível criar estratégias abrangentes que protejam cidadãos , empresas e governos contra ameaças cada vez mais sofisticadas e globais .
e	CCONJ	0	13	5	A colaboração entre setores público e privado é indispensável , pois apenas com esforços conjuntos é possível criar estratégias abrangentes que protejam cidadãos , empresas e governos contra ameaças cada vez mais sofisticadas e globais .
privado	ADJ	0	13	6	A colaboração entre setores público e privado é indispensável , pois apenas com esforços conjuntos é possível criar estratégias abrangentes que protejam cidadãos , empresas e governos contra ameaças cada vez mais sofisticadas e globais .
é	AUX	0	13	7	A colaboração entre setores público e privado é indispensável , pois apenas com esforços conjuntos é possível criar estratégias abrangentes que protejam cidadãos , empresas e governos contra ameaças cada vez mais sofisticadas e globais .
indispensável	ADJ	1	13	8	A colaboração entre setores público e privado é indispensável , pois apenas com esforços conjuntos é possível criar estratégias abrangentes que protejam cidadãos , empresas e governos contra ameaças cada vez mais sofisticadas e globais .
,	PUNCT	0	13	9	A colaboração entre setores público e privado é indispensável , pois apenas com esforços conjuntos é possível criar estratégias abrangentes que protejam cidadãos , empresas e governos contra ameaças cada vez mais sofisticadas e globais .
pois	SCONJ	0	13	10	A colaboração entre setores público e privado é indispensável , pois apenas com esforços conjuntos é possível criar estratégias abrangentes que protejam cidadãos , empresas e governos contra ameaças cada vez mais sofisticadas e globais .
apenas	ADV	0	13	11	A colaboração entre setores público e privado é indispensável , pois apenas com esforços conjuntos é possível criar estratégias abrangentes que protejam cidadãos , empresas e governos contra ameaças cada vez mais sofisticadas e globais .
com	ADP	0	13	12	A colaboração entre setores público e privado é indispensável , pois apenas com esforços conjuntos é possível criar estratégias abrangentes que protejam cidadãos , empresas e governos contra ameaças cada vez mais sofisticadas e globais .
esforços	NOUN	0	13	13	A colaboração entre setores público e privado é indispensável , pois apenas com esforços conjuntos é possível criar estratégias abrangentes que protejam cidadãos , empresas e governos contra ameaças cada vez mais sofisticadas e globais .
conjuntos	ADJ	0	13	14	A colaboração entre setores público e privado é indispensável , pois apenas com esforços conjuntos é possível criar estratégias abrangentes que protejam cidadãos , empresas e governos contra ameaças cada vez mais sofisticadas e globais .
é	AUX	0	13	15	A colaboração entre setores público e privado é indispensável , pois apenas com esforços conjuntos é possível criar estratégias abrangentes que protejam cidadãos , empresas e governos contra ameaças cada vez mais sofisticadas e globais .
possível	ADJ	0	13	16	A colaboração entre setores público e privado é indispensável , pois apenas com esforços conjuntos é possível criar estratégias abrangentes que protejam cidadãos , empresas e governos contra ameaças cada vez mais sofisticadas e globais .
criar	VERB	0	13	17	A colaboração entre setores público e privado é indispensável , pois apenas com esforços conjuntos é possível criar estratégias abrangentes que protejam cidadãos , empresas e governos contra ameaças cada vez mais sofisticadas e globais .
estratégias	NOUN	0	13	18	A colaboração entre setores público e privado é indispensável , pois apenas com esforços conjuntos é possível criar estratégias abrangentes que protejam cidadãos , empresas e governos contra ameaças cada vez mais sofisticadas e globais .
abrangentes	ADJ	1	13	19	A colaboração entre setores público e privado é indispensável , pois apenas com esforços conjuntos é possível criar estratégias abrangentes que protejam cidadãos , empresas e governos contra ameaças cada vez mais sofisticadas e globais .
que	PRON	0	13	20	A colaboração entre setores público e privado é indispensável , pois apenas com esforços conjuntos é possível criar estratégias abrangentes que protejam cidadãos , empresas e governos contra ameaças cada vez mais sofisticadas e globais .
protejam	VERB	1	13	21	A colaboração entre setores público e privado é indispensável , pois apenas com esforços conjuntos é possível criar estratégias abrangentes que protejam cidadãos , empresas e governos contra ameaças cada vez mais sofisticadas e globais .
cidadãos	NOUN	0	13	22	A colaboração entre setores público e privado é indispensável , pois apenas com esforços conjuntos é possível criar estratégias abrangentes que protejam cidadãos , empresas e governos contra ameaças cada vez mais sofisticadas e globais .
,	PUNCT	0	13	23	A colaboração entre setores público e privado é indispensável , pois apenas com esforços conjuntos é possível criar estratégias abrangentes que protejam cidadãos , empresas e governos contra ameaças cada vez mais sofisticadas e globais .
empresas	NOUN	0	13	24	A colaboração entre setores público e privado é indispensável , pois apenas com esforços conjuntos é possível criar estratégias abrangentes que protejam cidadãos , empresas e governos contra ameaças cada vez mais sofisticadas e globais .
e	CCONJ	0	13	25	A colaboração entre setores público e privado é indispensável , pois apenas com esforços conjuntos é possível criar estratégias abrangentes que protejam cidadãos , empresas e governos contra ameaças cada vez mais sofisticadas e globais .
governos	NOUN	0	13	26	A colaboração entre setores público e privado é indispensável , pois apenas com esforços conjuntos é possível criar estratégias abrangentes que protejam cidadãos , empresas e governos contra ameaças cada vez mais sofisticadas e globais .
contra	ADP	0	13	27	A colaboração entre setores público e privado é indispensável , pois apenas com esforços conjuntos é possível criar estratégias abrangentes que protejam cidadãos , empresas e governos contra ameaças cada vez mais sofisticadas e globais .
ameaças	NOUN	0	13	28	A colaboração entre setores público e privado é indispensável , pois apenas com esforços conjuntos é possível criar estratégias abrangentes que protejam cidadãos , empresas e governos contra ameaças cada vez mais sofisticadas e globais .
cada	ADP	0	13	29	A colaboração entre setores público e privado é indispensável , pois apenas com esforços conjuntos é possível criar estratégias abrangentes que protejam cidadãos , empresas e governos contra ameaças cada vez mais sofisticadas e globais .
vez	ADP	0	13	30	A colaboração entre setores público e privado é indispensável , pois apenas com esforços conjuntos é possível criar estratégias abrangentes que protejam cidadãos , empresas e governos contra ameaças cada vez mais sofisticadas e globais .
mais	NOUN	0	13	31	A colaboração entre setores público e privado é indispensável , pois apenas com esforços conjuntos é possível criar estratégias abrangentes que protejam cidadãos , empresas e governos contra ameaças cada vez mais sofisticadas e globais .
sofisticadas	ADJ	1	13	32	A colaboração entre setores público e privado é indispensável , pois apenas com esforços conjuntos é possível criar estratégias abrangentes que protejam cidadãos , empresas e governos contra ameaças cada vez mais sofisticadas e globais .
e	CCONJ	0	13	33	A colaboração entre setores público e privado é indispensável , pois apenas com esforços conjuntos é possível criar estratégias abrangentes que protejam cidadãos , empresas e governos contra ameaças cada vez mais sofisticadas e globais .
globais	ADJ	0	13	34	A colaboração entre setores público e privado é indispensável , pois apenas com esforços conjuntos é possível criar estratégias abrangentes que protejam cidadãos , empresas e governos contra ameaças cada vez mais sofisticadas e globais .
.	PUNCT	0	13	35	A colaboração entre setores público e privado é indispensável , pois apenas com esforços conjuntos é possível criar estratégias abrangentes que protejam cidadãos , empresas e governos contra ameaças cada vez mais sofisticadas e globais .
A	DET	0	14	0	A confiança no ambiente digital depende diretamente da segurança cibernética , pois sem ela não seria possível realizar transações bancárias online , compartilhar informações confidenciais ou desenvolver inovações tecnológicas em escala global .
confiança	NOUN	0	14	1	A confiança no ambiente digital depende diretamente da segurança cibernética , pois sem ela não seria possível realizar transações bancárias online , compartilhar informações confidenciais ou desenvolver inovações tecnológicas em escala global .
no	ADP	0	14	2	A confiança no ambiente digital depende diretamente da segurança cibernética , pois sem ela não seria possível realizar transações bancárias online , compartilhar informações confidenciais ou desenvolver inovações tecnológicas em escala global .
ambiente	NOUN	0	14	3	A confiança no ambiente digital depende diretamente da segurança cibernética , pois sem ela não seria possível realizar transações bancárias online , compartilhar informações confidenciais ou desenvolver inovações tecnológicas em escala global .
digital	ADJ	0	14	4	A confiança no ambiente digital depende diretamente da segurança cibernética , pois sem ela não seria possível realizar transações bancárias online , compartilhar informações confidenciais ou desenvolver inovações tecnológicas em escala global .
depende	VERB	0	14	5	A confiança no ambiente digital depende diretamente da segurança cibernética , pois sem ela não seria possível realizar transações bancárias online , compartilhar informações confidenciais ou desenvolver inovações tecnológicas em escala global .
diretamente	ADV	0	14	6	A confiança no ambiente digital depende diretamente da segurança cibernética , pois sem ela não seria possível realizar transações bancárias online , compartilhar informações confidenciais ou desenvolver inovações tecnológicas em escala global .
da	ADP	0	14	7	A confiança no ambiente digital depende diretamente da segurança cibernética , pois sem ela não seria possível realizar transações bancárias online , compartilhar informações confidenciais ou desenvolver inovações tecnológicas em escala global .
segurança	NOUN	0	14	8	A confiança no ambiente digital depende diretamente da segurança cibernética , pois sem ela não seria possível realizar transações bancárias online , compartilhar informações confidenciais ou desenvolver inovações tecnológicas em escala global .
cibernética	ADJ	1	14	9	A confiança no ambiente digital depende diretamente da segurança cibernética , pois sem ela não seria possível realizar transações bancárias online , compartilhar informações confidenciais ou desenvolver inovações tecnológicas em escala global .
,	PUNCT	0	14	10	A confiança no ambiente digital depende diretamente da segurança cibernética , pois sem ela não seria possível realizar transações bancárias online , compartilhar informações confidenciais ou desenvolver inovações tecnológicas em escala global .
pois	SCONJ	0	14	11	A confiança no ambiente digital depende diretamente da segurança cibernética , pois sem ela não seria possível realizar transações bancárias online , compartilhar informações confidenciais ou desenvolver inovações tecnológicas em escala global .
sem	ADP	0	14	12	A confiança no ambiente digital depende diretamente da segurança cibernética , pois sem ela não seria possível realizar transações bancárias online , compartilhar informações confidenciais ou desenvolver inovações tecnológicas em escala global .
ela	PRON	0	14	13	A confiança no ambiente digital depende diretamente da segurança cibernética , pois sem ela não seria possível realizar transações bancárias online , compartilhar informações confidenciais ou desenvolver inovações tecnológicas em escala global .
não	ADV	0	14	14	A confiança no ambiente digital depende diretamente da segurança cibernética , pois sem ela não seria possível realizar transações bancárias online , compartilhar informações confidenciais ou desenvolver inovações tecnológicas em escala global .
seria	AUX	0	14	15	A confiança no ambiente digital depende diretamente da segurança cibernética , pois sem ela não seria possível realizar transações bancárias online , compartilhar informações confidenciais ou desenvolver inovações tecnológicas em escala global .
possível	ADJ	0	14	16	A confiança no ambiente digital depende diretamente da segurança cibernética , pois sem ela não seria possível realizar transações bancárias online , compartilhar informações confidenciais ou desenvolver inovações tecnológicas em escala global .
realizar	VERB	0	14	17	A confiança no ambiente digital depende diretamente da segurança cibernética , pois sem ela não seria possível realizar transações bancárias online , compartilhar informações confidenciais ou desenvolver inovações tecnológicas em escala global .
transações	NOUN	0	14	18	A confiança no ambiente digital depende diretamente da segurança cibernética , pois sem ela não seria possível realizar transações bancárias online , compartilhar informações confidenciais ou desenvolver inovações tecnológicas em escala global .
bancárias	ADJ	1	14	19	A confiança no ambiente digital depende diretamente da segurança cibernética , pois sem ela não seria possível realizar transações bancárias online , compartilhar informações confidenciais ou desenvolver inovações tecnológicas em escala global .
online	PROPN	0	14	20	A confiança no ambiente digital depende diretamente da segurança cibernética , pois sem ela não seria possível realizar transações bancárias online , compartilhar informações confidenciais ou desenvolver inovações tecnológicas em escala global .
,	PUNCT	0	14	21	A confiança no ambiente digital depende diretamente da segurança cibernética , pois sem ela não seria possível realizar transações bancárias online , compartilhar informações confidenciais ou desenvolver inovações tecnológicas em escala global .
compartilhar	VERB	0	14	22	A confiança no ambiente digital depende diretamente da segurança cibernética , pois sem ela não seria possível realizar transações bancárias online , compartilhar informações confidenciais ou desenvolver inovações tecnológicas em escala global .
informações	NOUN	0	14	23	A confiança no ambiente digital depende diretamente da segurança cibernética , pois sem ela não seria possível realizar transações bancárias online , compartilhar informações confidenciais ou desenvolver inovações tecnológicas em escala global .
confidenciais	ADJ	1	14	24	A confiança no ambiente digital depende diretamente da segurança cibernética , pois sem ela não seria possível realizar transações bancárias online , compartilhar informações confidenciais ou desenvolver inovações tecnológicas em escala global .
ou	CCONJ	0	14	25	A confiança no ambiente digital depende diretamente da segurança cibernética , pois sem ela não seria possível realizar transações bancárias online , compartilhar informações confidenciais ou desenvolver inovações tecnológicas em escala global .
desenvolver	VERB	0	14	26	A confiança no ambiente digital depende diretamente da segurança cibernética , pois sem ela não seria possível realizar transações bancárias online , compartilhar informações confidenciais ou desenvolver inovações tecnológicas em escala global .
inovações	NOUN	0	14	27	A confiança no ambiente digital depende diretamente da segurança cibernética , pois sem ela não seria possível realizar transações bancárias online , compartilhar informações confidenciais ou desenvolver inovações tecnológicas em escala global .
tecnológicas	ADJ	1	14	28	A confiança no ambiente digital depende diretamente da segurança cibernética , pois sem ela não seria possível realizar transações bancárias online , compartilhar informações confidenciais ou desenvolver inovações tecnológicas em escala global .
em	ADP	0	14	29	A confiança no ambiente digital depende diretamente da segurança cibernética , pois sem ela não seria possível realizar transações bancárias online , compartilhar informações confidenciais ou desenvolver inovações tecnológicas em escala global .
escala	NOUN	0	14	30	A confiança no ambiente digital depende diretamente da segurança cibernética , pois sem ela não seria possível realizar transações bancárias online , compartilhar informações confidenciais ou desenvolver inovações tecnológicas em escala global .
global	ADJ	0	14	31	A confiança no ambiente digital depende diretamente da segurança cibernética , pois sem ela não seria possível realizar transações bancárias online , compartilhar informações confidenciais ou desenvolver inovações tecnológicas em escala global .
.	PUNCT	0	14	32	A confiança no ambiente digital depende diretamente da segurança cibernética , pois sem ela não seria possível realizar transações bancárias online , compartilhar informações confidenciais ou desenvolver inovações tecnológicas em escala global .
Investir	VERB	1	15	0	Investir em segurança digital é investir no futuro , garantindo que a sociedade possa usufruir dos benefícios da tecnologia sem estar constantemente vulnerável a ataques que podem comprometer vidas , negócios e governos .
em	ADP	0	15	1	Investir em segurança digital é investir no futuro , garantindo que a sociedade possa usufruir dos benefícios da tecnologia sem estar constantemente vulnerável a ataques que podem comprometer vidas , negócios e governos .
segurança	NOUN	0	15	2	Investir em segurança digital é investir no futuro , garantindo que a sociedade possa usufruir dos benefícios da tecnologia sem estar constantemente vulnerável a ataques que podem comprometer vidas , negócios e governos .
digital	ADJ	0	15	3	Investir em segurança digital é investir no futuro , garantindo que a sociedade possa usufruir dos benefícios da tecnologia sem estar constantemente vulnerável a ataques que podem comprometer vidas , negócios e governos .
é	AUX	0	15	4	Investir em segurança digital é investir no futuro , garantindo que a sociedade possa usufruir dos benefícios da tecnologia sem estar constantemente vulnerável a ataques que podem comprometer vidas , negócios e governos .
investir	VERB	0	15	5	Investir em segurança digital é investir no futuro , garantindo que a sociedade possa usufruir dos benefícios da tecnologia sem estar constantemente vulnerável a ataques que podem comprometer vidas , negócios e governos .
no	ADP	0	15	6	Investir em segurança digital é investir no futuro , garantindo que a sociedade possa usufruir dos benefícios da tecnologia sem estar constantemente vulnerável a ataques que podem comprometer vidas , negócios e governos .
futuro	NOUN	0	15	7	Investir em segurança digital é investir no futuro , garantindo que a sociedade possa usufruir dos benefícios da tecnologia sem estar constantemente vulnerável a ataques que podem comprometer vidas , negócios e governos .
,	PUNCT	0	15	8	Investir em segurança digital é investir no futuro , garantindo que a sociedade possa usufruir dos benefícios da tecnologia sem estar constantemente vulnerável a ataques que podem comprometer vidas , negócios e governos .
garantindo	VERB	0	15	9	Investir em segurança digital é investir no futuro , garantindo que a sociedade possa usufruir dos benefícios da tecnologia sem estar constantemente vulnerável a ataques que podem comprometer vidas , negócios e governos .
que	SCONJ	0	15	10	Investir em segurança digital é investir no futuro , garantindo que a sociedade possa usufruir dos benefícios da tecnologia sem estar constantemente vulnerável a ataques que podem comprometer vidas , negócios e governos .
a	DET	0	15	11	Investir em segurança digital é investir no futuro , garantindo que a sociedade possa usufruir dos benefícios da tecnologia sem estar constantemente vulnerável a ataques que podem comprometer vidas , negócios e governos .
sociedade	NOUN	0	15	12	Investir em segurança digital é investir no futuro , garantindo que a sociedade possa usufruir dos benefícios da tecnologia sem estar constantemente vulnerável a ataques que podem comprometer vidas , negócios e governos .
possa	VERB	0	15	13	Investir em segurança digital é investir no futuro , garantindo que a sociedade possa usufruir dos benefícios da tecnologia sem estar constantemente vulnerável a ataques que podem comprometer vidas , negócios e governos .
usufruir	VERB	1	15	14	Investir em segurança digital é investir no futuro , garantindo que a sociedade possa usufruir dos benefícios da tecnologia sem estar constantemente vulnerável a ataques que podem comprometer vidas , negócios e governos .
dos	ADP	0	15	15	Investir em segurança digital é investir no futuro , garantindo que a sociedade possa usufruir dos benefícios da tecnologia sem estar constantemente vulnerável a ataques que podem comprometer vidas , negócios e governos .
benefícios	NOUN	0	15	16	Investir em segurança digital é investir no futuro , garantindo que a sociedade possa usufruir dos benefícios da tecnologia sem estar constantemente vulnerável a ataques que podem comprometer vidas , negócios e governos .
da	ADP	0	15	17	Investir em segurança digital é investir no futuro , garantindo que a sociedade possa usufruir dos benefícios da tecnologia sem estar constantemente vulnerável a ataques que podem comprometer vidas , negócios e governos .
tecnologia	NOUN	0	15	18	Investir em segurança digital é investir no futuro , garantindo que a sociedade possa usufruir dos benefícios da tecnologia sem estar constantemente vulnerável a ataques que podem comprometer vidas , negócios e governos .
sem	SCONJ	0	15	19	Investir em segurança digital é investir no futuro , garantindo que a sociedade possa usufruir dos benefícios da tecnologia sem estar constantemente vulnerável a ataques que podem comprometer vidas , negócios e governos .
estar	AUX	0	15	20	Investir em segurança digital é investir no futuro , garantindo que a sociedade possa usufruir dos benefícios da tecnologia sem estar constantemente vulnerável a ataques que podem comprometer vidas , negócios e governos .
constantemente	ADV	0	15	21	Investir em segurança digital é investir no futuro , garantindo que a sociedade possa usufruir dos benefícios da tecnologia sem estar constantemente vulnerável a ataques que podem comprometer vidas , negócios e governos .
vulnerável	ADJ	1	15	22	Investir em segurança digital é investir no futuro , garantindo que a sociedade possa usufruir dos benefícios da tecnologia sem estar constantemente vulnerável a ataques que podem comprometer vidas , negócios e governos .
a	ADP	0	15	23	Investir em segurança digital é investir no futuro , garantindo que a sociedade possa usufruir dos benefícios da tecnologia sem estar constantemente vulnerável a ataques que podem comprometer vidas , negócios e governos .
ataques	NOUN	0	15	24	Investir em segurança digital é investir no futuro , garantindo que a sociedade possa usufruir dos benefícios da tecnologia sem estar constantemente vulnerável a ataques que podem comprometer vidas , negócios e governos .
que	PRON	0	15	25	Investir em segurança digital é investir no futuro , garantindo que a sociedade possa usufruir dos benefícios da tecnologia sem estar constantemente vulnerável a ataques que podem comprometer vidas , negócios e governos .
podem	VERB	0	15	26	Investir em segurança digital é investir no futuro , garantindo que a sociedade possa usufruir dos benefícios da tecnologia sem estar constantemente vulnerável a ataques que podem comprometer vidas , negócios e governos .
comprometer	VERB	1	15	27	Investir em segurança digital é investir no futuro , garantindo que a sociedade possa usufruir dos benefícios da tecnologia sem estar constantemente vulnerável a ataques que podem comprometer vidas , negócios e governos .
vidas	NOUN	0	15	28	Investir em segurança digital é investir no futuro , garantindo que a sociedade possa usufruir dos benefícios da tecnologia sem estar constantemente vulnerável a ataques que podem comprometer vidas , negócios e governos .
,	PUNCT	0	15	29	Investir em segurança digital é investir no futuro , garantindo que a sociedade possa usufruir dos benefícios da tecnologia sem estar constantemente vulnerável a ataques que podem comprometer vidas , negócios e governos .
negócios	NOUN	0	15	30	Investir em segurança digital é investir no futuro , garantindo que a sociedade possa usufruir dos benefícios da tecnologia sem estar constantemente vulnerável a ataques que podem comprometer vidas , negócios e governos .
e	CCONJ	0	15	31	Investir em segurança digital é investir no futuro , garantindo que a sociedade possa usufruir dos benefícios da tecnologia sem estar constantemente vulnerável a ataques que podem comprometer vidas , negócios e governos .
governos	NOUN	0	15	32	Investir em segurança digital é investir no futuro , garantindo que a sociedade possa usufruir dos benefícios da tecnologia sem estar constantemente vulnerável a ataques que podem comprometer vidas , negócios e governos .
.	PUNCT	0	15	33	Investir em segurança digital é investir no futuro , garantindo que a sociedade possa usufruir dos benefícios da tecnologia sem estar constantemente vulnerável a ataques que podem comprometer vidas , negócios e governos .
A	DET	0	16	0	A cultura de segurança deve ser incorporada em todos os níveis da sociedade , desde escolas que ensinam boas práticas digitais até empresas que treinam seus funcionários para receber e evitar ameaças .
cultura	NOUN	0	16	1	A cultura de segurança deve ser incorporada em todos os níveis da sociedade , desde escolas que ensinam boas práticas digitais até empresas que treinam seus funcionários para receber e evitar ameaças .
de	ADP	0	16	2	A cultura de segurança deve ser incorporada em todos os níveis da sociedade , desde escolas que ensinam boas práticas digitais até empresas que treinam seus funcionários para receber e evitar ameaças .
segurança	NOUN	0	16	3	A cultura de segurança deve ser incorporada em todos os níveis da sociedade , desde escolas que ensinam boas práticas digitais até empresas que treinam seus funcionários para receber e evitar ameaças .
deve	VERB	0	16	4	A cultura de segurança deve ser incorporada em todos os níveis da sociedade , desde escolas que ensinam boas práticas digitais até empresas que treinam seus funcionários para receber e evitar ameaças .
ser	AUX	0	16	5	A cultura de segurança deve ser incorporada em todos os níveis da sociedade , desde escolas que ensinam boas práticas digitais até empresas que treinam seus funcionários para receber e evitar ameaças .
incorporada	VERB	0	16	6	A cultura de segurança deve ser incorporada em todos os níveis da sociedade , desde escolas que ensinam boas práticas digitais até empresas que treinam seus funcionários para receber e evitar ameaças .
em	ADP	0	16	7	A cultura de segurança deve ser incorporada em todos os níveis da sociedade , desde escolas que ensinam boas práticas digitais até empresas que treinam seus funcionários para receber e evitar ameaças .
todos	DET	0	16	8	A cultura de segurança deve ser incorporada em todos os níveis da sociedade , desde escolas que ensinam boas práticas digitais até empresas que treinam seus funcionários para receber e evitar ameaças .
os	DET	0	16	9	A cultura de segurança deve ser incorporada em todos os níveis da sociedade , desde escolas que ensinam boas práticas digitais até empresas que treinam seus funcionários para receber e evitar ameaças .
níveis	NOUN	0	16	10	A cultura de segurança deve ser incorporada em todos os níveis da sociedade , desde escolas que ensinam boas práticas digitais até empresas que treinam seus funcionários para receber e evitar ameaças .
da	ADP	0	16	11	A cultura de segurança deve ser incorporada em todos os níveis da sociedade , desde escolas que ensinam boas práticas digitais até empresas que treinam seus funcionários para receber e evitar ameaças .
sociedade	NOUN	0	16	12	A cultura de segurança deve ser incorporada em todos os níveis da sociedade , desde escolas que ensinam boas práticas digitais até empresas que treinam seus funcionários para receber e evitar ameaças .
,	PUNCT	0	16	13	A cultura de segurança deve ser incorporada em todos os níveis da sociedade , desde escolas que ensinam boas práticas digitais até empresas que treinam seus funcionários para receber e evitar ameaças .
desde	ADP	0	16	14	A cultura de segurança deve ser incorporada em todos os níveis da sociedade , desde escolas que ensinam boas práticas digitais até empresas que treinam seus funcionários para receber e evitar ameaças .
escolas	NOUN	0	16	15	A cultura de segurança deve ser incorporada em todos os níveis da sociedade , desde escolas que ensinam boas práticas digitais até empresas que treinam seus funcionários para receber e evitar ameaças .
que	PRON	0	16	16	A cultura de segurança deve ser incorporada em todos os níveis da sociedade , desde escolas que ensinam boas práticas digitais até empresas que treinam seus funcionários para receber e evitar ameaças .
ensinam	VERB	1	16	17	A cultura de segurança deve ser incorporada em todos os níveis da sociedade , desde escolas que ensinam boas práticas digitais até empresas que treinam seus funcionários para receber e evitar ameaças .
boas	ADJ	0	16	18	A cultura de segurança deve ser incorporada em todos os níveis da sociedade , desde escolas que ensinam boas práticas digitais até empresas que treinam seus funcionários para receber e evitar ameaças .
práticas	NOUN	0	16	19	A cultura de segurança deve ser incorporada em todos os níveis da sociedade , desde escolas que ensinam boas práticas digitais até empresas que treinam seus funcionários para receber e evitar ameaças .
digitais	ADJ	0	16	20	A cultura de segurança deve ser incorporada em todos os níveis da sociedade , desde escolas que ensinam boas práticas digitais até empresas que treinam seus funcionários para receber e evitar ameaças .
até	ADP	0	16	21	A cultura de segurança deve ser incorporada em todos os níveis da sociedade , desde escolas que ensinam boas práticas digitais até empresas que treinam seus funcionários para receber e evitar ameaças .
empresas	NOUN	0	16	22	A cultura de segurança deve ser incorporada em todos os níveis da sociedade , desde escolas que ensinam boas práticas digitais até empresas que treinam seus funcionários para receber e evitar ameaças .
que	PRON	0	16	23	A cultura de segurança deve ser incorporada em todos os níveis da sociedade , desde escolas que ensinam boas práticas digitais até empresas que treinam seus funcionários para receber e evitar ameaças .
treinam	VERB	1	16	24	A cultura de segurança deve ser incorporada em todos os níveis da sociedade , desde escolas que ensinam boas práticas digitais até empresas que treinam seus funcionários para receber e evitar ameaças .
seus	DET	0	16	25	A cultura de segurança deve ser incorporada em todos os níveis da sociedade , desde escolas que ensinam boas práticas digitais até empresas que treinam seus funcionários para receber e evitar ameaças .
funcionários	NOUN	0	16	26	A cultura de segurança deve ser incorporada em todos os níveis da sociedade , desde escolas que ensinam boas práticas digitais até empresas que treinam seus funcionários para receber e evitar ameaças .
para	SCONJ	0	16	27	A cultura de segurança deve ser incorporada em todos os níveis da sociedade , desde escolas que ensinam boas práticas digitais até empresas que treinam seus funcionários para receber e evitar ameaças .
receber	VERB	0	16	28	A cultura de segurança deve ser incorporada em todos os níveis da sociedade , desde escolas que ensinam boas práticas digitais até empresas que treinam seus funcionários para receber e evitar ameaças .
e	CCONJ	0	16	29	A cultura de segurança deve ser incorporada em todos os níveis da sociedade , desde escolas que ensinam boas práticas digitais até empresas que treinam seus funcionários para receber e evitar ameaças .
evitar	VERB	0	16	30	A cultura de segurança deve ser incorporada em todos os níveis da sociedade , desde escolas que ensinam boas práticas digitais até empresas que treinam seus funcionários para receber e evitar ameaças .
ameaças	NOUN	0	16	31	A cultura de segurança deve ser incorporada em todos os níveis da sociedade , desde escolas que ensinam boas práticas digitais até empresas que treinam seus funcionários para receber e evitar ameaças .
.	PUNCT	0	16	32	A cultura de segurança deve ser incorporada em todos os níveis da sociedade , desde escolas que ensinam boas práticas digitais até empresas que treinam seus funcionários para receber e evitar ameaças .
A	DET	0	17	0	A engenharia social continua sendo uma das maiores armas dos criminosos , explorando a ingenuidade ou distração das pessoas para obter acesso a informações valiosas , mostrando que a segurança depende tanto de comportamento quanto de tecnologia .
engenharia	NOUN	0	17	1	A engenharia social continua sendo uma das maiores armas dos criminosos , explorando a ingenuidade ou distração das pessoas para obter acesso a informações valiosas , mostrando que a segurança depende tanto de comportamento quanto de tecnologia .
social	ADJ	0	17	2	A engenharia social continua sendo uma das maiores armas dos criminosos , explorando a ingenuidade ou distração das pessoas para obter acesso a informações valiosas , mostrando que a segurança depende tanto de comportamento quanto de tecnologia .
continua	VERB	0	17	3	A engenharia social continua sendo uma das maiores armas dos criminosos , explorando a ingenuidade ou distração das pessoas para obter acesso a informações valiosas , mostrando que a segurança depende tanto de comportamento quanto de tecnologia .
sendo	AUX	0	17	4	A engenharia social continua sendo uma das maiores armas dos criminosos , explorando a ingenuidade ou distração das pessoas para obter acesso a informações valiosas , mostrando que a segurança depende tanto de comportamento quanto de tecnologia .
uma	NUM	0	17	5	A engenharia social continua sendo uma das maiores armas dos criminosos , explorando a ingenuidade ou distração das pessoas para obter acesso a informações valiosas , mostrando que a segurança depende tanto de comportamento quanto de tecnologia .
das	ADP	0	17	6	A engenharia social continua sendo uma das maiores armas dos criminosos , explorando a ingenuidade ou distração das pessoas para obter acesso a informações valiosas , mostrando que a segurança depende tanto de comportamento quanto de tecnologia .
maiores	ADJ	0	17	7	A engenharia social continua sendo uma das maiores armas dos criminosos , explorando a ingenuidade ou distração das pessoas para obter acesso a informações valiosas , mostrando que a segurança depende tanto de comportamento quanto de tecnologia .
armas	NOUN	0	17	8	A engenharia social continua sendo uma das maiores armas dos criminosos , explorando a ingenuidade ou distração das pessoas para obter acesso a informações valiosas , mostrando que a segurança depende tanto de comportamento quanto de tecnologia .
dos	ADP	0	17	9	A engenharia social continua sendo uma das maiores armas dos criminosos , explorando a ingenuidade ou distração das pessoas para obter acesso a informações valiosas , mostrando que a segurança depende tanto de comportamento quanto de tecnologia .
criminosos	NOUN	0	17	10	A engenharia social continua sendo uma das maiores armas dos criminosos , explorando a ingenuidade ou distração das pessoas para obter acesso a informações valiosas , mostrando que a segurança depende tanto de comportamento quanto de tecnologia .
,	PUNCT	0	17	11	A engenharia social continua sendo uma das maiores armas dos criminosos , explorando a ingenuidade ou distração das pessoas para obter acesso a informações valiosas , mostrando que a segurança depende tanto de comportamento quanto de tecnologia .
explorando	VERB	1	17	12	A engenharia social continua sendo uma das maiores armas dos criminosos , explorando a ingenuidade ou distração das pessoas para obter acesso a informações valiosas , mostrando que a segurança depende tanto de comportamento quanto de tecnologia .
a	DET	0	17	13	A engenharia social continua sendo uma das maiores armas dos criminosos , explorando a ingenuidade ou distração das pessoas para obter acesso a informações valiosas , mostrando que a segurança depende tanto de comportamento quanto de tecnologia .
ingenuidade	NOUN	1	17	14	A engenharia social continua sendo uma das maiores armas dos criminosos , explorando a ingenuidade ou distração das pessoas para obter acesso a informações valiosas , mostrando que a segurança depende tanto de comportamento quanto de tecnologia .
ou	CCONJ	0	17	15	A engenharia social continua sendo uma das maiores armas dos criminosos , explorando a ingenuidade ou distração das pessoas para obter acesso a informações valiosas , mostrando que a segurança depende tanto de comportamento quanto de tecnologia .
distração	NOUN	1	17	16	A engenharia social continua sendo uma das maiores armas dos criminosos , explorando a ingenuidade ou distração das pessoas para obter acesso a informações valiosas , mostrando que a segurança depende tanto de comportamento quanto de tecnologia .
das	ADP	0	17	17	A engenharia social continua sendo uma das maiores armas dos criminosos , explorando a ingenuidade ou distração das pessoas para obter acesso a informações valiosas , mostrando que a segurança depende tanto de comportamento quanto de tecnologia .
pessoas	NOUN	0	17	18	A engenharia social continua sendo uma das maiores armas dos criminosos , explorando a ingenuidade ou distração das pessoas para obter acesso a informações valiosas , mostrando que a segurança depende tanto de comportamento quanto de tecnologia .
para	SCONJ	0	17	19	A engenharia social continua sendo uma das maiores armas dos criminosos , explorando a ingenuidade ou distração das pessoas para obter acesso a informações valiosas , mostrando que a segurança depende tanto de comportamento quanto de tecnologia .
obter	VERB	0	17	20	A engenharia social continua sendo uma das maiores armas dos criminosos , explorando a ingenuidade ou distração das pessoas para obter acesso a informações valiosas , mostrando que a segurança depende tanto de comportamento quanto de tecnologia .
acesso	NOUN	0	17	21	A engenharia social continua sendo uma das maiores armas dos criminosos , explorando a ingenuidade ou distração das pessoas para obter acesso a informações valiosas , mostrando que a segurança depende tanto de comportamento quanto de tecnologia .
a	ADP	0	17	22	A engenharia social continua sendo uma das maiores armas dos criminosos , explorando a ingenuidade ou distração das pessoas para obter acesso a informações valiosas , mostrando que a segurança depende tanto de comportamento quanto de tecnologia .
informações	NOUN	0	17	23	A engenharia social continua sendo uma das maiores armas dos criminosos , explorando a ingenuidade ou distração das pessoas para obter acesso a informações valiosas , mostrando que a segurança depende tanto de comportamento quanto de tecnologia .
valiosas	ADJ	1	17	24	A engenharia social continua sendo uma das maiores armas dos criminosos , explorando a ingenuidade ou distração das pessoas para obter acesso a informações valiosas , mostrando que a segurança depende tanto de comportamento quanto de tecnologia .
,	PUNCT	0	17	25	A engenharia social continua sendo uma das maiores armas dos criminosos , explorando a ingenuidade ou distração das pessoas para obter acesso a informações valiosas , mostrando que a segurança depende tanto de comportamento quanto de tecnologia .
mostrando	VERB	0	17	26	A engenharia social continua sendo uma das maiores armas dos criminosos , explorando a ingenuidade ou distração das pessoas para obter acesso a informações valiosas , mostrando que a segurança depende tanto de comportamento quanto de tecnologia .
que	SCONJ	0	17	27	A engenharia social continua sendo uma das maiores armas dos criminosos , explorando a ingenuidade ou distração das pessoas para obter acesso a informações valiosas , mostrando que a segurança depende tanto de comportamento quanto de tecnologia .
a	DET	0	17	28	A engenharia social continua sendo uma das maiores armas dos criminosos , explorando a ingenuidade ou distração das pessoas para obter acesso a informações valiosas , mostrando que a segurança depende tanto de comportamento quanto de tecnologia .
segurança	NOUN	0	17	29	A engenharia social continua sendo uma das maiores armas dos criminosos , explorando a ingenuidade ou distração das pessoas para obter acesso a informações valiosas , mostrando que a segurança depende tanto de comportamento quanto de tecnologia .
depende	VERB	0	17	30	A engenharia social continua sendo uma das maiores armas dos criminosos , explorando a ingenuidade ou distração das pessoas para obter acesso a informações valiosas , mostrando que a segurança depende tanto de comportamento quanto de tecnologia .
tanto	ADV	0	17	31	A engenharia social continua sendo uma das maiores armas dos criminosos , explorando a ingenuidade ou distração das pessoas para obter acesso a informações valiosas , mostrando que a segurança depende tanto de comportamento quanto de tecnologia .
de	ADP	0	17	32	A engenharia social continua sendo uma das maiores armas dos criminosos , explorando a ingenuidade ou distração das pessoas para obter acesso a informações valiosas , mostrando que a segurança depende tanto de comportamento quanto de tecnologia .
comportamento	NOUN	0	17	33	A engenharia social continua sendo uma das maiores armas dos criminosos , explorando a ingenuidade ou distração das pessoas para obter acesso a informações valiosas , mostrando que a segurança depende tanto de comportamento quanto de tecnologia .
quanto	ADV	0	17	34	A engenharia social continua sendo uma das maiores armas dos criminosos , explorando a ingenuidade ou distração das pessoas para obter acesso a informações valiosas , mostrando que a segurança depende tanto de comportamento quanto de tecnologia .
de	ADP	0	17	35	A engenharia social continua sendo uma das maiores armas dos criminosos , explorando a ingenuidade ou distração das pessoas para obter acesso a informações valiosas , mostrando que a segurança depende tanto de comportamento quanto de tecnologia .
tecnologia	NOUN	0	17	36	A engenharia social continua sendo uma das maiores armas dos criminosos , explorando a ingenuidade ou distração das pessoas para obter acesso a informações valiosas , mostrando que a segurança depende tanto de comportamento quanto de tecnologia .
.	PUNCT	0	17	37	A engenharia social continua sendo uma das maiores armas dos criminosos , explorando a ingenuidade ou distração das pessoas para obter acesso a informações valiosas , mostrando que a segurança depende tanto de comportamento quanto de tecnologia .
O	DET	0	18	0	O uso de senhas fortes e únicas para cada serviço é uma prática simples , mas muitas vezes negligenciada , que pode evitar invasões e proteger dados pessoais contra acessos não autorizados .
uso	NOUN	0	18	1	O uso de senhas fortes e únicas para cada serviço é uma prática simples , mas muitas vezes negligenciada , que pode evitar invasões e proteger dados pessoais contra acessos não autorizados .
de	ADP	0	18	2	O uso de senhas fortes e únicas para cada serviço é uma prática simples , mas muitas vezes negligenciada , que pode evitar invasões e proteger dados pessoais contra acessos não autorizados .
senhas	NOUN	1	18	3	O uso de senhas fortes e únicas para cada serviço é uma prática simples , mas muitas vezes negligenciada , que pode evitar invasões e proteger dados pessoais contra acessos não autorizados .
fortes	ADJ	0	18	4	O uso de senhas fortes e únicas para cada serviço é uma prática simples , mas muitas vezes negligenciada , que pode evitar invasões e proteger dados pessoais contra acessos não autorizados .
e	CCONJ	0	18	5	O uso de senhas fortes e únicas para cada serviço é uma prática simples , mas muitas vezes negligenciada , que pode evitar invasões e proteger dados pessoais contra acessos não autorizados .
únicas	ADJ	0	18	6	O uso de senhas fortes e únicas para cada serviço é uma prática simples , mas muitas vezes negligenciada , que pode evitar invasões e proteger dados pessoais contra acessos não autorizados .
para	ADP	0	18	7	O uso de senhas fortes e únicas para cada serviço é uma prática simples , mas muitas vezes negligenciada , que pode evitar invasões e proteger dados pessoais contra acessos não autorizados .
cada	DET	0	18	8	O uso de senhas fortes e únicas para cada serviço é uma prática simples , mas muitas vezes negligenciada , que pode evitar invasões e proteger dados pessoais contra acessos não autorizados .
serviço	NOUN	0	18	9	O uso de senhas fortes e únicas para cada serviço é uma prática simples , mas muitas vezes negligenciada , que pode evitar invasões e proteger dados pessoais contra acessos não autorizados .
é	AUX	0	18	10	O uso de senhas fortes e únicas para cada serviço é uma prática simples , mas muitas vezes negligenciada , que pode evitar invasões e proteger dados pessoais contra acessos não autorizados .
uma	DET	0	18	11	O uso de senhas fortes e únicas para cada serviço é uma prática simples , mas muitas vezes negligenciada , que pode evitar invasões e proteger dados pessoais contra acessos não autorizados .
prática	NOUN	0	18	12	O uso de senhas fortes e únicas para cada serviço é uma prática simples , mas muitas vezes negligenciada , que pode evitar invasões e proteger dados pessoais contra acessos não autorizados .
simples	ADJ	0	18	13	O uso de senhas fortes e únicas para cada serviço é uma prática simples , mas muitas vezes negligenciada , que pode evitar invasões e proteger dados pessoais contra acessos não autorizados .
,	PUNCT	0	18	14	O uso de senhas fortes e únicas para cada serviço é uma prática simples , mas muitas vezes negligenciada , que pode evitar invasões e proteger dados pessoais contra acessos não autorizados .
mas	CCONJ	0	18	15	O uso de senhas fortes e únicas para cada serviço é uma prática simples , mas muitas vezes negligenciada , que pode evitar invasões e proteger dados pessoais contra acessos não autorizados .
muitas	DET	0	18	16	O uso de senhas fortes e únicas para cada serviço é uma prática simples , mas muitas vezes negligenciada , que pode evitar invasões e proteger dados pessoais contra acessos não autorizados .
vezes	NOUN	0	18	17	O uso de senhas fortes e únicas para cada serviço é uma prática simples , mas muitas vezes negligenciada , que pode evitar invasões e proteger dados pessoais contra acessos não autorizados .
negligenciada	VERB	1	18	18	O uso de senhas fortes e únicas para cada serviço é uma prática simples , mas muitas vezes negligenciada , que pode evitar invasões e proteger dados pessoais contra acessos não autorizados .
,	PUNCT	0	18	19	O uso de senhas fortes e únicas para cada serviço é uma prática simples , mas muitas vezes negligenciada , que pode evitar invasões e proteger dados pessoais contra acessos não autorizados .
que	PRON	0	18	20	O uso de senhas fortes e únicas para cada serviço é uma prática simples , mas muitas vezes negligenciada , que pode evitar invasões e proteger dados pessoais contra acessos não autorizados .
pode	VERB	0	18	21	O uso de senhas fortes e únicas para cada serviço é uma prática simples , mas muitas vezes negligenciada , que pode evitar invasões e proteger dados pessoais contra acessos não autorizados .
evitar	VERB	0	18	22	O uso de senhas fortes e únicas para cada serviço é uma prática simples , mas muitas vezes negligenciada , que pode evitar invasões e proteger dados pessoais contra acessos não autorizados .
invasões	NOUN	0	18	23	O uso de senhas fortes e únicas para cada serviço é uma prática simples , mas muitas vezes negligenciada , que pode evitar invasões e proteger dados pessoais contra acessos não autorizados .
e	CCONJ	0	18	24	O uso de senhas fortes e únicas para cada serviço é uma prática simples , mas muitas vezes negligenciada , que pode evitar invasões e proteger dados pessoais contra acessos não autorizados .
proteger	VERB	0	18	25	O uso de senhas fortes e únicas para cada serviço é uma prática simples , mas muitas vezes negligenciada , que pode evitar invasões e proteger dados pessoais contra acessos não autorizados .
dados	NOUN	0	18	26	O uso de senhas fortes e únicas para cada serviço é uma prática simples , mas muitas vezes negligenciada , que pode evitar invasões e proteger dados pessoais contra acessos não autorizados .
pessoais	ADJ	0	18	27	O uso de senhas fortes e únicas para cada serviço é uma prática simples , mas muitas vezes negligenciada , que pode evitar invasões e proteger dados pessoais contra acessos não autorizados .
contra	ADP	0	18	28	O uso de senhas fortes e únicas para cada serviço é uma prática simples , mas muitas vezes negligenciada , que pode evitar invasões e proteger dados pessoais contra acessos não autorizados .
acessos	NOUN	0	18	29	O uso de senhas fortes e únicas para cada serviço é uma prática simples , mas muitas vezes negligenciada , que pode evitar invasões e proteger dados pessoais contra acessos não autorizados .
não	ADV	0	18	30	O uso de senhas fortes e únicas para cada serviço é uma prática simples , mas muitas vezes negligenciada , que pode evitar invasões e proteger dados pessoais contra acessos não autorizados .
autorizados	VERB	1	18	31	O uso de senhas fortes e únicas para cada serviço é uma prática simples , mas muitas vezes negligenciada , que pode evitar invasões e proteger dados pessoais contra acessos não autorizados .
.	PUNCT	0	18	32	O uso de senhas fortes e únicas para cada serviço é uma prática simples , mas muitas vezes negligenciada , que pode evitar invasões e proteger dados pessoais contra acessos não autorizados .
A	DET	0	19	0	A autenticação multifatorial é outra ferramenta poderosa , adicionando camadas extras de proteção que dificultam a ação de invasores , mesmo que consigam obter senhas por meio de ataques ou vazamentos .
autenticação	NOUN	1	19	1	A autenticação multifatorial é outra ferramenta poderosa , adicionando camadas extras de proteção que dificultam a ação de invasores , mesmo que consigam obter senhas por meio de ataques ou vazamentos .
multifatorial	ADJ	1	19	2	A autenticação multifatorial é outra ferramenta poderosa , adicionando camadas extras de proteção que dificultam a ação de invasores , mesmo que consigam obter senhas por meio de ataques ou vazamentos .
é	AUX	0	19	3	A autenticação multifatorial é outra ferramenta poderosa , adicionando camadas extras de proteção que dificultam a ação de invasores , mesmo que consigam obter senhas por meio de ataques ou vazamentos .
outra	DET	0	19	4	A autenticação multifatorial é outra ferramenta poderosa , adicionando camadas extras de proteção que dificultam a ação de invasores , mesmo que consigam obter senhas por meio de ataques ou vazamentos .
ferramenta	NOUN	0	19	5	A autenticação multifatorial é outra ferramenta poderosa , adicionando camadas extras de proteção que dificultam a ação de invasores , mesmo que consigam obter senhas por meio de ataques ou vazamentos .
poderosa	ADJ	0	19	6	A autenticação multifatorial é outra ferramenta poderosa , adicionando camadas extras de proteção que dificultam a ação de invasores , mesmo que consigam obter senhas por meio de ataques ou vazamentos .
,	PUNCT	0	19	7	A autenticação multifatorial é outra ferramenta poderosa , adicionando camadas extras de proteção que dificultam a ação de invasores , mesmo que consigam obter senhas por meio de ataques ou vazamentos .
adicionando	VERB	1	19	8	A autenticação multifatorial é outra ferramenta poderosa , adicionando camadas extras de proteção que dificultam a ação de invasores , mesmo que consigam obter senhas por meio de ataques ou vazamentos .
camadas	NOUN	0	19	9	A autenticação multifatorial é outra ferramenta poderosa , adicionando camadas extras de proteção que dificultam a ação de invasores , mesmo que consigam obter senhas por meio de ataques ou vazamentos .
extras	ADJ	0	19	10	A autenticação multifatorial é outra ferramenta poderosa , adicionando camadas extras de proteção que dificultam a ação de invasores , mesmo que consigam obter senhas por meio de ataques ou vazamentos .
de	ADP	0	19	11	A autenticação multifatorial é outra ferramenta poderosa , adicionando camadas extras de proteção que dificultam a ação de invasores , mesmo que consigam obter senhas por meio de ataques ou vazamentos .
proteção	NOUN	0	19	12	A autenticação multifatorial é outra ferramenta poderosa , adicionando camadas extras de proteção que dificultam a ação de invasores , mesmo que consigam obter senhas por meio de ataques ou vazamentos .
que	PRON	0	19	13	A autenticação multifatorial é outra ferramenta poderosa , adicionando camadas extras de proteção que dificultam a ação de invasores , mesmo que consigam obter senhas por meio de ataques ou vazamentos .
dificultam	VERB	1	19	14	A autenticação multifatorial é outra ferramenta poderosa , adicionando camadas extras de proteção que dificultam a ação de invasores , mesmo que consigam obter senhas por meio de ataques ou vazamentos .
a	DET	0	19	15	A autenticação multifatorial é outra ferramenta poderosa , adicionando camadas extras de proteção que dificultam a ação de invasores , mesmo que consigam obter senhas por meio de ataques ou vazamentos .
ação	NOUN	0	19	16	A autenticação multifatorial é outra ferramenta poderosa , adicionando camadas extras de proteção que dificultam a ação de invasores , mesmo que consigam obter senhas por meio de ataques ou vazamentos .
de	ADP	0	19	17	A autenticação multifatorial é outra ferramenta poderosa , adicionando camadas extras de proteção que dificultam a ação de invasores , mesmo que consigam obter senhas por meio de ataques ou vazamentos .
invasores	NOUN	0	19	18	A autenticação multifatorial é outra ferramenta poderosa , adicionando camadas extras de proteção que dificultam a ação de invasores , mesmo que consigam obter senhas por meio de ataques ou vazamentos .
,	PUNCT	0	19	19	A autenticação multifatorial é outra ferramenta poderosa , adicionando camadas extras de proteção que dificultam a ação de invasores , mesmo que consigam obter senhas por meio de ataques ou vazamentos .
mesmo	ADV	0	19	20	A autenticação multifatorial é outra ferramenta poderosa , adicionando camadas extras de proteção que dificultam a ação de invasores , mesmo que consigam obter senhas por meio de ataques ou vazamentos .
que	SCONJ	0	19	21	A autenticação multifatorial é outra ferramenta poderosa , adicionando camadas extras de proteção que dificultam a ação de invasores , mesmo que consigam obter senhas por meio de ataques ou vazamentos .
consigam	VERB	1	19	22	A autenticação multifatorial é outra ferramenta poderosa , adicionando camadas extras de proteção que dificultam a ação de invasores , mesmo que consigam obter senhas por meio de ataques ou vazamentos .
obter	VERB	0	19	23	A autenticação multifatorial é outra ferramenta poderosa , adicionando camadas extras de proteção que dificultam a ação de invasores , mesmo que consigam obter senhas por meio de ataques ou vazamentos .
senhas	NOUN	1	19	24	A autenticação multifatorial é outra ferramenta poderosa , adicionando camadas extras de proteção que dificultam a ação de invasores , mesmo que consigam obter senhas por meio de ataques ou vazamentos .
por	ADP	0	19	25	A autenticação multifatorial é outra ferramenta poderosa , adicionando camadas extras de proteção que dificultam a ação de invasores , mesmo que consigam obter senhas por meio de ataques ou vazamentos .
meio	NOUN	0	19	26	A autenticação multifatorial é outra ferramenta poderosa , adicionando camadas extras de proteção que dificultam a ação de invasores , mesmo que consigam obter senhas por meio de ataques ou vazamentos .
de	ADP	0	19	27	A autenticação multifatorial é outra ferramenta poderosa , adicionando camadas extras de proteção que dificultam a ação de invasores , mesmo que consigam obter senhas por meio de ataques ou vazamentos .
ataques	NOUN	0	19	28	A autenticação multifatorial é outra ferramenta poderosa , adicionando camadas extras de proteção que dificultam a ação de invasores , mesmo que consigam obter senhas por meio de ataques ou vazamentos .
ou	CCONJ	0	19	29	A autenticação multifatorial é outra ferramenta poderosa , adicionando camadas extras de proteção que dificultam a ação de invasores , mesmo que consigam obter senhas por meio de ataques ou vazamentos .
vazamentos	NOUN	1	19	30	A autenticação multifatorial é outra ferramenta poderosa , adicionando camadas extras de proteção que dificultam a ação de invasores , mesmo que consigam obter senhas por meio de ataques ou vazamentos .
.	PUNCT	0	19	31	A autenticação multifatorial é outra ferramenta poderosa , adicionando camadas extras de proteção que dificultam a ação de invasores , mesmo que consigam obter senhas por meio de ataques ou vazamentos .
Empresas	NOUN	1	20	0	Empresas que não investem em segurança digital correm riscos não apenas financeiros , mas também reputacionais , pois a perda de confiança dos clientes pode ser devastadora e difícil de recuperar .
que	PRON	0	20	1	Empresas que não investem em segurança digital correm riscos não apenas financeiros , mas também reputacionais , pois a perda de confiança dos clientes pode ser devastadora e difícil de recuperar .
não	ADV	0	20	2	Empresas que não investem em segurança digital correm riscos não apenas financeiros , mas também reputacionais , pois a perda de confiança dos clientes pode ser devastadora e difícil de recuperar .
investem	VERB	1	20	3	Empresas que não investem em segurança digital correm riscos não apenas financeiros , mas também reputacionais , pois a perda de confiança dos clientes pode ser devastadora e difícil de recuperar .
em	ADP	0	20	4	Empresas que não investem em segurança digital correm riscos não apenas financeiros , mas também reputacionais , pois a perda de confiança dos clientes pode ser devastadora e difícil de recuperar .
segurança	NOUN	0	20	5	Empresas que não investem em segurança digital correm riscos não apenas financeiros , mas também reputacionais , pois a perda de confiança dos clientes pode ser devastadora e difícil de recuperar .
digital	ADJ	0	20	6	Empresas que não investem em segurança digital correm riscos não apenas financeiros , mas também reputacionais , pois a perda de confiança dos clientes pode ser devastadora e difícil de recuperar .
correm	VERB	1	20	7	Empresas que não investem em segurança digital correm riscos não apenas financeiros , mas também reputacionais , pois a perda de confiança dos clientes pode ser devastadora e difícil de recuperar .
riscos	NOUN	0	20	8	Empresas que não investem em segurança digital correm riscos não apenas financeiros , mas também reputacionais , pois a perda de confiança dos clientes pode ser devastadora e difícil de recuperar .
não	ADV	0	20	9	Empresas que não investem em segurança digital correm riscos não apenas financeiros , mas também reputacionais , pois a perda de confiança dos clientes pode ser devastadora e difícil de recuperar .
apenas	ADV	0	20	10	Empresas que não investem em segurança digital correm riscos não apenas financeiros , mas também reputacionais , pois a perda de confiança dos clientes pode ser devastadora e difícil de recuperar .
financeiros	NOUN	0	20	11	Empresas que não investem em segurança digital correm riscos não apenas financeiros , mas também reputacionais , pois a perda de confiança dos clientes pode ser devastadora e difícil de recuperar .
,	PUNCT	0	20	12	Empresas que não investem em segurança digital correm riscos não apenas financeiros , mas também reputacionais , pois a perda de confiança dos clientes pode ser devastadora e difícil de recuperar .
mas	CCONJ	0	20	13	Empresas que não investem em segurança digital correm riscos não apenas financeiros , mas também reputacionais , pois a perda de confiança dos clientes pode ser devastadora e difícil de recuperar .
também	ADV	0	20	14	Empresas que não investem em segurança digital correm riscos não apenas financeiros , mas também reputacionais , pois a perda de confiança dos clientes pode ser devastadora e difícil de recuperar .
reputacionais	ADJ	1	20	15	Empresas que não investem em segurança digital correm riscos não apenas financeiros , mas também reputacionais , pois a perda de confiança dos clientes pode ser devastadora e difícil de recuperar .
,	PUNCT	0	20	16	Empresas que não investem em segurança digital correm riscos não apenas financeiros , mas também reputacionais , pois a perda de confiança dos clientes pode ser devastadora e difícil de recuperar .
pois	SCONJ	0	20	17	Empresas que não investem em segurança digital correm riscos não apenas financeiros , mas também reputacionais , pois a perda de confiança dos clientes pode ser devastadora e difícil de recuperar .
a	DET	0	20	18	Empresas que não investem em segurança digital correm riscos não apenas financeiros , mas também reputacionais , pois a perda de confiança dos clientes pode ser devastadora e difícil de recuperar .
perda	NOUN	0	20	19	Empresas que não investem em segurança digital correm riscos não apenas financeiros , mas também reputacionais , pois a perda de confiança dos clientes pode ser devastadora e difícil de recuperar .
de	ADP	0	20	20	Empresas que não investem em segurança digital correm riscos não apenas financeiros , mas também reputacionais , pois a perda de confiança dos clientes pode ser devastadora e difícil de recuperar .
confiança	NOUN	0	20	21	Empresas que não investem em segurança digital correm riscos não apenas financeiros , mas também reputacionais , pois a perda de confiança dos clientes pode ser devastadora e difícil de recuperar .
dos	ADP	0	20	22	Empresas que não investem em segurança digital correm riscos não apenas financeiros , mas também reputacionais , pois a perda de confiança dos clientes pode ser devastadora e difícil de recuperar .
clientes	NOUN	0	20	23	Empresas que não investem em segurança digital correm riscos não apenas financeiros , mas também reputacionais , pois a perda de confiança dos clientes pode ser devastadora e difícil de recuperar .
pode	VERB	0	20	24	Empresas que não investem em segurança digital correm riscos não apenas financeiros , mas também reputacionais , pois a perda de confiança dos clientes pode ser devastadora e difícil de recuperar .
ser	AUX	0	20	25	Empresas que não investem em segurança digital correm riscos não apenas financeiros , mas também reputacionais , pois a perda de confiança dos clientes pode ser devastadora e difícil de recuperar .
devastadora	ADJ	1	20	26	Empresas que não investem em segurança digital correm riscos não apenas financeiros , mas também reputacionais , pois a perda de confiança dos clientes pode ser devastadora e difícil de recuperar .
e	CCONJ	0	20	27	Empresas que não investem em segurança digital correm riscos não apenas financeiros , mas também reputacionais , pois a perda de confiança dos clientes pode ser devastadora e difícil de recuperar .
difícil	ADJ	0	20	28	Empresas que não investem em segurança digital correm riscos não apenas financeiros , mas também reputacionais , pois a perda de confiança dos clientes pode ser devastadora e difícil de recuperar .
de	SCONJ	0	20	29	Empresas que não investem em segurança digital correm riscos não apenas financeiros , mas também reputacionais , pois a perda de confiança dos clientes pode ser devastadora e difícil de recuperar .
recuperar	VERB	0	20	30	Empresas que não investem em segurança digital correm riscos não apenas financeiros , mas também reputacionais , pois a perda de confiança dos clientes pode ser devastadora e difícil de recuperar .
.	PUNCT	0	20	31	Empresas que não investem em segurança digital correm riscos não apenas financeiros , mas também reputacionais , pois a perda de confiança dos clientes pode ser devastadora e difícil de recuperar .
A	DET	0	21	0	A segurança cibernética também envolve proteção contra espionagem industrial , onde concorrentes podem tentar roubar segredos comerciais ou informações estratégicas para obter vantagens no mercado .
segurança	NOUN	0	21	1	A segurança cibernética também envolve proteção contra espionagem industrial , onde concorrentes podem tentar roubar segredos comerciais ou informações estratégicas para obter vantagens no mercado .
cibernética	ADJ	1	21	2	A segurança cibernética também envolve proteção contra espionagem industrial , onde concorrentes podem tentar roubar segredos comerciais ou informações estratégicas para obter vantagens no mercado .
também	ADV	0	21	3	A segurança cibernética também envolve proteção contra espionagem industrial , onde concorrentes podem tentar roubar segredos comerciais ou informações estratégicas para obter vantagens no mercado .
envolve	VERB	0	21	4	A segurança cibernética também envolve proteção contra espionagem industrial , onde concorrentes podem tentar roubar segredos comerciais ou informações estratégicas para obter vantagens no mercado .
proteção	NOUN	0	21	5	A segurança cibernética também envolve proteção contra espionagem industrial , onde concorrentes podem tentar roubar segredos comerciais ou informações estratégicas para obter vantagens no mercado .
contra	ADP	0	21	6	A segurança cibernética também envolve proteção contra espionagem industrial , onde concorrentes podem tentar roubar segredos comerciais ou informações estratégicas para obter vantagens no mercado .
espionagem	NOUN	0	21	7	A segurança cibernética também envolve proteção contra espionagem industrial , onde concorrentes podem tentar roubar segredos comerciais ou informações estratégicas para obter vantagens no mercado .
industrial	ADJ	0	21	8	A segurança cibernética também envolve proteção contra espionagem industrial , onde concorrentes podem tentar roubar segredos comerciais ou informações estratégicas para obter vantagens no mercado .
,	PUNCT	0	21	9	A segurança cibernética também envolve proteção contra espionagem industrial , onde concorrentes podem tentar roubar segredos comerciais ou informações estratégicas para obter vantagens no mercado .
onde	PRON	0	21	10	A segurança cibernética também envolve proteção contra espionagem industrial , onde concorrentes podem tentar roubar segredos comerciais ou informações estratégicas para obter vantagens no mercado .
concorrentes	NOUN	0	21	11	A segurança cibernética também envolve proteção contra espionagem industrial , onde concorrentes podem tentar roubar segredos comerciais ou informações estratégicas para obter vantagens no mercado .
podem	VERB	0	21	12	A segurança cibernética também envolve proteção contra espionagem industrial , onde concorrentes podem tentar roubar segredos comerciais ou informações estratégicas para obter vantagens no mercado .
tentar	VERB	0	21	13	A segurança cibernética também envolve proteção contra espionagem industrial , onde concorrentes podem tentar roubar segredos comerciais ou informações estratégicas para obter vantagens no mercado .
roubar	VERB	0	21	14	A segurança cibernética também envolve proteção contra espionagem industrial , onde concorrentes podem tentar roubar segredos comerciais ou informações estratégicas para obter vantagens no mercado .
segredos	NOUN	0	21	15	A segurança cibernética também envolve proteção contra espionagem industrial , onde concorrentes podem tentar roubar segredos comerciais ou informações estratégicas para obter vantagens no mercado .
comerciais	ADJ	0	21	16	A segurança cibernética também envolve proteção contra espionagem industrial , onde concorrentes podem tentar roubar segredos comerciais ou informações estratégicas para obter vantagens no mercado .
ou	CCONJ	0	21	17	A segurança cibernética também envolve proteção contra espionagem industrial , onde concorrentes podem tentar roubar segredos comerciais ou informações estratégicas para obter vantagens no mercado .
informações	NOUN	0	21	18	A segurança cibernética também envolve proteção contra espionagem industrial , onde concorrentes podem tentar roubar segredos comerciais ou informações estratégicas para obter vantagens no mercado .
estratégicas	ADJ	1	21	19	A segurança cibernética também envolve proteção contra espionagem industrial , onde concorrentes podem tentar roubar segredos comerciais ou informações estratégicas para obter vantagens no mercado .
para	SCONJ	0	21	20	A segurança cibernética também envolve proteção contra espionagem industrial , onde concorrentes podem tentar roubar segredos comerciais ou informações estratégicas para obter vantagens no mercado .
obter	VERB	0	21	21	A segurança cibernética também envolve proteção contra espionagem industrial , onde concorrentes podem tentar roubar segredos comerciais ou informações estratégicas para obter vantagens no mercado .
vantagens	NOUN	0	21	22	A segurança cibernética também envolve proteção contra espionagem industrial , onde concorrentes podem tentar roubar segredos comerciais ou informações estratégicas para obter vantagens no mercado .
no	ADP	0	21	23	A segurança cibernética também envolve proteção contra espionagem industrial , onde concorrentes podem tentar roubar segredos comerciais ou informações estratégicas para obter vantagens no mercado .
mercado	NOUN	0	21	24	A segurança cibernética também envolve proteção contra espionagem industrial , onde concorrentes podem tentar roubar segredos comerciais ou informações estratégicas para obter vantagens no mercado .
.	PUNCT	0	21	25	A segurança cibernética também envolve proteção contra espionagem industrial , onde concorrentes podem tentar roubar segredos comerciais ou informações estratégicas para obter vantagens no mercado .
A	DET	0	22	0	A criptografia é uma das ferramentas mais eficazes para proteger dados , garantindo que apenas pessoas autorizadas possam acessar informações sensíveis , mesmo que elas sejam interceptadas durante a transmissão .
criptografia	NOUN	1	22	1	A criptografia é uma das ferramentas mais eficazes para proteger dados , garantindo que apenas pessoas autorizadas possam acessar informações sensíveis , mesmo que elas sejam interceptadas durante a transmissão .
é	AUX	0	22	2	A criptografia é uma das ferramentas mais eficazes para proteger dados , garantindo que apenas pessoas autorizadas possam acessar informações sensíveis , mesmo que elas sejam interceptadas durante a transmissão .
uma	NUM	0	22	3	A criptografia é uma das ferramentas mais eficazes para proteger dados , garantindo que apenas pessoas autorizadas possam acessar informações sensíveis , mesmo que elas sejam interceptadas durante a transmissão .
das	ADP	0	22	4	A criptografia é uma das ferramentas mais eficazes para proteger dados , garantindo que apenas pessoas autorizadas possam acessar informações sensíveis , mesmo que elas sejam interceptadas durante a transmissão .
ferramentas	NOUN	0	22	5	A criptografia é uma das ferramentas mais eficazes para proteger dados , garantindo que apenas pessoas autorizadas possam acessar informações sensíveis , mesmo que elas sejam interceptadas durante a transmissão .
mais	ADV	0	22	6	A criptografia é uma das ferramentas mais eficazes para proteger dados , garantindo que apenas pessoas autorizadas possam acessar informações sensíveis , mesmo que elas sejam interceptadas durante a transmissão .
eficazes	ADJ	1	22	7	A criptografia é uma das ferramentas mais eficazes para proteger dados , garantindo que apenas pessoas autorizadas possam acessar informações sensíveis , mesmo que elas sejam interceptadas durante a transmissão .
para	SCONJ	0	22	8	A criptografia é uma das ferramentas mais eficazes para proteger dados , garantindo que apenas pessoas autorizadas possam acessar informações sensíveis , mesmo que elas sejam interceptadas durante a transmissão .
proteger	VERB	0	22	9	A criptografia é uma das ferramentas mais eficazes para proteger dados , garantindo que apenas pessoas autorizadas possam acessar informações sensíveis , mesmo que elas sejam interceptadas durante a transmissão .
dados	NOUN	0	22	10	A criptografia é uma das ferramentas mais eficazes para proteger dados , garantindo que apenas pessoas autorizadas possam acessar informações sensíveis , mesmo que elas sejam interceptadas durante a transmissão .
,	PUNCT	0	22	11	A criptografia é uma das ferramentas mais eficazes para proteger dados , garantindo que apenas pessoas autorizadas possam acessar informações sensíveis , mesmo que elas sejam interceptadas durante a transmissão .
garantindo	VERB	0	22	12	A criptografia é uma das ferramentas mais eficazes para proteger dados , garantindo que apenas pessoas autorizadas possam acessar informações sensíveis , mesmo que elas sejam interceptadas durante a transmissão .
que	SCONJ	0	22	13	A criptografia é uma das ferramentas mais eficazes para proteger dados , garantindo que apenas pessoas autorizadas possam acessar informações sensíveis , mesmo que elas sejam interceptadas durante a transmissão .
apenas	ADV	0	22	14	A criptografia é uma das ferramentas mais eficazes para proteger dados , garantindo que apenas pessoas autorizadas possam acessar informações sensíveis , mesmo que elas sejam interceptadas durante a transmissão .
pessoas	NOUN	0	22	15	A criptografia é uma das ferramentas mais eficazes para proteger dados , garantindo que apenas pessoas autorizadas possam acessar informações sensíveis , mesmo que elas sejam interceptadas durante a transmissão .
autorizadas	VERB	1	22	16	A criptografia é uma das ferramentas mais eficazes para proteger dados , garantindo que apenas pessoas autorizadas possam acessar informações sensíveis , mesmo que elas sejam interceptadas durante a transmissão .
possam	VERB	0	22	17	A criptografia é uma das ferramentas mais eficazes para proteger dados , garantindo que apenas pessoas autorizadas possam acessar informações sensíveis , mesmo que elas sejam interceptadas durante a transmissão .
acessar	VERB	1	22	18	A criptografia é uma das ferramentas mais eficazes para proteger dados , garantindo que apenas pessoas autorizadas possam acessar informações sensíveis , mesmo que elas sejam interceptadas durante a transmissão .
informações	NOUN	0	22	19	A criptografia é uma das ferramentas mais eficazes para proteger dados , garantindo que apenas pessoas autorizadas possam acessar informações sensíveis , mesmo que elas sejam interceptadas durante a transmissão .
sensíveis	ADJ	0	22	20	A criptografia é uma das ferramentas mais eficazes para proteger dados , garantindo que apenas pessoas autorizadas possam acessar informações sensíveis , mesmo que elas sejam interceptadas durante a transmissão .
,	PUNCT	0	22	21	A criptografia é uma das ferramentas mais eficazes para proteger dados , garantindo que apenas pessoas autorizadas possam acessar informações sensíveis , mesmo que elas sejam interceptadas durante a transmissão .
mesmo	ADV	0	22	22	A criptografia é uma das ferramentas mais eficazes para proteger dados , garantindo que apenas pessoas autorizadas possam acessar informações sensíveis , mesmo que elas sejam interceptadas durante a transmissão .
que	SCONJ	0	22	23	A criptografia é uma das ferramentas mais eficazes para proteger dados , garantindo que apenas pessoas autorizadas possam acessar informações sensíveis , mesmo que elas sejam interceptadas durante a transmissão .
elas	PRON	0	22	24	A criptografia é uma das ferramentas mais eficazes para proteger dados , garantindo que apenas pessoas autorizadas possam acessar informações sensíveis , mesmo que elas sejam interceptadas durante a transmissão .
sejam	AUX	0	22	25	A criptografia é uma das ferramentas mais eficazes para proteger dados , garantindo que apenas pessoas autorizadas possam acessar informações sensíveis , mesmo que elas sejam interceptadas durante a transmissão .
interceptadas	VERB	1	22	26	A criptografia é uma das ferramentas mais eficazes para proteger dados , garantindo que apenas pessoas autorizadas possam acessar informações sensíveis , mesmo que elas sejam interceptadas durante a transmissão .
durante	ADP	0	22	27	A criptografia é uma das ferramentas mais eficazes para proteger dados , garantindo que apenas pessoas autorizadas possam acessar informações sensíveis , mesmo que elas sejam interceptadas durante a transmissão .
a	DET	0	22	28	A criptografia é uma das ferramentas mais eficazes para proteger dados , garantindo que apenas pessoas autorizadas possam acessar informações sensíveis , mesmo que elas sejam interceptadas durante a transmissão .
transmissão	NOUN	0	22	29	A criptografia é uma das ferramentas mais eficazes para proteger dados , garantindo que apenas pessoas autorizadas possam acessar informações sensíveis , mesmo que elas sejam interceptadas durante a transmissão .
.	PUNCT	0	22	30	A criptografia é uma das ferramentas mais eficazes para proteger dados , garantindo que apenas pessoas autorizadas possam acessar informações sensíveis , mesmo que elas sejam interceptadas durante a transmissão .
O	DET	0	23	0	O monitoramento constante de redes é essencial para detectar atividades suspeitas em tempo real , permitindo respostas rápidas que podem impedir ataques antes que eles causem danos significativos .
monitoramento	NOUN	1	23	1	O monitoramento constante de redes é essencial para detectar atividades suspeitas em tempo real , permitindo respostas rápidas que podem impedir ataques antes que eles causem danos significativos .
constante	ADJ	0	23	2	O monitoramento constante de redes é essencial para detectar atividades suspeitas em tempo real , permitindo respostas rápidas que podem impedir ataques antes que eles causem danos significativos .
de	ADP	0	23	3	O monitoramento constante de redes é essencial para detectar atividades suspeitas em tempo real , permitindo respostas rápidas que podem impedir ataques antes que eles causem danos significativos .
redes	NOUN	0	23	4	O monitoramento constante de redes é essencial para detectar atividades suspeitas em tempo real , permitindo respostas rápidas que podem impedir ataques antes que eles causem danos significativos .
é	AUX	0	23	5	O monitoramento constante de redes é essencial para detectar atividades suspeitas em tempo real , permitindo respostas rápidas que podem impedir ataques antes que eles causem danos significativos .
essencial	ADJ	0	23	6	O monitoramento constante de redes é essencial para detectar atividades suspeitas em tempo real , permitindo respostas rápidas que podem impedir ataques antes que eles causem danos significativos .
para	SCONJ	0	23	7	O monitoramento constante de redes é essencial para detectar atividades suspeitas em tempo real , permitindo respostas rápidas que podem impedir ataques antes que eles causem danos significativos .
detectar	VERB	0	23	8	O monitoramento constante de redes é essencial para detectar atividades suspeitas em tempo real , permitindo respostas rápidas que podem impedir ataques antes que eles causem danos significativos .
atividades	NOUN	0	23	9	O monitoramento constante de redes é essencial para detectar atividades suspeitas em tempo real , permitindo respostas rápidas que podem impedir ataques antes que eles causem danos significativos .
suspeitas	ADJ	0	23	10	O monitoramento constante de redes é essencial para detectar atividades suspeitas em tempo real , permitindo respostas rápidas que podem impedir ataques antes que eles causem danos significativos .
em	ADP	0	23	11	O monitoramento constante de redes é essencial para detectar atividades suspeitas em tempo real , permitindo respostas rápidas que podem impedir ataques antes que eles causem danos significativos .
tempo	NOUN	0	23	12	O monitoramento constante de redes é essencial para detectar atividades suspeitas em tempo real , permitindo respostas rápidas que podem impedir ataques antes que eles causem danos significativos .
real	ADJ	0	23	13	O monitoramento constante de redes é essencial para detectar atividades suspeitas em tempo real , permitindo respostas rápidas que podem impedir ataques antes que eles causem danos significativos .
,	PUNCT	0	23	14	O monitoramento constante de redes é essencial para detectar atividades suspeitas em tempo real , permitindo respostas rápidas que podem impedir ataques antes que eles causem danos significativos .
permitindo	VERB	0	23	15	O monitoramento constante de redes é essencial para detectar atividades suspeitas em tempo real , permitindo respostas rápidas que podem impedir ataques antes que eles causem danos significativos .
respostas	NOUN	0	23	16	O monitoramento constante de redes é essencial para detectar atividades suspeitas em tempo real , permitindo respostas rápidas que podem impedir ataques antes que eles causem danos significativos .
rápidas	ADJ	0	23	17	O monitoramento constante de redes é essencial para detectar atividades suspeitas em tempo real , permitindo respostas rápidas que podem impedir ataques antes que eles causem danos significativos .
que	PRON	0	23	18	O monitoramento constante de redes é essencial para detectar atividades suspeitas em tempo real , permitindo respostas rápidas que podem impedir ataques antes que eles causem danos significativos .
podem	VERB	0	23	19	O monitoramento constante de redes é essencial para detectar atividades suspeitas em tempo real , permitindo respostas rápidas que podem impedir ataques antes que eles causem danos significativos .
impedir	VERB	0	23	20	O monitoramento constante de redes é essencial para detectar atividades suspeitas em tempo real , permitindo respostas rápidas que podem impedir ataques antes que eles causem danos significativos .
ataques	NOUN	0	23	21	O monitoramento constante de redes é essencial para detectar atividades suspeitas em tempo real , permitindo respostas rápidas que podem impedir ataques antes que eles causem danos significativos .
antes	ADV	0	23	22	O monitoramento constante de redes é essencial para detectar atividades suspeitas em tempo real , permitindo respostas rápidas que podem impedir ataques antes que eles causem danos significativos .
que	SCONJ	0	23	23	O monitoramento constante de redes é essencial para detectar atividades suspeitas em tempo real , permitindo respostas rápidas que podem impedir ataques antes que eles causem danos significativos .
eles	PRON	0	23	24	O monitoramento constante de redes é essencial para detectar atividades suspeitas em tempo real , permitindo respostas rápidas que podem impedir ataques antes que eles causem danos significativos .
causem	VERB	1	23	25	O monitoramento constante de redes é essencial para detectar atividades suspeitas em tempo real , permitindo respostas rápidas que podem impedir ataques antes que eles causem danos significativos .
danos	NOUN	0	23	26	O monitoramento constante de redes é essencial para detectar atividades suspeitas em tempo real , permitindo respostas rápidas que podem impedir ataques antes que eles causem danos significativos .
significativos	ADJ	0	23	27	O monitoramento constante de redes é essencial para detectar atividades suspeitas em tempo real , permitindo respostas rápidas que podem impedir ataques antes que eles causem danos significativos .
.	PUNCT	0	23	28	O monitoramento constante de redes é essencial para detectar atividades suspeitas em tempo real , permitindo respostas rápidas que podem impedir ataques antes que eles causem danos significativos .
A	DET	0	24	0	A segurança cibernética deve ser vista como um investimento estratégico , e não apenas como um custo operacional , pois sua ausência pode comprometer a sobrevivência de empresas e instituições .
segurança	NOUN	0	24	1	A segurança cibernética deve ser vista como um investimento estratégico , e não apenas como um custo operacional , pois sua ausência pode comprometer a sobrevivência de empresas e instituições .
cibernética	ADJ	1	24	2	A segurança cibernética deve ser vista como um investimento estratégico , e não apenas como um custo operacional , pois sua ausência pode comprometer a sobrevivência de empresas e instituições .
deve	VERB	0	24	3	A segurança cibernética deve ser vista como um investimento estratégico , e não apenas como um custo operacional , pois sua ausência pode comprometer a sobrevivência de empresas e instituições .
ser	AUX	0	24	4	A segurança cibernética deve ser vista como um investimento estratégico , e não apenas como um custo operacional , pois sua ausência pode comprometer a sobrevivência de empresas e instituições .
vista	VERB	0	24	5	A segurança cibernética deve ser vista como um investimento estratégico , e não apenas como um custo operacional , pois sua ausência pode comprometer a sobrevivência de empresas e instituições .
como	ADP	0	24	6	A segurança cibernética deve ser vista como um investimento estratégico , e não apenas como um custo operacional , pois sua ausência pode comprometer a sobrevivência de empresas e instituições .
um	DET	0	24	7	A segurança cibernética deve ser vista como um investimento estratégico , e não apenas como um custo operacional , pois sua ausência pode comprometer a sobrevivência de empresas e instituições .
investimento	NOUN	0	24	8	A segurança cibernética deve ser vista como um investimento estratégico , e não apenas como um custo operacional , pois sua ausência pode comprometer a sobrevivência de empresas e instituições .
estratégico	ADJ	0	24	9	A segurança cibernética deve ser vista como um investimento estratégico , e não apenas como um custo operacional , pois sua ausência pode comprometer a sobrevivência de empresas e instituições .
,	PUNCT	0	24	10	A segurança cibernética deve ser vista como um investimento estratégico , e não apenas como um custo operacional , pois sua ausência pode comprometer a sobrevivência de empresas e instituições .
e	CCONJ	0	24	11	A segurança cibernética deve ser vista como um investimento estratégico , e não apenas como um custo operacional , pois sua ausência pode comprometer a sobrevivência de empresas e instituições .
não	ADV	0	24	12	A segurança cibernética deve ser vista como um investimento estratégico , e não apenas como um custo operacional , pois sua ausência pode comprometer a sobrevivência de empresas e instituições .
apenas	ADV	0	24	13	A segurança cibernética deve ser vista como um investimento estratégico , e não apenas como um custo operacional , pois sua ausência pode comprometer a sobrevivência de empresas e instituições .
como	ADP	0	24	14	A segurança cibernética deve ser vista como um investimento estratégico , e não apenas como um custo operacional , pois sua ausência pode comprometer a sobrevivência de empresas e instituições .
um	DET	0	24	15	A segurança cibernética deve ser vista como um investimento estratégico , e não apenas como um custo operacional , pois sua ausência pode comprometer a sobrevivência de empresas e instituições .
custo	NOUN	0	24	16	A segurança cibernética deve ser vista como um investimento estratégico , e não apenas como um custo operacional , pois sua ausência pode comprometer a sobrevivência de empresas e instituições .
operacional	ADJ	0	24	17	A segurança cibernética deve ser vista como um investimento estratégico , e não apenas como um custo operacional , pois sua ausência pode comprometer a sobrevivência de empresas e instituições .
,	PUNCT	0	24	18	A segurança cibernética deve ser vista como um investimento estratégico , e não apenas como um custo operacional , pois sua ausência pode comprometer a sobrevivência de empresas e instituições .
pois	SCONJ	0	24	19	A segurança cibernética deve ser vista como um investimento estratégico , e não apenas como um custo operacional , pois sua ausência pode comprometer a sobrevivência de empresas e instituições .
sua	DET	0	24	20	A segurança cibernética deve ser vista como um investimento estratégico , e não apenas como um custo operacional , pois sua ausência pode comprometer a sobrevivência de empresas e instituições .
ausência	NOUN	0	24	21	A segurança cibernética deve ser vista como um investimento estratégico , e não apenas como um custo operacional , pois sua ausência pode comprometer a sobrevivência de empresas e instituições .
pode	VERB	0	24	22	A segurança cibernética deve ser vista como um investimento estratégico , e não apenas como um custo operacional , pois sua ausência pode comprometer a sobrevivência de empresas e instituições .
comprometer	VERB	1	24	23	A segurança cibernética deve ser vista como um investimento estratégico , e não apenas como um custo operacional , pois sua ausência pode comprometer a sobrevivência de empresas e instituições .
a	DET	0	24	24	A segurança cibernética deve ser vista como um investimento estratégico , e não apenas como um custo operacional , pois sua ausência pode comprometer a sobrevivência de empresas e instituições .
sobrevivência	NOUN	0	24	25	A segurança cibernética deve ser vista como um investimento estratégico , e não apenas como um custo operacional , pois sua ausência pode comprometer a sobrevivência de empresas e instituições .
de	ADP	0	24	26	A segurança cibernética deve ser vista como um investimento estratégico , e não apenas como um custo operacional , pois sua ausência pode comprometer a sobrevivência de empresas e instituições .
empresas	NOUN	0	24	27	A segurança cibernética deve ser vista como um investimento estratégico , e não apenas como um custo operacional , pois sua ausência pode comprometer a sobrevivência de empresas e instituições .
e	CCONJ	0	24	28	A segurança cibernética deve ser vista como um investimento estratégico , e não apenas como um custo operacional , pois sua ausência pode comprometer a sobrevivência de empresas e instituições .
instituições	NOUN	0	24	29	A segurança cibernética deve ser vista como um investimento estratégico , e não apenas como um custo operacional , pois sua ausência pode comprometer a sobrevivência de empresas e instituições .
.	PUNCT	0	24	30	A segurança cibernética deve ser vista como um investimento estratégico , e não apenas como um custo operacional , pois sua ausência pode comprometer a sobrevivência de empresas e instituições .
A	DET	0	25	0	A cooperação internacional é fundamental , já que ataques cibernéticos não respeitam fronteiras e podem ser coordenados a partir de qualquer lugar do mundo , exigindo respostas globais e integradas .
cooperação	NOUN	0	25	1	A cooperação internacional é fundamental , já que ataques cibernéticos não respeitam fronteiras e podem ser coordenados a partir de qualquer lugar do mundo , exigindo respostas globais e integradas .
internacional	ADJ	0	25	2	A cooperação internacional é fundamental , já que ataques cibernéticos não respeitam fronteiras e podem ser coordenados a partir de qualquer lugar do mundo , exigindo respostas globais e integradas .
é	AUX	0	25	3	A cooperação internacional é fundamental , já que ataques cibernéticos não respeitam fronteiras e podem ser coordenados a partir de qualquer lugar do mundo , exigindo respostas globais e integradas .
fundamental	ADJ	0	25	4	A cooperação internacional é fundamental , já que ataques cibernéticos não respeitam fronteiras e podem ser coordenados a partir de qualquer lugar do mundo , exigindo respostas globais e integradas .
,	PUNCT	0	25	5	A cooperação internacional é fundamental , já que ataques cibernéticos não respeitam fronteiras e podem ser coordenados a partir de qualquer lugar do mundo , exigindo respostas globais e integradas .
já	ADV	0	25	6	A cooperação internacional é fundamental , já que ataques cibernéticos não respeitam fronteiras e podem ser coordenados a partir de qualquer lugar do mundo , exigindo respostas globais e integradas .
que	SCONJ	0	25	7	A cooperação internacional é fundamental , já que ataques cibernéticos não respeitam fronteiras e podem ser coordenados a partir de qualquer lugar do mundo , exigindo respostas globais e integradas .
ataques	NOUN	0	25	8	A cooperação internacional é fundamental , já que ataques cibernéticos não respeitam fronteiras e podem ser coordenados a partir de qualquer lugar do mundo , exigindo respostas globais e integradas .
cibernéticos	ADJ	1	25	9	A cooperação internacional é fundamental , já que ataques cibernéticos não respeitam fronteiras e podem ser coordenados a partir de qualquer lugar do mundo , exigindo respostas globais e integradas .
não	ADV	0	25	10	A cooperação internacional é fundamental , já que ataques cibernéticos não respeitam fronteiras e podem ser coordenados a partir de qualquer lugar do mundo , exigindo respostas globais e integradas .
respeitam	VERB	1	25	11	A cooperação internacional é fundamental , já que ataques cibernéticos não respeitam fronteiras e podem ser coordenados a partir de qualquer lugar do mundo , exigindo respostas globais e integradas .
fronteiras	NOUN	0	25	12	A cooperação internacional é fundamental , já que ataques cibernéticos não respeitam fronteiras e podem ser coordenados a partir de qualquer lugar do mundo , exigindo respostas globais e integradas .
e	CCONJ	0	25	13	A cooperação internacional é fundamental , já que ataques cibernéticos não respeitam fronteiras e podem ser coordenados a partir de qualquer lugar do mundo , exigindo respostas globais e integradas .
podem	VERB	0	25	14	A cooperação internacional é fundamental , já que ataques cibernéticos não respeitam fronteiras e podem ser coordenados a partir de qualquer lugar do mundo , exigindo respostas globais e integradas .
ser	AUX	0	25	15	A cooperação internacional é fundamental , já que ataques cibernéticos não respeitam fronteiras e podem ser coordenados a partir de qualquer lugar do mundo , exigindo respostas globais e integradas .
coordenados	VERB	1	25	16	A cooperação internacional é fundamental , já que ataques cibernéticos não respeitam fronteiras e podem ser coordenados a partir de qualquer lugar do mundo , exigindo respostas globais e integradas .
a	ADP	0	25	17	A cooperação internacional é fundamental , já que ataques cibernéticos não respeitam fronteiras e podem ser coordenados a partir de qualquer lugar do mundo , exigindo respostas globais e integradas .
partir	NOUN	0	25	18	A cooperação internacional é fundamental , já que ataques cibernéticos não respeitam fronteiras e podem ser coordenados a partir de qualquer lugar do mundo , exigindo respostas globais e integradas .
de	ADP	0	25	19	A cooperação internacional é fundamental , já que ataques cibernéticos não respeitam fronteiras e podem ser coordenados a partir de qualquer lugar do mundo , exigindo respostas globais e integradas .
qualquer	DET	0	25	20	A cooperação internacional é fundamental , já que ataques cibernéticos não respeitam fronteiras e podem ser coordenados a partir de qualquer lugar do mundo , exigindo respostas globais e integradas .
lugar	NOUN	0	25	21	A cooperação internacional é fundamental , já que ataques cibernéticos não respeitam fronteiras e podem ser coordenados a partir de qualquer lugar do mundo , exigindo respostas globais e integradas .
do	ADP	0	25	22	A cooperação internacional é fundamental , já que ataques cibernéticos não respeitam fronteiras e podem ser coordenados a partir de qualquer lugar do mundo , exigindo respostas globais e integradas .
mundo	NOUN	0	25	23	A cooperação internacional é fundamental , já que ataques cibernéticos não respeitam fronteiras e podem ser coordenados a partir de qualquer lugar do mundo , exigindo respostas globais e integradas .
,	PUNCT	0	25	24	A cooperação internacional é fundamental , já que ataques cibernéticos não respeitam fronteiras e podem ser coordenados a partir de qualquer lugar do mundo , exigindo respostas globais e integradas .
exigindo	VERB	0	25	25	A cooperação internacional é fundamental , já que ataques cibernéticos não respeitam fronteiras e podem ser coordenados a partir de qualquer lugar do mundo , exigindo respostas globais e integradas .
respostas	NOUN	0	25	26	A cooperação internacional é fundamental , já que ataques cibernéticos não respeitam fronteiras e podem ser coordenados a partir de qualquer lugar do mundo , exigindo respostas globais e integradas .
globais	ADJ	0	25	27	A cooperação internacional é fundamental , já que ataques cibernéticos não respeitam fronteiras e podem ser coordenados a partir de qualquer lugar do mundo , exigindo respostas globais e integradas .
e	CCONJ	0	25	28	A cooperação internacional é fundamental , já que ataques cibernéticos não respeitam fronteiras e podem ser coordenados a partir de qualquer lugar do mundo , exigindo respostas globais e integradas .
integradas	VERB	1	25	29	A cooperação internacional é fundamental , já que ataques cibernéticos não respeitam fronteiras e podem ser coordenados a partir de qualquer lugar do mundo , exigindo respostas globais e integradas .
.	PUNCT	0	25	30	A cooperação internacional é fundamental , já que ataques cibernéticos não respeitam fronteiras e podem ser coordenados a partir de qualquer lugar do mundo , exigindo respostas globais e integradas .
A	DET	0	26	0	A formação de profissionais especializados em segurança digital é cada vez mais necessária , pois a demanda por especialistas cresce em ritmo acelerado diante da complexidade das ameaças .
formação	NOUN	0	26	1	A formação de profissionais especializados em segurança digital é cada vez mais necessária , pois a demanda por especialistas cresce em ritmo acelerado diante da complexidade das ameaças .
de	ADP	0	26	2	A formação de profissionais especializados em segurança digital é cada vez mais necessária , pois a demanda por especialistas cresce em ritmo acelerado diante da complexidade das ameaças .
profissionais	NOUN	0	26	3	A formação de profissionais especializados em segurança digital é cada vez mais necessária , pois a demanda por especialistas cresce em ritmo acelerado diante da complexidade das ameaças .
especializados	VERB	0	26	4	A formação de profissionais especializados em segurança digital é cada vez mais necessária , pois a demanda por especialistas cresce em ritmo acelerado diante da complexidade das ameaças .
em	ADP	0	26	5	A formação de profissionais especializados em segurança digital é cada vez mais necessária , pois a demanda por especialistas cresce em ritmo acelerado diante da complexidade das ameaças .
segurança	NOUN	0	26	6	A formação de profissionais especializados em segurança digital é cada vez mais necessária , pois a demanda por especialistas cresce em ritmo acelerado diante da complexidade das ameaças .
digital	ADJ	0	26	7	A formação de profissionais especializados em segurança digital é cada vez mais necessária , pois a demanda por especialistas cresce em ritmo acelerado diante da complexidade das ameaças .
é	AUX	0	26	8	A formação de profissionais especializados em segurança digital é cada vez mais necessária , pois a demanda por especialistas cresce em ritmo acelerado diante da complexidade das ameaças .
cada	NOUN	0	26	9	A formação de profissionais especializados em segurança digital é cada vez mais necessária , pois a demanda por especialistas cresce em ritmo acelerado diante da complexidade das ameaças .
vez	ADP	0	26	10	A formação de profissionais especializados em segurança digital é cada vez mais necessária , pois a demanda por especialistas cresce em ritmo acelerado diante da complexidade das ameaças .
mais	ADV	0	26	11	A formação de profissionais especializados em segurança digital é cada vez mais necessária , pois a demanda por especialistas cresce em ritmo acelerado diante da complexidade das ameaças .
necessária	ADJ	0	26	12	A formação de profissionais especializados em segurança digital é cada vez mais necessária , pois a demanda por especialistas cresce em ritmo acelerado diante da complexidade das ameaças .
,	PUNCT	0	26	13	A formação de profissionais especializados em segurança digital é cada vez mais necessária , pois a demanda por especialistas cresce em ritmo acelerado diante da complexidade das ameaças .
pois	SCONJ	0	26	14	A formação de profissionais especializados em segurança digital é cada vez mais necessária , pois a demanda por especialistas cresce em ritmo acelerado diante da complexidade das ameaças .
a	DET	0	26	15	A formação de profissionais especializados em segurança digital é cada vez mais necessária , pois a demanda por especialistas cresce em ritmo acelerado diante da complexidade das ameaças .
demanda	NOUN	0	26	16	A formação de profissionais especializados em segurança digital é cada vez mais necessária , pois a demanda por especialistas cresce em ritmo acelerado diante da complexidade das ameaças .
por	ADP	0	26	17	A formação de profissionais especializados em segurança digital é cada vez mais necessária , pois a demanda por especialistas cresce em ritmo acelerado diante da complexidade das ameaças .
especialistas	NOUN	0	26	18	A formação de profissionais especializados em segurança digital é cada vez mais necessária , pois a demanda por especialistas cresce em ritmo acelerado diante da complexidade das ameaças .
cresce	VERB	0	26	19	A formação de profissionais especializados em segurança digital é cada vez mais necessária , pois a demanda por especialistas cresce em ritmo acelerado diante da complexidade das ameaças .
em	ADP	0	26	20	A formação de profissionais especializados em segurança digital é cada vez mais necessária , pois a demanda por especialistas cresce em ritmo acelerado diante da complexidade das ameaças .
ritmo	NOUN	0	26	21	A formação de profissionais especializados em segurança digital é cada vez mais necessária , pois a demanda por especialistas cresce em ritmo acelerado diante da complexidade das ameaças .
acelerado	VERB	1	26	22	A formação de profissionais especializados em segurança digital é cada vez mais necessária , pois a demanda por especialistas cresce em ritmo acelerado diante da complexidade das ameaças .
diante	ADV	0	26	23	A formação de profissionais especializados em segurança digital é cada vez mais necessária , pois a demanda por especialistas cresce em ritmo acelerado diante da complexidade das ameaças .
da	DET	0	26	24	A formação de profissionais especializados em segurança digital é cada vez mais necessária , pois a demanda por especialistas cresce em ritmo acelerado diante da complexidade das ameaças .
complexidade	NOUN	0	26	25	A formação de profissionais especializados em segurança digital é cada vez mais necessária , pois a demanda por especialistas cresce em ritmo acelerado diante da complexidade das ameaças .
das	ADP	0	26	26	A formação de profissionais especializados em segurança digital é cada vez mais necessária , pois a demanda por especialistas cresce em ritmo acelerado diante da complexidade das ameaças .
ameaças	NOUN	0	26	27	A formação de profissionais especializados em segurança digital é cada vez mais necessária , pois a demanda por especialistas cresce em ritmo acelerado diante da complexidade das ameaças .
.	PUNCT	0	26	28	A formação de profissionais especializados em segurança digital é cada vez mais necessária , pois a demanda por especialistas cresce em ritmo acelerado diante da complexidade das ameaças .
Universidades	PROPN	1	27	0	Universidades e centros de pesquisa desempenham papel importante na criação de novas tecnologias e metodologias que fortalecem a segurança cibernética e preparam profissionais para enfrentar desafios futuros .
e	CCONJ	0	27	1	Universidades e centros de pesquisa desempenham papel importante na criação de novas tecnologias e metodologias que fortalecem a segurança cibernética e preparam profissionais para enfrentar desafios futuros .
centros	NOUN	0	27	2	Universidades e centros de pesquisa desempenham papel importante na criação de novas tecnologias e metodologias que fortalecem a segurança cibernética e preparam profissionais para enfrentar desafios futuros .
de	ADP	0	27	3	Universidades e centros de pesquisa desempenham papel importante na criação de novas tecnologias e metodologias que fortalecem a segurança cibernética e preparam profissionais para enfrentar desafios futuros .
pesquisa	NOUN	0	27	4	Universidades e centros de pesquisa desempenham papel importante na criação de novas tecnologias e metodologias que fortalecem a segurança cibernética e preparam profissionais para enfrentar desafios futuros .
desempenham	VERB	1	27	5	Universidades e centros de pesquisa desempenham papel importante na criação de novas tecnologias e metodologias que fortalecem a segurança cibernética e preparam profissionais para enfrentar desafios futuros .
papel	NOUN	0	27	6	Universidades e centros de pesquisa desempenham papel importante na criação de novas tecnologias e metodologias que fortalecem a segurança cibernética e preparam profissionais para enfrentar desafios futuros .
importante	ADJ	0	27	7	Universidades e centros de pesquisa desempenham papel importante na criação de novas tecnologias e metodologias que fortalecem a segurança cibernética e preparam profissionais para enfrentar desafios futuros .
na	ADP	0	27	8	Universidades e centros de pesquisa desempenham papel importante na criação de novas tecnologias e metodologias que fortalecem a segurança cibernética e preparam profissionais para enfrentar desafios futuros .
criação	NOUN	0	27	9	Universidades e centros de pesquisa desempenham papel importante na criação de novas tecnologias e metodologias que fortalecem a segurança cibernética e preparam profissionais para enfrentar desafios futuros .
de	ADP	0	27	10	Universidades e centros de pesquisa desempenham papel importante na criação de novas tecnologias e metodologias que fortalecem a segurança cibernética e preparam profissionais para enfrentar desafios futuros .
novas	ADJ	0	27	11	Universidades e centros de pesquisa desempenham papel importante na criação de novas tecnologias e metodologias que fortalecem a segurança cibernética e preparam profissionais para enfrentar desafios futuros .
tecnologias	NOUN	0	27	12	Universidades e centros de pesquisa desempenham papel importante na criação de novas tecnologias e metodologias que fortalecem a segurança cibernética e preparam profissionais para enfrentar desafios futuros .
e	CCONJ	0	27	13	Universidades e centros de pesquisa desempenham papel importante na criação de novas tecnologias e metodologias que fortalecem a segurança cibernética e preparam profissionais para enfrentar desafios futuros .
metodologias	NOUN	1	27	14	Universidades e centros de pesquisa desempenham papel importante na criação de novas tecnologias e metodologias que fortalecem a segurança cibernética e preparam profissionais para enfrentar desafios futuros .
que	PRON	0	27	15	Universidades e centros de pesquisa desempenham papel importante na criação de novas tecnologias e metodologias que fortalecem a segurança cibernética e preparam profissionais para enfrentar desafios futuros .
fortalecem	VERB	1	27	16	Universidades e centros de pesquisa desempenham papel importante na criação de novas tecnologias e metodologias que fortalecem a segurança cibernética e preparam profissionais para enfrentar desafios futuros .
a	DET	0	27	17	Universidades e centros de pesquisa desempenham papel importante na criação de novas tecnologias e metodologias que fortalecem a segurança cibernética e preparam profissionais para enfrentar desafios futuros .
segurança	NOUN	0	27	18	Universidades e centros de pesquisa desempenham papel importante na criação de novas tecnologias e metodologias que fortalecem a segurança cibernética e preparam profissionais para enfrentar desafios futuros .
cibernética	ADJ	1	27	19	Universidades e centros de pesquisa desempenham papel importante na criação de novas tecnologias e metodologias que fortalecem a segurança cibernética e preparam profissionais para enfrentar desafios futuros .
e	CCONJ	0	27	20	Universidades e centros de pesquisa desempenham papel importante na criação de novas tecnologias e metodologias que fortalecem a segurança cibernética e preparam profissionais para enfrentar desafios futuros .
preparam	VERB	1	27	21	Universidades e centros de pesquisa desempenham papel importante na criação de novas tecnologias e metodologias que fortalecem a segurança cibernética e preparam profissionais para enfrentar desafios futuros .
profissionais	NOUN	0	27	22	Universidades e centros de pesquisa desempenham papel importante na criação de novas tecnologias e metodologias que fortalecem a segurança cibernética e preparam profissionais para enfrentar desafios futuros .
para	SCONJ	0	27	23	Universidades e centros de pesquisa desempenham papel importante na criação de novas tecnologias e metodologias que fortalecem a segurança cibernética e preparam profissionais para enfrentar desafios futuros .
enfrentar	VERB	0	27	24	Universidades e centros de pesquisa desempenham papel importante na criação de novas tecnologias e metodologias que fortalecem a segurança cibernética e preparam profissionais para enfrentar desafios futuros .
desafios	NOUN	0	27	25	Universidades e centros de pesquisa desempenham papel importante na criação de novas tecnologias e metodologias que fortalecem a segurança cibernética e preparam profissionais para enfrentar desafios futuros .
futuros	ADJ	0	27	26	Universidades e centros de pesquisa desempenham papel importante na criação de novas tecnologias e metodologias que fortalecem a segurança cibernética e preparam profissionais para enfrentar desafios futuros .
.	PUNCT	0	27	27	Universidades e centros de pesquisa desempenham papel importante na criação de novas tecnologias e metodologias que fortalecem a segurança cibernética e preparam profissionais para enfrentar desafios futuros .
A	DET	0	28	0	A segurança cibernética também envolve ética , pois proteger dados significa respeitar a privacidade e os direitos fundamentais dos cidadãos em um mundo cada vez mais digitalizado .
segurança	NOUN	0	28	1	A segurança cibernética também envolve ética , pois proteger dados significa respeitar a privacidade e os direitos fundamentais dos cidadãos em um mundo cada vez mais digitalizado .
cibernética	ADJ	1	28	2	A segurança cibernética também envolve ética , pois proteger dados significa respeitar a privacidade e os direitos fundamentais dos cidadãos em um mundo cada vez mais digitalizado .
também	ADV	0	28	3	A segurança cibernética também envolve ética , pois proteger dados significa respeitar a privacidade e os direitos fundamentais dos cidadãos em um mundo cada vez mais digitalizado .
envolve	VERB	0	28	4	A segurança cibernética também envolve ética , pois proteger dados significa respeitar a privacidade e os direitos fundamentais dos cidadãos em um mundo cada vez mais digitalizado .
ética	NOUN	0	28	5	A segurança cibernética também envolve ética , pois proteger dados significa respeitar a privacidade e os direitos fundamentais dos cidadãos em um mundo cada vez mais digitalizado .
,	PUNCT	0	28	6	A segurança cibernética também envolve ética , pois proteger dados significa respeitar a privacidade e os direitos fundamentais dos cidadãos em um mundo cada vez mais digitalizado .
pois	SCONJ	0	28	7	A segurança cibernética também envolve ética , pois proteger dados significa respeitar a privacidade e os direitos fundamentais dos cidadãos em um mundo cada vez mais digitalizado .
proteger	VERB	0	28	8	A segurança cibernética também envolve ética , pois proteger dados significa respeitar a privacidade e os direitos fundamentais dos cidadãos em um mundo cada vez mais digitalizado .
dados	NOUN	0	28	9	A segurança cibernética também envolve ética , pois proteger dados significa respeitar a privacidade e os direitos fundamentais dos cidadãos em um mundo cada vez mais digitalizado .
significa	VERB	0	28	10	A segurança cibernética também envolve ética , pois proteger dados significa respeitar a privacidade e os direitos fundamentais dos cidadãos em um mundo cada vez mais digitalizado .
respeitar	VERB	1	28	11	A segurança cibernética também envolve ética , pois proteger dados significa respeitar a privacidade e os direitos fundamentais dos cidadãos em um mundo cada vez mais digitalizado .
a	DET	0	28	12	A segurança cibernética também envolve ética , pois proteger dados significa respeitar a privacidade e os direitos fundamentais dos cidadãos em um mundo cada vez mais digitalizado .
privacidade	NOUN	1	28	13	A segurança cibernética também envolve ética , pois proteger dados significa respeitar a privacidade e os direitos fundamentais dos cidadãos em um mundo cada vez mais digitalizado .
e	CCONJ	0	28	14	A segurança cibernética também envolve ética , pois proteger dados significa respeitar a privacidade e os direitos fundamentais dos cidadãos em um mundo cada vez mais digitalizado .
os	DET	0	28	15	A segurança cibernética também envolve ética , pois proteger dados significa respeitar a privacidade e os direitos fundamentais dos cidadãos em um mundo cada vez mais digitalizado .
direitos	NOUN	0	28	16	A segurança cibernética também envolve ética , pois proteger dados significa respeitar a privacidade e os direitos fundamentais dos cidadãos em um mundo cada vez mais digitalizado .
fundamentais	ADJ	0	28	17	A segurança cibernética também envolve ética , pois proteger dados significa respeitar a privacidade e os direitos fundamentais dos cidadãos em um mundo cada vez mais digitalizado .
dos	ADP	0	28	18	A segurança cibernética também envolve ética , pois proteger dados significa respeitar a privacidade e os direitos fundamentais dos cidadãos em um mundo cada vez mais digitalizado .
cidadãos	NOUN	0	28	19	A segurança cibernética também envolve ética , pois proteger dados significa respeitar a privacidade e os direitos fundamentais dos cidadãos em um mundo cada vez mais digitalizado .
em	ADP	0	28	20	A segurança cibernética também envolve ética , pois proteger dados significa respeitar a privacidade e os direitos fundamentais dos cidadãos em um mundo cada vez mais digitalizado .
um	DET	0	28	21	A segurança cibernética também envolve ética , pois proteger dados significa respeitar a privacidade e os direitos fundamentais dos cidadãos em um mundo cada vez mais digitalizado .
mundo	NOUN	0	28	22	A segurança cibernética também envolve ética , pois proteger dados significa respeitar a privacidade e os direitos fundamentais dos cidadãos em um mundo cada vez mais digitalizado .
cada	NOUN	0	28	23	A segurança cibernética também envolve ética , pois proteger dados significa respeitar a privacidade e os direitos fundamentais dos cidadãos em um mundo cada vez mais digitalizado .
vez	ADP	0	28	24	A segurança cibernética também envolve ética , pois proteger dados significa respeitar a privacidade e os direitos fundamentais dos cidadãos em um mundo cada vez mais digitalizado .
mais	ADV	0	28	25	A segurança cibernética também envolve ética , pois proteger dados significa respeitar a privacidade e os direitos fundamentais dos cidadãos em um mundo cada vez mais digitalizado .
digitalizado	ADJ	1	28	26	A segurança cibernética também envolve ética , pois proteger dados significa respeitar a privacidade e os direitos fundamentais dos cidadãos em um mundo cada vez mais digitalizado .
.	PUNCT	0	28	27	A segurança cibernética também envolve ética , pois proteger dados significa respeitar a privacidade e os direitos fundamentais dos cidadãos em um mundo cada vez mais digitalizado .
Empresas	NOUN	1	29	0	Empresas que adotam boas práticas de segurança digital demonstram responsabilidade social , fortalecendo sua imagem e criando relações de confiança com clientes e parceiros .
que	PRON	0	29	1	Empresas que adotam boas práticas de segurança digital demonstram responsabilidade social , fortalecendo sua imagem e criando relações de confiança com clientes e parceiros .
adotam	VERB	1	29	2	Empresas que adotam boas práticas de segurança digital demonstram responsabilidade social , fortalecendo sua imagem e criando relações de confiança com clientes e parceiros .
boas	ADJ	0	29	3	Empresas que adotam boas práticas de segurança digital demonstram responsabilidade social , fortalecendo sua imagem e criando relações de confiança com clientes e parceiros .
práticas	NOUN	0	29	4	Empresas que adotam boas práticas de segurança digital demonstram responsabilidade social , fortalecendo sua imagem e criando relações de confiança com clientes e parceiros .
de	ADP	0	29	5	Empresas que adotam boas práticas de segurança digital demonstram responsabilidade social , fortalecendo sua imagem e criando relações de confiança com clientes e parceiros .
segurança	NOUN	0	29	6	Empresas que adotam boas práticas de segurança digital demonstram responsabilidade social , fortalecendo sua imagem e criando relações de confiança com clientes e parceiros .
digital	ADJ	0	29	7	Empresas que adotam boas práticas de segurança digital demonstram responsabilidade social , fortalecendo sua imagem e criando relações de confiança com clientes e parceiros .
demonstram	VERB	1	29	8	Empresas que adotam boas práticas de segurança digital demonstram responsabilidade social , fortalecendo sua imagem e criando relações de confiança com clientes e parceiros .
responsabilidade	NOUN	1	29	9	Empresas que adotam boas práticas de segurança digital demonstram responsabilidade social , fortalecendo sua imagem e criando relações de confiança com clientes e parceiros .
social	ADJ	0	29	10	Empresas que adotam boas práticas de segurança digital demonstram responsabilidade social , fortalecendo sua imagem e criando relações de confiança com clientes e parceiros .
,	PUNCT	0	29	11	Empresas que adotam boas práticas de segurança digital demonstram responsabilidade social , fortalecendo sua imagem e criando relações de confiança com clientes e parceiros .
fortalecendo	VERB	1	29	12	Empresas que adotam boas práticas de segurança digital demonstram responsabilidade social , fortalecendo sua imagem e criando relações de confiança com clientes e parceiros .
sua	DET	0	29	13	Empresas que adotam boas práticas de segurança digital demonstram responsabilidade social , fortalecendo sua imagem e criando relações de confiança com clientes e parceiros .
imagem	NOUN	0	29	14	Empresas que adotam boas práticas de segurança digital demonstram responsabilidade social , fortalecendo sua imagem e criando relações de confiança com clientes e parceiros .
e	CCONJ	0	29	15	Empresas que adotam boas práticas de segurança digital demonstram responsabilidade social , fortalecendo sua imagem e criando relações de confiança com clientes e parceiros .
criando	VERB	0	29	16	Empresas que adotam boas práticas de segurança digital demonstram responsabilidade social , fortalecendo sua imagem e criando relações de confiança com clientes e parceiros .
relações	NOUN	0	29	17	Empresas que adotam boas práticas de segurança digital demonstram responsabilidade social , fortalecendo sua imagem e criando relações de confiança com clientes e parceiros .
de	ADP	0	29	18	Empresas que adotam boas práticas de segurança digital demonstram responsabilidade social , fortalecendo sua imagem e criando relações de confiança com clientes e parceiros .
confiança	NOUN	0	29	19	Empresas que adotam boas práticas de segurança digital demonstram responsabilidade social , fortalecendo sua imagem e criando relações de confiança com clientes e parceiros .
com	ADP	0	29	20	Empresas que adotam boas práticas de segurança digital demonstram responsabilidade social , fortalecendo sua imagem e criando relações de confiança com clientes e parceiros .
clientes	NOUN	0	29	21	Empresas que adotam boas práticas de segurança digital demonstram responsabilidade social , fortalecendo sua imagem e criando relações de confiança com clientes e parceiros .
e	CCONJ	0	29	22	Empresas que adotam boas práticas de segurança digital demonstram responsabilidade social , fortalecendo sua imagem e criando relações de confiança com clientes e parceiros .
parceiros	NOUN	0	29	23	Empresas que adotam boas práticas de segurança digital demonstram responsabilidade social , fortalecendo sua imagem e criando relações de confiança com clientes e parceiros .
.	PUNCT	0	29	24	Empresas que adotam boas práticas de segurança digital demonstram responsabilidade social , fortalecendo sua imagem e criando relações de confiança com clientes e parceiros .
A	DET	0	30	0	A inovação tecnológica deve caminhar lado a lado com a segurança , garantindo que novos produtos e serviços sejam desenvolvidos com proteção integrada desde sua concepção .
inovação	NOUN	0	30	1	A inovação tecnológica deve caminhar lado a lado com a segurança , garantindo que novos produtos e serviços sejam desenvolvidos com proteção integrada desde sua concepção .
tecnológica	ADJ	0	30	2	A inovação tecnológica deve caminhar lado a lado com a segurança , garantindo que novos produtos e serviços sejam desenvolvidos com proteção integrada desde sua concepção .
deve	VERB	0	30	3	A inovação tecnológica deve caminhar lado a lado com a segurança , garantindo que novos produtos e serviços sejam desenvolvidos com proteção integrada desde sua concepção .
caminhar	VERB	1	30	4	A inovação tecnológica deve caminhar lado a lado com a segurança , garantindo que novos produtos e serviços sejam desenvolvidos com proteção integrada desde sua concepção .
lado	NOUN	0	30	5	A inovação tecnológica deve caminhar lado a lado com a segurança , garantindo que novos produtos e serviços sejam desenvolvidos com proteção integrada desde sua concepção .
a	ADP	0	30	6	A inovação tecnológica deve caminhar lado a lado com a segurança , garantindo que novos produtos e serviços sejam desenvolvidos com proteção integrada desde sua concepção .
lado	NOUN	0	30	7	A inovação tecnológica deve caminhar lado a lado com a segurança , garantindo que novos produtos e serviços sejam desenvolvidos com proteção integrada desde sua concepção .
com	ADP	0	30	8	A inovação tecnológica deve caminhar lado a lado com a segurança , garantindo que novos produtos e serviços sejam desenvolvidos com proteção integrada desde sua concepção .
a	DET	0	30	9	A inovação tecnológica deve caminhar lado a lado com a segurança , garantindo que novos produtos e serviços sejam desenvolvidos com proteção integrada desde sua concepção .
segurança	NOUN	0	30	10	A inovação tecnológica deve caminhar lado a lado com a segurança , garantindo que novos produtos e serviços sejam desenvolvidos com proteção integrada desde sua concepção .
,	PUNCT	0	30	11	A inovação tecnológica deve caminhar lado a lado com a segurança , garantindo que novos produtos e serviços sejam desenvolvidos com proteção integrada desde sua concepção .
garantindo	VERB	0	30	12	A inovação tecnológica deve caminhar lado a lado com a segurança , garantindo que novos produtos e serviços sejam desenvolvidos com proteção integrada desde sua concepção .
que	SCONJ	0	30	13	A inovação tecnológica deve caminhar lado a lado com a segurança , garantindo que novos produtos e serviços sejam desenvolvidos com proteção integrada desde sua concepção .
novos	ADJ	0	30	14	A inovação tecnológica deve caminhar lado a lado com a segurança , garantindo que novos produtos e serviços sejam desenvolvidos com proteção integrada desde sua concepção .
produtos	NOUN	0	30	15	A inovação tecnológica deve caminhar lado a lado com a segurança , garantindo que novos produtos e serviços sejam desenvolvidos com proteção integrada desde sua concepção .
e	CCONJ	0	30	16	A inovação tecnológica deve caminhar lado a lado com a segurança , garantindo que novos produtos e serviços sejam desenvolvidos com proteção integrada desde sua concepção .
serviços	NOUN	0	30	17	A inovação tecnológica deve caminhar lado a lado com a segurança , garantindo que novos produtos e serviços sejam desenvolvidos com proteção integrada desde sua concepção .
sejam	AUX	0	30	18	A inovação tecnológica deve caminhar lado a lado com a segurança , garantindo que novos produtos e serviços sejam desenvolvidos com proteção integrada desde sua concepção .
desenvolvidos	VERB	0	30	19	A inovação tecnológica deve caminhar lado a lado com a segurança , garantindo que novos produtos e serviços sejam desenvolvidos com proteção integrada desde sua concepção .
com	ADP	0	30	20	A inovação tecnológica deve caminhar lado a lado com a segurança , garantindo que novos produtos e serviços sejam desenvolvidos com proteção integrada desde sua concepção .
proteção	NOUN	0	30	21	A inovação tecnológica deve caminhar lado a lado com a segurança , garantindo que novos produtos e serviços sejam desenvolvidos com proteção integrada desde sua concepção .
integrada	VERB	0	30	22	A inovação tecnológica deve caminhar lado a lado com a segurança , garantindo que novos produtos e serviços sejam desenvolvidos com proteção integrada desde sua concepção .
desde	ADP	0	30	23	A inovação tecnológica deve caminhar lado a lado com a segurança , garantindo que novos produtos e serviços sejam desenvolvidos com proteção integrada desde sua concepção .
sua	DET	0	30	24	A inovação tecnológica deve caminhar lado a lado com a segurança , garantindo que novos produtos e serviços sejam desenvolvidos com proteção integrada desde sua concepção .
concepção	NOUN	0	30	25	A inovação tecnológica deve caminhar lado a lado com a segurança , garantindo que novos produtos e serviços sejam desenvolvidos com proteção integrada desde sua concepção .
.	PUNCT	0	30	26	A inovação tecnológica deve caminhar lado a lado com a segurança , garantindo que novos produtos e serviços sejam desenvolvidos com proteção integrada desde sua concepção .
A	DET	0	31	0	A segurança cibernética é dinâmica e exige atualização constante , pois ferramentas eficazes hoje podem se tornar obsoletas diante das novas técnicas utilizadas por criminosos digitais amanhã .
segurança	NOUN	0	31	1	A segurança cibernética é dinâmica e exige atualização constante , pois ferramentas eficazes hoje podem se tornar obsoletas diante das novas técnicas utilizadas por criminosos digitais amanhã .
cibernética	ADJ	1	31	2	A segurança cibernética é dinâmica e exige atualização constante , pois ferramentas eficazes hoje podem se tornar obsoletas diante das novas técnicas utilizadas por criminosos digitais amanhã .
é	AUX	0	31	3	A segurança cibernética é dinâmica e exige atualização constante , pois ferramentas eficazes hoje podem se tornar obsoletas diante das novas técnicas utilizadas por criminosos digitais amanhã .
dinâmica	ADJ	0	31	4	A segurança cibernética é dinâmica e exige atualização constante , pois ferramentas eficazes hoje podem se tornar obsoletas diante das novas técnicas utilizadas por criminosos digitais amanhã .
e	CCONJ	0	31	5	A segurança cibernética é dinâmica e exige atualização constante , pois ferramentas eficazes hoje podem se tornar obsoletas diante das novas técnicas utilizadas por criminosos digitais amanhã .
exige	VERB	0	31	6	A segurança cibernética é dinâmica e exige atualização constante , pois ferramentas eficazes hoje podem se tornar obsoletas diante das novas técnicas utilizadas por criminosos digitais amanhã .
atualização	NOUN	0	31	7	A segurança cibernética é dinâmica e exige atualização constante , pois ferramentas eficazes hoje podem se tornar obsoletas diante das novas técnicas utilizadas por criminosos digitais amanhã .
constante	ADJ	0	31	8	A segurança cibernética é dinâmica e exige atualização constante , pois ferramentas eficazes hoje podem se tornar obsoletas diante das novas técnicas utilizadas por criminosos digitais amanhã .
,	PUNCT	0	31	9	A segurança cibernética é dinâmica e exige atualização constante , pois ferramentas eficazes hoje podem se tornar obsoletas diante das novas técnicas utilizadas por criminosos digitais amanhã .
pois	SCONJ	0	31	10	A segurança cibernética é dinâmica e exige atualização constante , pois ferramentas eficazes hoje podem se tornar obsoletas diante das novas técnicas utilizadas por criminosos digitais amanhã .
ferramentas	NOUN	0	31	11	A segurança cibernética é dinâmica e exige atualização constante , pois ferramentas eficazes hoje podem se tornar obsoletas diante das novas técnicas utilizadas por criminosos digitais amanhã .
eficazes	ADJ	1	31	12	A segurança cibernética é dinâmica e exige atualização constante , pois ferramentas eficazes hoje podem se tornar obsoletas diante das novas técnicas utilizadas por criminosos digitais amanhã .
hoje	ADV	0	31	13	A segurança cibernética é dinâmica e exige atualização constante , pois ferramentas eficazes hoje podem se tornar obsoletas diante das novas técnicas utilizadas por criminosos digitais amanhã .
podem	VERB	0	31	14	A segurança cibernética é dinâmica e exige atualização constante , pois ferramentas eficazes hoje podem se tornar obsoletas diante das novas técnicas utilizadas por criminosos digitais amanhã .
se	PRON	0	31	15	A segurança cibernética é dinâmica e exige atualização constante , pois ferramentas eficazes hoje podem se tornar obsoletas diante das novas técnicas utilizadas por criminosos digitais amanhã .
tornar	VERB	0	31	16	A segurança cibernética é dinâmica e exige atualização constante , pois ferramentas eficazes hoje podem se tornar obsoletas diante das novas técnicas utilizadas por criminosos digitais amanhã .
obsoletas	ADJ	1	31	17	A segurança cibernética é dinâmica e exige atualização constante , pois ferramentas eficazes hoje podem se tornar obsoletas diante das novas técnicas utilizadas por criminosos digitais amanhã .
diante	ADV	0	31	18	A segurança cibernética é dinâmica e exige atualização constante , pois ferramentas eficazes hoje podem se tornar obsoletas diante das novas técnicas utilizadas por criminosos digitais amanhã .
das	DET	0	31	19	A segurança cibernética é dinâmica e exige atualização constante , pois ferramentas eficazes hoje podem se tornar obsoletas diante das novas técnicas utilizadas por criminosos digitais amanhã .
novas	ADJ	0	31	20	A segurança cibernética é dinâmica e exige atualização constante , pois ferramentas eficazes hoje podem se tornar obsoletas diante das novas técnicas utilizadas por criminosos digitais amanhã .
técnicas	NOUN	0	31	21	A segurança cibernética é dinâmica e exige atualização constante , pois ferramentas eficazes hoje podem se tornar obsoletas diante das novas técnicas utilizadas por criminosos digitais amanhã .
utilizadas	VERB	0	31	22	A segurança cibernética é dinâmica e exige atualização constante , pois ferramentas eficazes hoje podem se tornar obsoletas diante das novas técnicas utilizadas por criminosos digitais amanhã .
por	ADP	0	31	23	A segurança cibernética é dinâmica e exige atualização constante , pois ferramentas eficazes hoje podem se tornar obsoletas diante das novas técnicas utilizadas por criminosos digitais amanhã .
criminosos	NOUN	0	31	24	A segurança cibernética é dinâmica e exige atualização constante , pois ferramentas eficazes hoje podem se tornar obsoletas diante das novas técnicas utilizadas por criminosos digitais amanhã .
digitais	ADJ	0	31	25	A segurança cibernética é dinâmica e exige atualização constante , pois ferramentas eficazes hoje podem se tornar obsoletas diante das novas técnicas utilizadas por criminosos digitais amanhã .
amanhã	ADV	1	31	26	A segurança cibernética é dinâmica e exige atualização constante , pois ferramentas eficazes hoje podem se tornar obsoletas diante das novas técnicas utilizadas por criminosos digitais amanhã .
.	PUNCT	0	31	27	A segurança cibernética é dinâmica e exige atualização constante , pois ferramentas eficazes hoje podem se tornar obsoletas diante das novas técnicas utilizadas por criminosos digitais amanhã .
A	DET	0	32	0	A conscientização coletiva é indispensável , pois apenas com a participação ativa de todos os cidadãos é possível criar um ambiente digital mais seguro e confiável .
conscientização	NOUN	1	32	1	A conscientização coletiva é indispensável , pois apenas com a participação ativa de todos os cidadãos é possível criar um ambiente digital mais seguro e confiável .
coletiva	ADJ	0	32	2	A conscientização coletiva é indispensável , pois apenas com a participação ativa de todos os cidadãos é possível criar um ambiente digital mais seguro e confiável .
é	AUX	0	32	3	A conscientização coletiva é indispensável , pois apenas com a participação ativa de todos os cidadãos é possível criar um ambiente digital mais seguro e confiável .
indispensável	ADJ	1	32	4	A conscientização coletiva é indispensável , pois apenas com a participação ativa de todos os cidadãos é possível criar um ambiente digital mais seguro e confiável .
,	PUNCT	0	32	5	A conscientização coletiva é indispensável , pois apenas com a participação ativa de todos os cidadãos é possível criar um ambiente digital mais seguro e confiável .
pois	SCONJ	0	32	6	A conscientização coletiva é indispensável , pois apenas com a participação ativa de todos os cidadãos é possível criar um ambiente digital mais seguro e confiável .
apenas	ADV	0	32	7	A conscientização coletiva é indispensável , pois apenas com a participação ativa de todos os cidadãos é possível criar um ambiente digital mais seguro e confiável .
com	ADP	0	32	8	A conscientização coletiva é indispensável , pois apenas com a participação ativa de todos os cidadãos é possível criar um ambiente digital mais seguro e confiável .
a	DET	0	32	9	A conscientização coletiva é indispensável , pois apenas com a participação ativa de todos os cidadãos é possível criar um ambiente digital mais seguro e confiável .
participação	NOUN	0	32	10	A conscientização coletiva é indispensável , pois apenas com a participação ativa de todos os cidadãos é possível criar um ambiente digital mais seguro e confiável .
ativa	ADJ	0	32	11	A conscientização coletiva é indispensável , pois apenas com a participação ativa de todos os cidadãos é possível criar um ambiente digital mais seguro e confiável .
de	ADP	0	32	12	A conscientização coletiva é indispensável , pois apenas com a participação ativa de todos os cidadãos é possível criar um ambiente digital mais seguro e confiável .
todos	DET	0	32	13	A conscientização coletiva é indispensável , pois apenas com a participação ativa de todos os cidadãos é possível criar um ambiente digital mais seguro e confiável .
os	DET	0	32	14	A conscientização coletiva é indispensável , pois apenas com a participação ativa de todos os cidadãos é possível criar um ambiente digital mais seguro e confiável .
cidadãos	NOUN	0	32	15	A conscientização coletiva é indispensável , pois apenas com a participação ativa de todos os cidadãos é possível criar um ambiente digital mais seguro e confiável .
é	AUX	0	32	16	A conscientização coletiva é indispensável , pois apenas com a participação ativa de todos os cidadãos é possível criar um ambiente digital mais seguro e confiável .
possível	ADJ	0	32	17	A conscientização coletiva é indispensável , pois apenas com a participação ativa de todos os cidadãos é possível criar um ambiente digital mais seguro e confiável .
criar	VERB	0	32	18	A conscientização coletiva é indispensável , pois apenas com a participação ativa de todos os cidadãos é possível criar um ambiente digital mais seguro e confiável .
um	DET	0	32	19	A conscientização coletiva é indispensável , pois apenas com a participação ativa de todos os cidadãos é possível criar um ambiente digital mais seguro e confiável .
ambiente	NOUN	0	32	20	A conscientização coletiva é indispensável , pois apenas com a participação ativa de todos os cidadãos é possível criar um ambiente digital mais seguro e confiável .
digital	ADJ	0	32	21	A conscientização coletiva é indispensável , pois apenas com a participação ativa de todos os cidadãos é possível criar um ambiente digital mais seguro e confiável .
mais	ADV	0	32	22	A conscientização coletiva é indispensável , pois apenas com a participação ativa de todos os cidadãos é possível criar um ambiente digital mais seguro e confiável .
seguro	ADJ	0	32	23	A conscientização coletiva é indispensável , pois apenas com a participação ativa de todos os cidadãos é possível criar um ambiente digital mais seguro e confiável .
e	CCONJ	0	32	24	A conscientização coletiva é indispensável , pois apenas com a participação ativa de todos os cidadãos é possível criar um ambiente digital mais seguro e confiável .
confiável	ADJ	0	32	25	A conscientização coletiva é indispensável , pois apenas com a participação ativa de todos os cidadãos é possível criar um ambiente digital mais seguro e confiável .
.	PUNCT	0	32	26	A conscientização coletiva é indispensável , pois apenas com a participação ativa de todos os cidadãos é possível criar um ambiente digital mais seguro e confiável .
A	DET	0	33	0	A segurança cibernética também protege a democracia , evitando manipulações digitais que possam influenciar processos eleitorais ou disseminar desinformação em larga escala .
segurança	NOUN	0	33	1	A segurança cibernética também protege a democracia , evitando manipulações digitais que possam influenciar processos eleitorais ou disseminar desinformação em larga escala .
cibernética	ADJ	1	33	2	A segurança cibernética também protege a democracia , evitando manipulações digitais que possam influenciar processos eleitorais ou disseminar desinformação em larga escala .
também	ADV	0	33	3	A segurança cibernética também protege a democracia , evitando manipulações digitais que possam influenciar processos eleitorais ou disseminar desinformação em larga escala .
protege	VERB	0	33	4	A segurança cibernética também protege a democracia , evitando manipulações digitais que possam influenciar processos eleitorais ou disseminar desinformação em larga escala .
a	DET	0	33	5	A segurança cibernética também protege a democracia , evitando manipulações digitais que possam influenciar processos eleitorais ou disseminar desinformação em larga escala .
democracia	NOUN	0	33	6	A segurança cibernética também protege a democracia , evitando manipulações digitais que possam influenciar processos eleitorais ou disseminar desinformação em larga escala .
,	PUNCT	0	33	7	A segurança cibernética também protege a democracia , evitando manipulações digitais que possam influenciar processos eleitorais ou disseminar desinformação em larga escala .
evitando	VERB	0	33	8	A segurança cibernética também protege a democracia , evitando manipulações digitais que possam influenciar processos eleitorais ou disseminar desinformação em larga escala .
manipulações	NOUN	1	33	9	A segurança cibernética também protege a democracia , evitando manipulações digitais que possam influenciar processos eleitorais ou disseminar desinformação em larga escala .
digitais	ADJ	0	33	10	A segurança cibernética também protege a democracia , evitando manipulações digitais que possam influenciar processos eleitorais ou disseminar desinformação em larga escala .
que	PRON	0	33	11	A segurança cibernética também protege a democracia , evitando manipulações digitais que possam influenciar processos eleitorais ou disseminar desinformação em larga escala .
possam	VERB	0	33	12	A segurança cibernética também protege a democracia , evitando manipulações digitais que possam influenciar processos eleitorais ou disseminar desinformação em larga escala .
influenciar	VERB	0	33	13	A segurança cibernética também protege a democracia , evitando manipulações digitais que possam influenciar processos eleitorais ou disseminar desinformação em larga escala .
processos	NOUN	0	33	14	A segurança cibernética também protege a democracia , evitando manipulações digitais que possam influenciar processos eleitorais ou disseminar desinformação em larga escala .
eleitorais	ADJ	0	33	15	A segurança cibernética também protege a democracia , evitando manipulações digitais que possam influenciar processos eleitorais ou disseminar desinformação em larga escala .
ou	CCONJ	0	33	16	A segurança cibernética também protege a democracia , evitando manipulações digitais que possam influenciar processos eleitorais ou disseminar desinformação em larga escala .
disseminar	VERB	1	33	17	A segurança cibernética também protege a democracia , evitando manipulações digitais que possam influenciar processos eleitorais ou disseminar desinformação em larga escala .
desinformação	NOUN	1	33	18	A segurança cibernética também protege a democracia , evitando manipulações digitais que possam influenciar processos eleitorais ou disseminar desinformação em larga escala .
em	ADP	0	33	19	A segurança cibernética também protege a democracia , evitando manipulações digitais que possam influenciar processos eleitorais ou disseminar desinformação em larga escala .
larga	ADJ	0	33	20	A segurança cibernética também protege a democracia , evitando manipulações digitais que possam influenciar processos eleitorais ou disseminar desinformação em larga escala .
escala	NOUN	0	33	21	A segurança cibernética também protege a democracia , evitando manipulações digitais que possam influenciar processos eleitorais ou disseminar desinformação em larga escala .
.	PUNCT	0	33	22	A segurança cibernética também protege a democracia , evitando manipulações digitais que possam influenciar processos eleitorais ou disseminar desinformação em larga escala .
O	DET	0	34	0	O combate às fake news é parte da segurança digital , pois informações falsas podem causar danos sociais e políticos tão graves quanto ataques técnicos a sistemas .
combate	NOUN	0	34	1	O combate às fake news é parte da segurança digital , pois informações falsas podem causar danos sociais e políticos tão graves quanto ataques técnicos a sistemas .
às	ADP	0	34	2	O combate às fake news é parte da segurança digital , pois informações falsas podem causar danos sociais e políticos tão graves quanto ataques técnicos a sistemas .
fake	PROPN	1	34	3	O combate às fake news é parte da segurança digital , pois informações falsas podem causar danos sociais e políticos tão graves quanto ataques técnicos a sistemas .
news	PROPN	1	34	4	O combate às fake news é parte da segurança digital , pois informações falsas podem causar danos sociais e políticos tão graves quanto ataques técnicos a sistemas .
é	AUX	0	34	5	O combate às fake news é parte da segurança digital , pois informações falsas podem causar danos sociais e políticos tão graves quanto ataques técnicos a sistemas .
parte	NOUN	0	34	6	O combate às fake news é parte da segurança digital , pois informações falsas podem causar danos sociais e políticos tão graves quanto ataques técnicos a sistemas .
da	ADP	0	34	7	O combate às fake news é parte da segurança digital , pois informações falsas podem causar danos sociais e políticos tão graves quanto ataques técnicos a sistemas .
segurança	NOUN	0	34	8	O combate às fake news é parte da segurança digital , pois informações falsas podem causar danos sociais e políticos tão graves quanto ataques técnicos a sistemas .
digital	ADJ	0	34	9	O combate às fake news é parte da segurança digital , pois informações falsas podem causar danos sociais e políticos tão graves quanto ataques técnicos a sistemas .
,	PUNCT	0	34	10	O combate às fake news é parte da segurança digital , pois informações falsas podem causar danos sociais e políticos tão graves quanto ataques técnicos a sistemas .
pois	SCONJ	0	34	11	O combate às fake news é parte da segurança digital , pois informações falsas podem causar danos sociais e políticos tão graves quanto ataques técnicos a sistemas .
informações	NOUN	0	34	12	O combate às fake news é parte da segurança digital , pois informações falsas podem causar danos sociais e políticos tão graves quanto ataques técnicos a sistemas .
falsas	ADJ	0	34	13	O combate às fake news é parte da segurança digital , pois informações falsas podem causar danos sociais e políticos tão graves quanto ataques técnicos a sistemas .
podem	VERB	0	34	14	O combate às fake news é parte da segurança digital , pois informações falsas podem causar danos sociais e políticos tão graves quanto ataques técnicos a sistemas .
causar	VERB	0	34	15	O combate às fake news é parte da segurança digital , pois informações falsas podem causar danos sociais e políticos tão graves quanto ataques técnicos a sistemas .
danos	NOUN	0	34	16	O combate às fake news é parte da segurança digital , pois informações falsas podem causar danos sociais e políticos tão graves quanto ataques técnicos a sistemas .
sociais	ADJ	0	34	17	O combate às fake news é parte da segurança digital , pois informações falsas podem causar danos sociais e políticos tão graves quanto ataques técnicos a sistemas .
e	CCONJ	0	34	18	O combate às fake news é parte da segurança digital , pois informações falsas podem causar danos sociais e políticos tão graves quanto ataques técnicos a sistemas .
políticos	NOUN	0	34	19	O combate às fake news é parte da segurança digital , pois informações falsas podem causar danos sociais e políticos tão graves quanto ataques técnicos a sistemas .
tão	ADV	0	34	20	O combate às fake news é parte da segurança digital , pois informações falsas podem causar danos sociais e políticos tão graves quanto ataques técnicos a sistemas .
graves	ADJ	0	34	21	O combate às fake news é parte da segurança digital , pois informações falsas podem causar danos sociais e políticos tão graves quanto ataques técnicos a sistemas .
quanto	ADV	0	34	22	O combate às fake news é parte da segurança digital , pois informações falsas podem causar danos sociais e políticos tão graves quanto ataques técnicos a sistemas .
ataques	NOUN	0	34	23	O combate às fake news é parte da segurança digital , pois informações falsas podem causar danos sociais e políticos tão graves quanto ataques técnicos a sistemas .
técnicos	ADJ	0	34	24	O combate às fake news é parte da segurança digital , pois informações falsas podem causar danos sociais e políticos tão graves quanto ataques técnicos a sistemas .
a	ADP	0	34	25	O combate às fake news é parte da segurança digital , pois informações falsas podem causar danos sociais e políticos tão graves quanto ataques técnicos a sistemas .
sistemas	NOUN	0	34	26	O combate às fake news é parte da segurança digital , pois informações falsas podem causar danos sociais e políticos tão graves quanto ataques técnicos a sistemas .
.	PUNCT	0	34	27	O combate às fake news é parte da segurança digital , pois informações falsas podem causar danos sociais e políticos tão graves quanto ataques técnicos a sistemas .
A	DET	0	35	0	A proteção de dados pessoais é um direito fundamental , e sua violação pode comprometer não apenas indivíduos , mas também a estabilidade de instituições e governos .
proteção	NOUN	0	35	1	A proteção de dados pessoais é um direito fundamental , e sua violação pode comprometer não apenas indivíduos , mas também a estabilidade de instituições e governos .
de	ADP	0	35	2	A proteção de dados pessoais é um direito fundamental , e sua violação pode comprometer não apenas indivíduos , mas também a estabilidade de instituições e governos .
dados	NOUN	0	35	3	A proteção de dados pessoais é um direito fundamental , e sua violação pode comprometer não apenas indivíduos , mas também a estabilidade de instituições e governos .
pessoais	ADJ	0	35	4	A proteção de dados pessoais é um direito fundamental , e sua violação pode comprometer não apenas indivíduos , mas também a estabilidade de instituições e governos .
é	AUX	0	35	5	A proteção de dados pessoais é um direito fundamental , e sua violação pode comprometer não apenas indivíduos , mas também a estabilidade de instituições e governos .
um	DET	0	35	6	A proteção de dados pessoais é um direito fundamental , e sua violação pode comprometer não apenas indivíduos , mas também a estabilidade de instituições e governos .
direito	NOUN	0	35	7	A proteção de dados pessoais é um direito fundamental , e sua violação pode comprometer não apenas indivíduos , mas também a estabilidade de instituições e governos .
fundamental	ADJ	0	35	8	A proteção de dados pessoais é um direito fundamental , e sua violação pode comprometer não apenas indivíduos , mas também a estabilidade de instituições e governos .
,	PUNCT	0	35	9	A proteção de dados pessoais é um direito fundamental , e sua violação pode comprometer não apenas indivíduos , mas também a estabilidade de instituições e governos .
e	CCONJ	0	35	10	A proteção de dados pessoais é um direito fundamental , e sua violação pode comprometer não apenas indivíduos , mas também a estabilidade de instituições e governos .
sua	DET	0	35	11	A proteção de dados pessoais é um direito fundamental , e sua violação pode comprometer não apenas indivíduos , mas também a estabilidade de instituições e governos .
violação	NOUN	0	35	12	A proteção de dados pessoais é um direito fundamental , e sua violação pode comprometer não apenas indivíduos , mas também a estabilidade de instituições e governos .
pode	VERB	0	35	13	A proteção de dados pessoais é um direito fundamental , e sua violação pode comprometer não apenas indivíduos , mas também a estabilidade de instituições e governos .
comprometer	VERB	1	35	14	A proteção de dados pessoais é um direito fundamental , e sua violação pode comprometer não apenas indivíduos , mas também a estabilidade de instituições e governos .
não	ADV	0	35	15	A proteção de dados pessoais é um direito fundamental , e sua violação pode comprometer não apenas indivíduos , mas também a estabilidade de instituições e governos .
apenas	ADV	0	35	16	A proteção de dados pessoais é um direito fundamental , e sua violação pode comprometer não apenas indivíduos , mas também a estabilidade de instituições e governos .
indivíduos	NOUN	0	35	17	A proteção de dados pessoais é um direito fundamental , e sua violação pode comprometer não apenas indivíduos , mas também a estabilidade de instituições e governos .
,	PUNCT	0	35	18	A proteção de dados pessoais é um direito fundamental , e sua violação pode comprometer não apenas indivíduos , mas também a estabilidade de instituições e governos .
mas	CCONJ	0	35	19	A proteção de dados pessoais é um direito fundamental , e sua violação pode comprometer não apenas indivíduos , mas também a estabilidade de instituições e governos .
também	ADV	0	35	20	A proteção de dados pessoais é um direito fundamental , e sua violação pode comprometer não apenas indivíduos , mas também a estabilidade de instituições e governos .
a	DET	0	35	21	A proteção de dados pessoais é um direito fundamental , e sua violação pode comprometer não apenas indivíduos , mas também a estabilidade de instituições e governos .
estabilidade	NOUN	0	35	22	A proteção de dados pessoais é um direito fundamental , e sua violação pode comprometer não apenas indivíduos , mas também a estabilidade de instituições e governos .
de	ADP	0	35	23	A proteção de dados pessoais é um direito fundamental , e sua violação pode comprometer não apenas indivíduos , mas também a estabilidade de instituições e governos .
instituições	NOUN	0	35	24	A proteção de dados pessoais é um direito fundamental , e sua violação pode comprometer não apenas indivíduos , mas também a estabilidade de instituições e governos .
e	CCONJ	0	35	25	A proteção de dados pessoais é um direito fundamental , e sua violação pode comprometer não apenas indivíduos , mas também a estabilidade de instituições e governos .
governos	NOUN	0	35	26	A proteção de dados pessoais é um direito fundamental , e sua violação pode comprometer não apenas indivíduos , mas também a estabilidade de instituições e governos .
.	PUNCT	0	35	27	A proteção de dados pessoais é um direito fundamental , e sua violação pode comprometer não apenas indivíduos , mas também a estabilidade de instituições e governos .
A	DET	0	36	0	A segurança cibernética deve ser vista como responsabilidade compartilhada , envolvendo governos , empresas e cidadãos em um esforço conjunto para proteger o mundo digital .
segurança	NOUN	0	36	1	A segurança cibernética deve ser vista como responsabilidade compartilhada , envolvendo governos , empresas e cidadãos em um esforço conjunto para proteger o mundo digital .
cibernética	ADJ	1	36	2	A segurança cibernética deve ser vista como responsabilidade compartilhada , envolvendo governos , empresas e cidadãos em um esforço conjunto para proteger o mundo digital .
deve	VERB	0	36	3	A segurança cibernética deve ser vista como responsabilidade compartilhada , envolvendo governos , empresas e cidadãos em um esforço conjunto para proteger o mundo digital .
ser	AUX	0	36	4	A segurança cibernética deve ser vista como responsabilidade compartilhada , envolvendo governos , empresas e cidadãos em um esforço conjunto para proteger o mundo digital .
vista	VERB	0	36	5	A segurança cibernética deve ser vista como responsabilidade compartilhada , envolvendo governos , empresas e cidadãos em um esforço conjunto para proteger o mundo digital .
como	ADP	0	36	6	A segurança cibernética deve ser vista como responsabilidade compartilhada , envolvendo governos , empresas e cidadãos em um esforço conjunto para proteger o mundo digital .
responsabilidade	NOUN	1	36	7	A segurança cibernética deve ser vista como responsabilidade compartilhada , envolvendo governos , empresas e cidadãos em um esforço conjunto para proteger o mundo digital .
compartilhada	VERB	1	36	8	A segurança cibernética deve ser vista como responsabilidade compartilhada , envolvendo governos , empresas e cidadãos em um esforço conjunto para proteger o mundo digital .
,	PUNCT	0	36	9	A segurança cibernética deve ser vista como responsabilidade compartilhada , envolvendo governos , empresas e cidadãos em um esforço conjunto para proteger o mundo digital .
envolvendo	VERB	0	36	10	A segurança cibernética deve ser vista como responsabilidade compartilhada , envolvendo governos , empresas e cidadãos em um esforço conjunto para proteger o mundo digital .
governos	NOUN	0	36	11	A segurança cibernética deve ser vista como responsabilidade compartilhada , envolvendo governos , empresas e cidadãos em um esforço conjunto para proteger o mundo digital .
,	PUNCT	0	36	12	A segurança cibernética deve ser vista como responsabilidade compartilhada , envolvendo governos , empresas e cidadãos em um esforço conjunto para proteger o mundo digital .
empresas	NOUN	0	36	13	A segurança cibernética deve ser vista como responsabilidade compartilhada , envolvendo governos , empresas e cidadãos em um esforço conjunto para proteger o mundo digital .
e	CCONJ	0	36	14	A segurança cibernética deve ser vista como responsabilidade compartilhada , envolvendo governos , empresas e cidadãos em um esforço conjunto para proteger o mundo digital .
cidadãos	NOUN	0	36	15	A segurança cibernética deve ser vista como responsabilidade compartilhada , envolvendo governos , empresas e cidadãos em um esforço conjunto para proteger o mundo digital .
em	ADP	0	36	16	A segurança cibernética deve ser vista como responsabilidade compartilhada , envolvendo governos , empresas e cidadãos em um esforço conjunto para proteger o mundo digital .
um	DET	0	36	17	A segurança cibernética deve ser vista como responsabilidade compartilhada , envolvendo governos , empresas e cidadãos em um esforço conjunto para proteger o mundo digital .
esforço	NOUN	0	36	18	A segurança cibernética deve ser vista como responsabilidade compartilhada , envolvendo governos , empresas e cidadãos em um esforço conjunto para proteger o mundo digital .
conjunto	ADJ	0	36	19	A segurança cibernética deve ser vista como responsabilidade compartilhada , envolvendo governos , empresas e cidadãos em um esforço conjunto para proteger o mundo digital .
para	SCONJ	0	36	20	A segurança cibernética deve ser vista como responsabilidade compartilhada , envolvendo governos , empresas e cidadãos em um esforço conjunto para proteger o mundo digital .
proteger	VERB	0	36	21	A segurança cibernética deve ser vista como responsabilidade compartilhada , envolvendo governos , empresas e cidadãos em um esforço conjunto para proteger o mundo digital .
o	DET	0	36	22	A segurança cibernética deve ser vista como responsabilidade compartilhada , envolvendo governos , empresas e cidadãos em um esforço conjunto para proteger o mundo digital .
mundo	NOUN	0	36	23	A segurança cibernética deve ser vista como responsabilidade compartilhada , envolvendo governos , empresas e cidadãos em um esforço conjunto para proteger o mundo digital .
digital	ADJ	0	36	24	A segurança cibernética deve ser vista como responsabilidade compartilhada , envolvendo governos , empresas e cidadãos em um esforço conjunto para proteger o mundo digital .
.	PUNCT	0	36	25	A segurança cibernética deve ser vista como responsabilidade compartilhada , envolvendo governos , empresas e cidadãos em um esforço conjunto para proteger o mundo digital .
A	DET	0	37	0	A confiança digital é construída com transparência , responsabilidade e práticas seguras , criando um ambiente onde inovação e proteção caminham lado a lado .
confiança	NOUN	0	37	1	A confiança digital é construída com transparência , responsabilidade e práticas seguras , criando um ambiente onde inovação e proteção caminham lado a lado .
digital	ADJ	0	37	2	A confiança digital é construída com transparência , responsabilidade e práticas seguras , criando um ambiente onde inovação e proteção caminham lado a lado .
é	AUX	0	37	3	A confiança digital é construída com transparência , responsabilidade e práticas seguras , criando um ambiente onde inovação e proteção caminham lado a lado .
construída	VERB	0	37	4	A confiança digital é construída com transparência , responsabilidade e práticas seguras , criando um ambiente onde inovação e proteção caminham lado a lado .
com	ADP	0	37	5	A confiança digital é construída com transparência , responsabilidade e práticas seguras , criando um ambiente onde inovação e proteção caminham lado a lado .
transparência	NOUN	1	37	6	A confiança digital é construída com transparência , responsabilidade e práticas seguras , criando um ambiente onde inovação e proteção caminham lado a lado .
,	PUNCT	0	37	7	A confiança digital é construída com transparência , responsabilidade e práticas seguras , criando um ambiente onde inovação e proteção caminham lado a lado .
responsabilidade	NOUN	1	37	8	A confiança digital é construída com transparência , responsabilidade e práticas seguras , criando um ambiente onde inovação e proteção caminham lado a lado .
e	CCONJ	0	37	9	A confiança digital é construída com transparência , responsabilidade e práticas seguras , criando um ambiente onde inovação e proteção caminham lado a lado .
práticas	NOUN	0	37	10	A confiança digital é construída com transparência , responsabilidade e práticas seguras , criando um ambiente onde inovação e proteção caminham lado a lado .
seguras	ADJ	1	37	11	A confiança digital é construída com transparência , responsabilidade e práticas seguras , criando um ambiente onde inovação e proteção caminham lado a lado .
,	PUNCT	0	37	12	A confiança digital é construída com transparência , responsabilidade e práticas seguras , criando um ambiente onde inovação e proteção caminham lado a lado .
criando	VERB	0	37	13	A confiança digital é construída com transparência , responsabilidade e práticas seguras , criando um ambiente onde inovação e proteção caminham lado a lado .
um	DET	0	37	14	A confiança digital é construída com transparência , responsabilidade e práticas seguras , criando um ambiente onde inovação e proteção caminham lado a lado .
ambiente	NOUN	0	37	15	A confiança digital é construída com transparência , responsabilidade e práticas seguras , criando um ambiente onde inovação e proteção caminham lado a lado .
onde	PRON	0	37	16	A confiança digital é construída com transparência , responsabilidade e práticas seguras , criando um ambiente onde inovação e proteção caminham lado a lado .
inovação	NOUN	0	37	17	A confiança digital é construída com transparência , responsabilidade e práticas seguras , criando um ambiente onde inovação e proteção caminham lado a lado .
e	CCONJ	0	37	18	A confiança digital é construída com transparência , responsabilidade e práticas seguras , criando um ambiente onde inovação e proteção caminham lado a lado .
proteção	NOUN	0	37	19	A confiança digital é construída com transparência , responsabilidade e práticas seguras , criando um ambiente onde inovação e proteção caminham lado a lado .
caminham	VERB	1	37	20	A confiança digital é construída com transparência , responsabilidade e práticas seguras , criando um ambiente onde inovação e proteção caminham lado a lado .
lado	NOUN	0	37	21	A confiança digital é construída com transparência , responsabilidade e práticas seguras , criando um ambiente onde inovação e proteção caminham lado a lado .
a	ADP	0	37	22	A confiança digital é construída com transparência , responsabilidade e práticas seguras , criando um ambiente onde inovação e proteção caminham lado a lado .
lado	NOUN	0	37	23	A confiança digital é construída com transparência , responsabilidade e práticas seguras , criando um ambiente onde inovação e proteção caminham lado a lado .
.	PUNCT	0	37	24	A confiança digital é construída com transparência , responsabilidade e práticas seguras , criando um ambiente onde inovação e proteção caminham lado a lado .
A	DET	0	38	0	A segurança cibernética é um processo contínuo que exige vigilância , adaptação e comprometimento , pois as ameaças evoluem constantemente e exigem respostas rápidas e eficazes .
segurança	NOUN	0	38	1	A segurança cibernética é um processo contínuo que exige vigilância , adaptação e comprometimento , pois as ameaças evoluem constantemente e exigem respostas rápidas e eficazes .
cibernética	ADJ	1	38	2	A segurança cibernética é um processo contínuo que exige vigilância , adaptação e comprometimento , pois as ameaças evoluem constantemente e exigem respostas rápidas e eficazes .
é	AUX	0	38	3	A segurança cibernética é um processo contínuo que exige vigilância , adaptação e comprometimento , pois as ameaças evoluem constantemente e exigem respostas rápidas e eficazes .
um	DET	0	38	4	A segurança cibernética é um processo contínuo que exige vigilância , adaptação e comprometimento , pois as ameaças evoluem constantemente e exigem respostas rápidas e eficazes .
processo	NOUN	0	38	5	A segurança cibernética é um processo contínuo que exige vigilância , adaptação e comprometimento , pois as ameaças evoluem constantemente e exigem respostas rápidas e eficazes .
contínuo	ADJ	0	38	6	A segurança cibernética é um processo contínuo que exige vigilância , adaptação e comprometimento , pois as ameaças evoluem constantemente e exigem respostas rápidas e eficazes .
que	PRON	0	38	7	A segurança cibernética é um processo contínuo que exige vigilância , adaptação e comprometimento , pois as ameaças evoluem constantemente e exigem respostas rápidas e eficazes .
exige	VERB	0	38	8	A segurança cibernética é um processo contínuo que exige vigilância , adaptação e comprometimento , pois as ameaças evoluem constantemente e exigem respostas rápidas e eficazes .
vigilância	NOUN	0	38	9	A segurança cibernética é um processo contínuo que exige vigilância , adaptação e comprometimento , pois as ameaças evoluem constantemente e exigem respostas rápidas e eficazes .
,	PUNCT	0	38	10	A segurança cibernética é um processo contínuo que exige vigilância , adaptação e comprometimento , pois as ameaças evoluem constantemente e exigem respostas rápidas e eficazes .
adaptação	NOUN	0	38	11	A segurança cibernética é um processo contínuo que exige vigilância , adaptação e comprometimento , pois as ameaças evoluem constantemente e exigem respostas rápidas e eficazes .
e	CCONJ	0	38	12	A segurança cibernética é um processo contínuo que exige vigilância , adaptação e comprometimento , pois as ameaças evoluem constantemente e exigem respostas rápidas e eficazes .
comprometimento	NOUN	1	38	13	A segurança cibernética é um processo contínuo que exige vigilância , adaptação e comprometimento , pois as ameaças evoluem constantemente e exigem respostas rápidas e eficazes .
,	PUNCT	0	38	14	A segurança cibernética é um processo contínuo que exige vigilância , adaptação e comprometimento , pois as ameaças evoluem constantemente e exigem respostas rápidas e eficazes .
pois	SCONJ	0	38	15	A segurança cibernética é um processo contínuo que exige vigilância , adaptação e comprometimento , pois as ameaças evoluem constantemente e exigem respostas rápidas e eficazes .
as	DET	0	38	16	A segurança cibernética é um processo contínuo que exige vigilância , adaptação e comprometimento , pois as ameaças evoluem constantemente e exigem respostas rápidas e eficazes .
ameaças	NOUN	0	38	17	A segurança cibernética é um processo contínuo que exige vigilância , adaptação e comprometimento , pois as ameaças evoluem constantemente e exigem respostas rápidas e eficazes .
evoluem	VERB	1	38	18	A segurança cibernética é um processo contínuo que exige vigilância , adaptação e comprometimento , pois as ameaças evoluem constantemente e exigem respostas rápidas e eficazes .
constantemente	ADV	0	38	19	A segurança cibernética é um processo contínuo que exige vigilância , adaptação e comprometimento , pois as ameaças evoluem constantemente e exigem respostas rápidas e eficazes .
e	CCONJ	0	38	20	A segurança cibernética é um processo contínuo que exige vigilância , adaptação e comprometimento , pois as ameaças evoluem constantemente e exigem respostas rápidas e eficazes .
exigem	VERB	0	38	21	A segurança cibernética é um processo contínuo que exige vigilância , adaptação e comprometimento , pois as ameaças evoluem constantemente e exigem respostas rápidas e eficazes .
respostas	NOUN	0	38	22	A segurança cibernética é um processo contínuo que exige vigilância , adaptação e comprometimento , pois as ameaças evoluem constantemente e exigem respostas rápidas e eficazes .
rápidas	ADJ	0	38	23	A segurança cibernética é um processo contínuo que exige vigilância , adaptação e comprometimento , pois as ameaças evoluem constantemente e exigem respostas rápidas e eficazes .
e	CCONJ	0	38	24	A segurança cibernética é um processo contínuo que exige vigilância , adaptação e comprometimento , pois as ameaças evoluem constantemente e exigem respostas rápidas e eficazes .
eficazes	ADJ	1	38	25	A segurança cibernética é um processo contínuo que exige vigilância , adaptação e comprometimento , pois as ameaças evoluem constantemente e exigem respostas rápidas e eficazes .
.	PUNCT	0	38	26	A segurança cibernética é um processo contínuo que exige vigilância , adaptação e comprometimento , pois as ameaças evoluem constantemente e exigem respostas rápidas e eficazes .
O	DET	0	39	0	O futuro da sociedade digital depende diretamente da capacidade de proteger informações , sistemas e pessoas contra ataques que podem comprometer a estabilidade global .
futuro	PROPN	0	39	1	O futuro da sociedade digital depende diretamente da capacidade de proteger informações , sistemas e pessoas contra ataques que podem comprometer a estabilidade global .
da	ADP	0	39	2	O futuro da sociedade digital depende diretamente da capacidade de proteger informações , sistemas e pessoas contra ataques que podem comprometer a estabilidade global .
sociedade	NOUN	0	39	3	O futuro da sociedade digital depende diretamente da capacidade de proteger informações , sistemas e pessoas contra ataques que podem comprometer a estabilidade global .
digital	ADJ	0	39	4	O futuro da sociedade digital depende diretamente da capacidade de proteger informações , sistemas e pessoas contra ataques que podem comprometer a estabilidade global .
depende	VERB	0	39	5	O futuro da sociedade digital depende diretamente da capacidade de proteger informações , sistemas e pessoas contra ataques que podem comprometer a estabilidade global .
diretamente	ADV	0	39	6	O futuro da sociedade digital depende diretamente da capacidade de proteger informações , sistemas e pessoas contra ataques que podem comprometer a estabilidade global .
da	ADP	0	39	7	O futuro da sociedade digital depende diretamente da capacidade de proteger informações , sistemas e pessoas contra ataques que podem comprometer a estabilidade global .
capacidade	NOUN	0	39	8	O futuro da sociedade digital depende diretamente da capacidade de proteger informações , sistemas e pessoas contra ataques que podem comprometer a estabilidade global .
de	SCONJ	0	39	9	O futuro da sociedade digital depende diretamente da capacidade de proteger informações , sistemas e pessoas contra ataques que podem comprometer a estabilidade global .
proteger	VERB	0	39	10	O futuro da sociedade digital depende diretamente da capacidade de proteger informações , sistemas e pessoas contra ataques que podem comprometer a estabilidade global .
informações	NOUN	0	39	11	O futuro da sociedade digital depende diretamente da capacidade de proteger informações , sistemas e pessoas contra ataques que podem comprometer a estabilidade global .
,	PUNCT	0	39	12	O futuro da sociedade digital depende diretamente da capacidade de proteger informações , sistemas e pessoas contra ataques que podem comprometer a estabilidade global .
sistemas	NOUN	0	39	13	O futuro da sociedade digital depende diretamente da capacidade de proteger informações , sistemas e pessoas contra ataques que podem comprometer a estabilidade global .
e	CCONJ	0	39	14	O futuro da sociedade digital depende diretamente da capacidade de proteger informações , sistemas e pessoas contra ataques que podem comprometer a estabilidade global .
pessoas	NOUN	0	39	15	O futuro da sociedade digital depende diretamente da capacidade de proteger informações , sistemas e pessoas contra ataques que podem comprometer a estabilidade global .
contra	ADP	0	39	16	O futuro da sociedade digital depende diretamente da capacidade de proteger informações , sistemas e pessoas contra ataques que podem comprometer a estabilidade global .
ataques	NOUN	0	39	17	O futuro da sociedade digital depende diretamente da capacidade de proteger informações , sistemas e pessoas contra ataques que podem comprometer a estabilidade global .
que	PRON	0	39	18	O futuro da sociedade digital depende diretamente da capacidade de proteger informações , sistemas e pessoas contra ataques que podem comprometer a estabilidade global .
podem	VERB	0	39	19	O futuro da sociedade digital depende diretamente da capacidade de proteger informações , sistemas e pessoas contra ataques que podem comprometer a estabilidade global .
comprometer	VERB	1	39	20	O futuro da sociedade digital depende diretamente da capacidade de proteger informações , sistemas e pessoas contra ataques que podem comprometer a estabilidade global .
a	DET	0	39	21	O futuro da sociedade digital depende diretamente da capacidade de proteger informações , sistemas e pessoas contra ataques que podem comprometer a estabilidade global .
estabilidade	NOUN	0	39	22	O futuro da sociedade digital depende diretamente da capacidade de proteger informações , sistemas e pessoas contra ataques que podem comprometer a estabilidade global .
global	ADJ	0	39	23	O futuro da sociedade digital depende diretamente da capacidade de proteger informações , sistemas e pessoas contra ataques que podem comprometer a estabilidade global .
.	PUNCT	0	39	24	O futuro da sociedade digital depende diretamente da capacidade de proteger informações , sistemas e pessoas contra ataques que podem comprometer a estabilidade global .
Em	ADP	0	40	0	Em conclusão , investir em segurança cibernética é investir na continuidade da vida digital , garantindo que possamos usufruir dos benefícios da tecnologia com confiança e proteção .
conclusão	NOUN	0	40	1	Em conclusão , investir em segurança cibernética é investir na continuidade da vida digital , garantindo que possamos usufruir dos benefícios da tecnologia com confiança e proteção .
,	PUNCT	0	40	2	Em conclusão , investir em segurança cibernética é investir na continuidade da vida digital , garantindo que possamos usufruir dos benefícios da tecnologia com confiança e proteção .
investir	VERB	0	40	3	Em conclusão , investir em segurança cibernética é investir na continuidade da vida digital , garantindo que possamos usufruir dos benefícios da tecnologia com confiança e proteção .
em	ADP	0	40	4	Em conclusão , investir em segurança cibernética é investir na continuidade da vida digital , garantindo que possamos usufruir dos benefícios da tecnologia com confiança e proteção .
segurança	NOUN	0	40	5	Em conclusão , investir em segurança cibernética é investir na continuidade da vida digital , garantindo que possamos usufruir dos benefícios da tecnologia com confiança e proteção .
cibernética	ADJ	1	40	6	Em conclusão , investir em segurança cibernética é investir na continuidade da vida digital , garantindo que possamos usufruir dos benefícios da tecnologia com confiança e proteção .
é	AUX	0	40	7	Em conclusão , investir em segurança cibernética é investir na continuidade da vida digital , garantindo que possamos usufruir dos benefícios da tecnologia com confiança e proteção .
investir	VERB	0	40	8	Em conclusão , investir em segurança cibernética é investir na continuidade da vida digital , garantindo que possamos usufruir dos benefícios da tecnologia com confiança e proteção .
na	ADP	0	40	9	Em conclusão , investir em segurança cibernética é investir na continuidade da vida digital , garantindo que possamos usufruir dos benefícios da tecnologia com confiança e proteção .
continuidade	NOUN	0	40	10	Em conclusão , investir em segurança cibernética é investir na continuidade da vida digital , garantindo que possamos usufruir dos benefícios da tecnologia com confiança e proteção .
da	ADP	0	40	11	Em conclusão , investir em segurança cibernética é investir na continuidade da vida digital , garantindo que possamos usufruir dos benefícios da tecnologia com confiança e proteção .
vida	NOUN	0	40	12	Em conclusão , investir em segurança cibernética é investir na continuidade da vida digital , garantindo que possamos usufruir dos benefícios da tecnologia com confiança e proteção .
digital	ADJ	0	40	13	Em conclusão , investir em segurança cibernética é investir na continuidade da vida digital , garantindo que possamos usufruir dos benefícios da tecnologia com confiança e proteção .
,	PUNCT	0	40	14	Em conclusão , investir em segurança cibernética é investir na continuidade da vida digital , garantindo que possamos usufruir dos benefícios da tecnologia com confiança e proteção .
garantindo	VERB	0	40	15	Em conclusão , investir em segurança cibernética é investir na continuidade da vida digital , garantindo que possamos usufruir dos benefícios da tecnologia com confiança e proteção .
que	SCONJ	0	40	16	Em conclusão , investir em segurança cibernética é investir na continuidade da vida digital , garantindo que possamos usufruir dos benefícios da tecnologia com confiança e proteção .
possamos	VERB	1	40	17	Em conclusão , investir em segurança cibernética é investir na continuidade da vida digital , garantindo que possamos usufruir dos benefícios da tecnologia com confiança e proteção .
usufruir	VERB	1	40	18	Em conclusão , investir em segurança cibernética é investir na continuidade da vida digital , garantindo que possamos usufruir dos benefícios da tecnologia com confiança e proteção .
dos	ADP	0	40	19	Em conclusão , investir em segurança cibernética é investir na continuidade da vida digital , garantindo que possamos usufruir dos benefícios da tecnologia com confiança e proteção .
benefícios	NOUN	0	40	20	Em conclusão , investir em segurança cibernética é investir na continuidade da vida digital , garantindo que possamos usufruir dos benefícios da tecnologia com confiança e proteção .
da	ADP	0	40	21	Em conclusão , investir em segurança cibernética é investir na continuidade da vida digital , garantindo que possamos usufruir dos benefícios da tecnologia com confiança e proteção .
tecnologia	NOUN	0	40	22	Em conclusão , investir em segurança cibernética é investir na continuidade da vida digital , garantindo que possamos usufruir dos benefícios da tecnologia com confiança e proteção .
com	ADP	0	40	23	Em conclusão , investir em segurança cibernética é investir na continuidade da vida digital , garantindo que possamos usufruir dos benefícios da tecnologia com confiança e proteção .
confiança	NOUN	0	40	24	Em conclusão , investir em segurança cibernética é investir na continuidade da vida digital , garantindo que possamos usufruir dos benefícios da tecnologia com confiança e proteção .
e	CCONJ	0	40	25	Em conclusão , investir em segurança cibernética é investir na continuidade da vida digital , garantindo que possamos usufruir dos benefícios da tecnologia com confiança e proteção .
proteção	NOUN	0	40	26	Em conclusão , investir em segurança cibernética é investir na continuidade da vida digital , garantindo que possamos usufruir dos benefícios da tecnologia com confiança e proteção .
.	PUNCT	0	40	27	Em conclusão , investir em segurança cibernética é investir na continuidade da vida digital , garantindo que possamos usufruir dos benefícios da tecnologia com confiança e proteção .
