Token	POS-Tag	OOV	Id	Index	Granularidade	Documento
A	DET	0	1	0	0	A segurança cibernética tornou-se um dos pilares fundamentais da sociedade contemporânea , pois vivemos em um mundo cada vez mais conectado , onde informações pessoais , financeiras e corporativas circulam constantemente em redes digitais que precisam ser protegidas contra ameaças crescentes .
segurança	NOUN	0	1	1	0	A segurança cibernética tornou-se um dos pilares fundamentais da sociedade contemporânea , pois vivemos em um mundo cada vez mais conectado , onde informações pessoais , financeiras e corporativas circulam constantemente em redes digitais que precisam ser protegidas contra ameaças crescentes .
cibernética	ADJ	1	1	2	0	A segurança cibernética tornou-se um dos pilares fundamentais da sociedade contemporânea , pois vivemos em um mundo cada vez mais conectado , onde informações pessoais , financeiras e corporativas circulam constantemente em redes digitais que precisam ser protegidas contra ameaças crescentes .
tornou-se	VERB	1	1	3	0	A segurança cibernética tornou-se um dos pilares fundamentais da sociedade contemporânea , pois vivemos em um mundo cada vez mais conectado , onde informações pessoais , financeiras e corporativas circulam constantemente em redes digitais que precisam ser protegidas contra ameaças crescentes .
um	NUM	0	1	4	0	A segurança cibernética tornou-se um dos pilares fundamentais da sociedade contemporânea , pois vivemos em um mundo cada vez mais conectado , onde informações pessoais , financeiras e corporativas circulam constantemente em redes digitais que precisam ser protegidas contra ameaças crescentes .
dos	ADP	0	1	5	0	A segurança cibernética tornou-se um dos pilares fundamentais da sociedade contemporânea , pois vivemos em um mundo cada vez mais conectado , onde informações pessoais , financeiras e corporativas circulam constantemente em redes digitais que precisam ser protegidas contra ameaças crescentes .
pilares	NOUN	0	1	6	0	A segurança cibernética tornou-se um dos pilares fundamentais da sociedade contemporânea , pois vivemos em um mundo cada vez mais conectado , onde informações pessoais , financeiras e corporativas circulam constantemente em redes digitais que precisam ser protegidas contra ameaças crescentes .
fundamentais	ADJ	0	1	7	0	A segurança cibernética tornou-se um dos pilares fundamentais da sociedade contemporânea , pois vivemos em um mundo cada vez mais conectado , onde informações pessoais , financeiras e corporativas circulam constantemente em redes digitais que precisam ser protegidas contra ameaças crescentes .
da	ADP	0	1	8	0	A segurança cibernética tornou-se um dos pilares fundamentais da sociedade contemporânea , pois vivemos em um mundo cada vez mais conectado , onde informações pessoais , financeiras e corporativas circulam constantemente em redes digitais que precisam ser protegidas contra ameaças crescentes .
sociedade	NOUN	0	1	9	0	A segurança cibernética tornou-se um dos pilares fundamentais da sociedade contemporânea , pois vivemos em um mundo cada vez mais conectado , onde informações pessoais , financeiras e corporativas circulam constantemente em redes digitais que precisam ser protegidas contra ameaças crescentes .
contemporânea	ADJ	0	1	10	0	A segurança cibernética tornou-se um dos pilares fundamentais da sociedade contemporânea , pois vivemos em um mundo cada vez mais conectado , onde informações pessoais , financeiras e corporativas circulam constantemente em redes digitais que precisam ser protegidas contra ameaças crescentes .
,	PUNCT	0	1	11	0	A segurança cibernética tornou-se um dos pilares fundamentais da sociedade contemporânea , pois vivemos em um mundo cada vez mais conectado , onde informações pessoais , financeiras e corporativas circulam constantemente em redes digitais que precisam ser protegidas contra ameaças crescentes .
pois	SCONJ	0	1	12	0	A segurança cibernética tornou-se um dos pilares fundamentais da sociedade contemporânea , pois vivemos em um mundo cada vez mais conectado , onde informações pessoais , financeiras e corporativas circulam constantemente em redes digitais que precisam ser protegidas contra ameaças crescentes .
vivemos	VERB	1	1	13	0	A segurança cibernética tornou-se um dos pilares fundamentais da sociedade contemporânea , pois vivemos em um mundo cada vez mais conectado , onde informações pessoais , financeiras e corporativas circulam constantemente em redes digitais que precisam ser protegidas contra ameaças crescentes .
em	ADP	0	1	14	0	A segurança cibernética tornou-se um dos pilares fundamentais da sociedade contemporânea , pois vivemos em um mundo cada vez mais conectado , onde informações pessoais , financeiras e corporativas circulam constantemente em redes digitais que precisam ser protegidas contra ameaças crescentes .
um	DET	0	1	15	0	A segurança cibernética tornou-se um dos pilares fundamentais da sociedade contemporânea , pois vivemos em um mundo cada vez mais conectado , onde informações pessoais , financeiras e corporativas circulam constantemente em redes digitais que precisam ser protegidas contra ameaças crescentes .
mundo	NOUN	0	1	16	0	A segurança cibernética tornou-se um dos pilares fundamentais da sociedade contemporânea , pois vivemos em um mundo cada vez mais conectado , onde informações pessoais , financeiras e corporativas circulam constantemente em redes digitais que precisam ser protegidas contra ameaças crescentes .
cada	NOUN	0	1	17	0	A segurança cibernética tornou-se um dos pilares fundamentais da sociedade contemporânea , pois vivemos em um mundo cada vez mais conectado , onde informações pessoais , financeiras e corporativas circulam constantemente em redes digitais que precisam ser protegidas contra ameaças crescentes .
vez	ADP	0	1	18	0	A segurança cibernética tornou-se um dos pilares fundamentais da sociedade contemporânea , pois vivemos em um mundo cada vez mais conectado , onde informações pessoais , financeiras e corporativas circulam constantemente em redes digitais que precisam ser protegidas contra ameaças crescentes .
mais	ADV	0	1	19	0	A segurança cibernética tornou-se um dos pilares fundamentais da sociedade contemporânea , pois vivemos em um mundo cada vez mais conectado , onde informações pessoais , financeiras e corporativas circulam constantemente em redes digitais que precisam ser protegidas contra ameaças crescentes .
conectado	ADJ	1	1	20	0	A segurança cibernética tornou-se um dos pilares fundamentais da sociedade contemporânea , pois vivemos em um mundo cada vez mais conectado , onde informações pessoais , financeiras e corporativas circulam constantemente em redes digitais que precisam ser protegidas contra ameaças crescentes .
,	PUNCT	0	1	21	0	A segurança cibernética tornou-se um dos pilares fundamentais da sociedade contemporânea , pois vivemos em um mundo cada vez mais conectado , onde informações pessoais , financeiras e corporativas circulam constantemente em redes digitais que precisam ser protegidas contra ameaças crescentes .
onde	PRON	0	1	22	0	A segurança cibernética tornou-se um dos pilares fundamentais da sociedade contemporânea , pois vivemos em um mundo cada vez mais conectado , onde informações pessoais , financeiras e corporativas circulam constantemente em redes digitais que precisam ser protegidas contra ameaças crescentes .
informações	NOUN	0	1	23	0	A segurança cibernética tornou-se um dos pilares fundamentais da sociedade contemporânea , pois vivemos em um mundo cada vez mais conectado , onde informações pessoais , financeiras e corporativas circulam constantemente em redes digitais que precisam ser protegidas contra ameaças crescentes .
pessoais	ADJ	0	1	24	0	A segurança cibernética tornou-se um dos pilares fundamentais da sociedade contemporânea , pois vivemos em um mundo cada vez mais conectado , onde informações pessoais , financeiras e corporativas circulam constantemente em redes digitais que precisam ser protegidas contra ameaças crescentes .
,	PUNCT	0	1	25	0	A segurança cibernética tornou-se um dos pilares fundamentais da sociedade contemporânea , pois vivemos em um mundo cada vez mais conectado , onde informações pessoais , financeiras e corporativas circulam constantemente em redes digitais que precisam ser protegidas contra ameaças crescentes .
financeiras	ADJ	0	1	26	0	A segurança cibernética tornou-se um dos pilares fundamentais da sociedade contemporânea , pois vivemos em um mundo cada vez mais conectado , onde informações pessoais , financeiras e corporativas circulam constantemente em redes digitais que precisam ser protegidas contra ameaças crescentes .
e	CCONJ	0	1	27	0	A segurança cibernética tornou-se um dos pilares fundamentais da sociedade contemporânea , pois vivemos em um mundo cada vez mais conectado , onde informações pessoais , financeiras e corporativas circulam constantemente em redes digitais que precisam ser protegidas contra ameaças crescentes .
corporativas	ADJ	1	1	28	0	A segurança cibernética tornou-se um dos pilares fundamentais da sociedade contemporânea , pois vivemos em um mundo cada vez mais conectado , onde informações pessoais , financeiras e corporativas circulam constantemente em redes digitais que precisam ser protegidas contra ameaças crescentes .
circulam	VERB	1	1	29	0	A segurança cibernética tornou-se um dos pilares fundamentais da sociedade contemporânea , pois vivemos em um mundo cada vez mais conectado , onde informações pessoais , financeiras e corporativas circulam constantemente em redes digitais que precisam ser protegidas contra ameaças crescentes .
constantemente	ADV	0	1	30	0	A segurança cibernética tornou-se um dos pilares fundamentais da sociedade contemporânea , pois vivemos em um mundo cada vez mais conectado , onde informações pessoais , financeiras e corporativas circulam constantemente em redes digitais que precisam ser protegidas contra ameaças crescentes .
em	ADP	0	1	31	0	A segurança cibernética tornou-se um dos pilares fundamentais da sociedade contemporânea , pois vivemos em um mundo cada vez mais conectado , onde informações pessoais , financeiras e corporativas circulam constantemente em redes digitais que precisam ser protegidas contra ameaças crescentes .
redes	NOUN	0	1	32	0	A segurança cibernética tornou-se um dos pilares fundamentais da sociedade contemporânea , pois vivemos em um mundo cada vez mais conectado , onde informações pessoais , financeiras e corporativas circulam constantemente em redes digitais que precisam ser protegidas contra ameaças crescentes .
digitais	ADJ	0	1	33	0	A segurança cibernética tornou-se um dos pilares fundamentais da sociedade contemporânea , pois vivemos em um mundo cada vez mais conectado , onde informações pessoais , financeiras e corporativas circulam constantemente em redes digitais que precisam ser protegidas contra ameaças crescentes .
que	PRON	0	1	34	0	A segurança cibernética tornou-se um dos pilares fundamentais da sociedade contemporânea , pois vivemos em um mundo cada vez mais conectado , onde informações pessoais , financeiras e corporativas circulam constantemente em redes digitais que precisam ser protegidas contra ameaças crescentes .
precisam	VERB	0	1	35	0	A segurança cibernética tornou-se um dos pilares fundamentais da sociedade contemporânea , pois vivemos em um mundo cada vez mais conectado , onde informações pessoais , financeiras e corporativas circulam constantemente em redes digitais que precisam ser protegidas contra ameaças crescentes .
ser	AUX	0	1	36	0	A segurança cibernética tornou-se um dos pilares fundamentais da sociedade contemporânea , pois vivemos em um mundo cada vez mais conectado , onde informações pessoais , financeiras e corporativas circulam constantemente em redes digitais que precisam ser protegidas contra ameaças crescentes .
protegidas	VERB	0	1	37	0	A segurança cibernética tornou-se um dos pilares fundamentais da sociedade contemporânea , pois vivemos em um mundo cada vez mais conectado , onde informações pessoais , financeiras e corporativas circulam constantemente em redes digitais que precisam ser protegidas contra ameaças crescentes .
contra	ADP	0	1	38	0	A segurança cibernética tornou-se um dos pilares fundamentais da sociedade contemporânea , pois vivemos em um mundo cada vez mais conectado , onde informações pessoais , financeiras e corporativas circulam constantemente em redes digitais que precisam ser protegidas contra ameaças crescentes .
ameaças	NOUN	0	1	39	0	A segurança cibernética tornou-se um dos pilares fundamentais da sociedade contemporânea , pois vivemos em um mundo cada vez mais conectado , onde informações pessoais , financeiras e corporativas circulam constantemente em redes digitais que precisam ser protegidas contra ameaças crescentes .
crescentes	ADJ	1	1	40	0	A segurança cibernética tornou-se um dos pilares fundamentais da sociedade contemporânea , pois vivemos em um mundo cada vez mais conectado , onde informações pessoais , financeiras e corporativas circulam constantemente em redes digitais que precisam ser protegidas contra ameaças crescentes .
.	PUNCT	0	1	41	0	A segurança cibernética tornou-se um dos pilares fundamentais da sociedade contemporânea , pois vivemos em um mundo cada vez mais conectado , onde informações pessoais , financeiras e corporativas circulam constantemente em redes digitais que precisam ser protegidas contra ameaças crescentes .
0	['DET', 'NOUN', 'ADJ', 'VERB', 'NUM', 'ADP', 'NOUN', 'ADJ', 'ADP', 'NOUN', 'ADJ', 'PUNCT', 'SCONJ', 'VERB', 'ADP', 'DET', 'NOUN', 'NOUN', 'ADP', 'ADV', 'ADJ', 'PUNCT', 'PRON', 'NOUN', 'ADJ', 'PUNCT', 'ADJ', 'CCONJ', 'ADJ', 'VERB', 'ADV', 'ADP', 'NOUN', 'ADJ', 'PRON', 'VERB', 'AUX', 'VERB', 'ADP', 'NOUN', 'ADJ', 'PUNCT']	[0, 0, 1, 1, 0, 0, 0, 0, 0, 0, 0, 0, 0, 1, 0, 0, 0, 0, 0, 0, 1, 0, 0, 0, 0, 0, 0, 0, 1, 1, 0, 0, 0, 0, 0, 0, 0, 0, 0, 0, 1, 0]	1	0	1	A segurança cibernética tornou-se um dos pilares fundamentais da sociedade contemporânea , pois vivemos em um mundo cada vez mais conectado , onde informações pessoais , financeiras e corporativas circulam constantemente em redes digitais que precisam ser protegidas contra ameaças crescentes .
Com	ADP	0	2	0	0	Com a expansão da internet e a digitalização de serviços , surgiram novas oportunidades para criminosos explorarem vulnerabilidades , utilizando técnicas sofisticadas como phishing , ransomware e engenharia social , que podem comprometer dados sensíveis e causar prejuízos irreparáveis às vítimas .
a	DET	0	2	1	0	Com a expansão da internet e a digitalização de serviços , surgiram novas oportunidades para criminosos explorarem vulnerabilidades , utilizando técnicas sofisticadas como phishing , ransomware e engenharia social , que podem comprometer dados sensíveis e causar prejuízos irreparáveis às vítimas .
expansão	NOUN	0	2	2	0	Com a expansão da internet e a digitalização de serviços , surgiram novas oportunidades para criminosos explorarem vulnerabilidades , utilizando técnicas sofisticadas como phishing , ransomware e engenharia social , que podem comprometer dados sensíveis e causar prejuízos irreparáveis às vítimas .
da	ADP	0	2	3	0	Com a expansão da internet e a digitalização de serviços , surgiram novas oportunidades para criminosos explorarem vulnerabilidades , utilizando técnicas sofisticadas como phishing , ransomware e engenharia social , que podem comprometer dados sensíveis e causar prejuízos irreparáveis às vítimas .
internet	PROPN	0	2	4	0	Com a expansão da internet e a digitalização de serviços , surgiram novas oportunidades para criminosos explorarem vulnerabilidades , utilizando técnicas sofisticadas como phishing , ransomware e engenharia social , que podem comprometer dados sensíveis e causar prejuízos irreparáveis às vítimas .
e	CCONJ	0	2	5	0	Com a expansão da internet e a digitalização de serviços , surgiram novas oportunidades para criminosos explorarem vulnerabilidades , utilizando técnicas sofisticadas como phishing , ransomware e engenharia social , que podem comprometer dados sensíveis e causar prejuízos irreparáveis às vítimas .
a	DET	0	2	6	0	Com a expansão da internet e a digitalização de serviços , surgiram novas oportunidades para criminosos explorarem vulnerabilidades , utilizando técnicas sofisticadas como phishing , ransomware e engenharia social , que podem comprometer dados sensíveis e causar prejuízos irreparáveis às vítimas .
digitalização	NOUN	1	2	7	0	Com a expansão da internet e a digitalização de serviços , surgiram novas oportunidades para criminosos explorarem vulnerabilidades , utilizando técnicas sofisticadas como phishing , ransomware e engenharia social , que podem comprometer dados sensíveis e causar prejuízos irreparáveis às vítimas .
de	ADP	0	2	8	0	Com a expansão da internet e a digitalização de serviços , surgiram novas oportunidades para criminosos explorarem vulnerabilidades , utilizando técnicas sofisticadas como phishing , ransomware e engenharia social , que podem comprometer dados sensíveis e causar prejuízos irreparáveis às vítimas .
serviços	NOUN	0	2	9	0	Com a expansão da internet e a digitalização de serviços , surgiram novas oportunidades para criminosos explorarem vulnerabilidades , utilizando técnicas sofisticadas como phishing , ransomware e engenharia social , que podem comprometer dados sensíveis e causar prejuízos irreparáveis às vítimas .
,	PUNCT	0	2	10	0	Com a expansão da internet e a digitalização de serviços , surgiram novas oportunidades para criminosos explorarem vulnerabilidades , utilizando técnicas sofisticadas como phishing , ransomware e engenharia social , que podem comprometer dados sensíveis e causar prejuízos irreparáveis às vítimas .
surgiram	VERB	0	2	11	0	Com a expansão da internet e a digitalização de serviços , surgiram novas oportunidades para criminosos explorarem vulnerabilidades , utilizando técnicas sofisticadas como phishing , ransomware e engenharia social , que podem comprometer dados sensíveis e causar prejuízos irreparáveis às vítimas .
novas	ADJ	0	2	12	0	Com a expansão da internet e a digitalização de serviços , surgiram novas oportunidades para criminosos explorarem vulnerabilidades , utilizando técnicas sofisticadas como phishing , ransomware e engenharia social , que podem comprometer dados sensíveis e causar prejuízos irreparáveis às vítimas .
oportunidades	NOUN	0	2	13	0	Com a expansão da internet e a digitalização de serviços , surgiram novas oportunidades para criminosos explorarem vulnerabilidades , utilizando técnicas sofisticadas como phishing , ransomware e engenharia social , que podem comprometer dados sensíveis e causar prejuízos irreparáveis às vítimas .
para	ADP	0	2	14	0	Com a expansão da internet e a digitalização de serviços , surgiram novas oportunidades para criminosos explorarem vulnerabilidades , utilizando técnicas sofisticadas como phishing , ransomware e engenharia social , que podem comprometer dados sensíveis e causar prejuízos irreparáveis às vítimas .
criminosos	NOUN	0	2	15	0	Com a expansão da internet e a digitalização de serviços , surgiram novas oportunidades para criminosos explorarem vulnerabilidades , utilizando técnicas sofisticadas como phishing , ransomware e engenharia social , que podem comprometer dados sensíveis e causar prejuízos irreparáveis às vítimas .
explorarem	VERB	1	2	16	0	Com a expansão da internet e a digitalização de serviços , surgiram novas oportunidades para criminosos explorarem vulnerabilidades , utilizando técnicas sofisticadas como phishing , ransomware e engenharia social , que podem comprometer dados sensíveis e causar prejuízos irreparáveis às vítimas .
vulnerabilidades	NOUN	1	2	17	0	Com a expansão da internet e a digitalização de serviços , surgiram novas oportunidades para criminosos explorarem vulnerabilidades , utilizando técnicas sofisticadas como phishing , ransomware e engenharia social , que podem comprometer dados sensíveis e causar prejuízos irreparáveis às vítimas .
,	PUNCT	0	2	18	0	Com a expansão da internet e a digitalização de serviços , surgiram novas oportunidades para criminosos explorarem vulnerabilidades , utilizando técnicas sofisticadas como phishing , ransomware e engenharia social , que podem comprometer dados sensíveis e causar prejuízos irreparáveis às vítimas .
utilizando	VERB	0	2	19	0	Com a expansão da internet e a digitalização de serviços , surgiram novas oportunidades para criminosos explorarem vulnerabilidades , utilizando técnicas sofisticadas como phishing , ransomware e engenharia social , que podem comprometer dados sensíveis e causar prejuízos irreparáveis às vítimas .
técnicas	NOUN	0	2	20	0	Com a expansão da internet e a digitalização de serviços , surgiram novas oportunidades para criminosos explorarem vulnerabilidades , utilizando técnicas sofisticadas como phishing , ransomware e engenharia social , que podem comprometer dados sensíveis e causar prejuízos irreparáveis às vítimas .
sofisticadas	VERB	1	2	21	0	Com a expansão da internet e a digitalização de serviços , surgiram novas oportunidades para criminosos explorarem vulnerabilidades , utilizando técnicas sofisticadas como phishing , ransomware e engenharia social , que podem comprometer dados sensíveis e causar prejuízos irreparáveis às vítimas .
como	ADP	0	2	22	0	Com a expansão da internet e a digitalização de serviços , surgiram novas oportunidades para criminosos explorarem vulnerabilidades , utilizando técnicas sofisticadas como phishing , ransomware e engenharia social , que podem comprometer dados sensíveis e causar prejuízos irreparáveis às vítimas .
phishing	NOUN	1	2	23	0	Com a expansão da internet e a digitalização de serviços , surgiram novas oportunidades para criminosos explorarem vulnerabilidades , utilizando técnicas sofisticadas como phishing , ransomware e engenharia social , que podem comprometer dados sensíveis e causar prejuízos irreparáveis às vítimas .
,	PUNCT	0	2	24	0	Com a expansão da internet e a digitalização de serviços , surgiram novas oportunidades para criminosos explorarem vulnerabilidades , utilizando técnicas sofisticadas como phishing , ransomware e engenharia social , que podem comprometer dados sensíveis e causar prejuízos irreparáveis às vítimas .
ransomware	NOUN	1	2	25	0	Com a expansão da internet e a digitalização de serviços , surgiram novas oportunidades para criminosos explorarem vulnerabilidades , utilizando técnicas sofisticadas como phishing , ransomware e engenharia social , que podem comprometer dados sensíveis e causar prejuízos irreparáveis às vítimas .
e	CCONJ	0	2	26	0	Com a expansão da internet e a digitalização de serviços , surgiram novas oportunidades para criminosos explorarem vulnerabilidades , utilizando técnicas sofisticadas como phishing , ransomware e engenharia social , que podem comprometer dados sensíveis e causar prejuízos irreparáveis às vítimas .
engenharia	NOUN	0	2	27	0	Com a expansão da internet e a digitalização de serviços , surgiram novas oportunidades para criminosos explorarem vulnerabilidades , utilizando técnicas sofisticadas como phishing , ransomware e engenharia social , que podem comprometer dados sensíveis e causar prejuízos irreparáveis às vítimas .
social	ADJ	0	2	28	0	Com a expansão da internet e a digitalização de serviços , surgiram novas oportunidades para criminosos explorarem vulnerabilidades , utilizando técnicas sofisticadas como phishing , ransomware e engenharia social , que podem comprometer dados sensíveis e causar prejuízos irreparáveis às vítimas .
,	PUNCT	0	2	29	0	Com a expansão da internet e a digitalização de serviços , surgiram novas oportunidades para criminosos explorarem vulnerabilidades , utilizando técnicas sofisticadas como phishing , ransomware e engenharia social , que podem comprometer dados sensíveis e causar prejuízos irreparáveis às vítimas .
que	PRON	0	2	30	0	Com a expansão da internet e a digitalização de serviços , surgiram novas oportunidades para criminosos explorarem vulnerabilidades , utilizando técnicas sofisticadas como phishing , ransomware e engenharia social , que podem comprometer dados sensíveis e causar prejuízos irreparáveis às vítimas .
podem	VERB	0	2	31	0	Com a expansão da internet e a digitalização de serviços , surgiram novas oportunidades para criminosos explorarem vulnerabilidades , utilizando técnicas sofisticadas como phishing , ransomware e engenharia social , que podem comprometer dados sensíveis e causar prejuízos irreparáveis às vítimas .
comprometer	VERB	1	2	32	0	Com a expansão da internet e a digitalização de serviços , surgiram novas oportunidades para criminosos explorarem vulnerabilidades , utilizando técnicas sofisticadas como phishing , ransomware e engenharia social , que podem comprometer dados sensíveis e causar prejuízos irreparáveis às vítimas .
dados	NOUN	0	2	33	0	Com a expansão da internet e a digitalização de serviços , surgiram novas oportunidades para criminosos explorarem vulnerabilidades , utilizando técnicas sofisticadas como phishing , ransomware e engenharia social , que podem comprometer dados sensíveis e causar prejuízos irreparáveis às vítimas .
sensíveis	ADJ	0	2	34	0	Com a expansão da internet e a digitalização de serviços , surgiram novas oportunidades para criminosos explorarem vulnerabilidades , utilizando técnicas sofisticadas como phishing , ransomware e engenharia social , que podem comprometer dados sensíveis e causar prejuízos irreparáveis às vítimas .
e	CCONJ	0	2	35	0	Com a expansão da internet e a digitalização de serviços , surgiram novas oportunidades para criminosos explorarem vulnerabilidades , utilizando técnicas sofisticadas como phishing , ransomware e engenharia social , que podem comprometer dados sensíveis e causar prejuízos irreparáveis às vítimas .
causar	VERB	0	2	36	0	Com a expansão da internet e a digitalização de serviços , surgiram novas oportunidades para criminosos explorarem vulnerabilidades , utilizando técnicas sofisticadas como phishing , ransomware e engenharia social , que podem comprometer dados sensíveis e causar prejuízos irreparáveis às vítimas .
prejuízos	NOUN	0	2	37	0	Com a expansão da internet e a digitalização de serviços , surgiram novas oportunidades para criminosos explorarem vulnerabilidades , utilizando técnicas sofisticadas como phishing , ransomware e engenharia social , que podem comprometer dados sensíveis e causar prejuízos irreparáveis às vítimas .
irreparáveis	ADJ	1	2	38	0	Com a expansão da internet e a digitalização de serviços , surgiram novas oportunidades para criminosos explorarem vulnerabilidades , utilizando técnicas sofisticadas como phishing , ransomware e engenharia social , que podem comprometer dados sensíveis e causar prejuízos irreparáveis às vítimas .
às	ADP	0	2	39	0	Com a expansão da internet e a digitalização de serviços , surgiram novas oportunidades para criminosos explorarem vulnerabilidades , utilizando técnicas sofisticadas como phishing , ransomware e engenharia social , que podem comprometer dados sensíveis e causar prejuízos irreparáveis às vítimas .
vítimas	NOUN	0	2	40	0	Com a expansão da internet e a digitalização de serviços , surgiram novas oportunidades para criminosos explorarem vulnerabilidades , utilizando técnicas sofisticadas como phishing , ransomware e engenharia social , que podem comprometer dados sensíveis e causar prejuízos irreparáveis às vítimas .
.	PUNCT	0	2	41	0	Com a expansão da internet e a digitalização de serviços , surgiram novas oportunidades para criminosos explorarem vulnerabilidades , utilizando técnicas sofisticadas como phishing , ransomware e engenharia social , que podem comprometer dados sensíveis e causar prejuízos irreparáveis às vítimas .
1	['ADP', 'DET', 'NOUN', 'ADP', 'PROPN', 'CCONJ', 'DET', 'NOUN', 'ADP', 'NOUN', 'PUNCT', 'VERB', 'ADJ', 'NOUN', 'ADP', 'NOUN', 'VERB', 'NOUN', 'PUNCT', 'VERB', 'NOUN', 'VERB', 'ADP', 'NOUN', 'PUNCT', 'NOUN', 'CCONJ', 'NOUN', 'ADJ', 'PUNCT', 'PRON', 'VERB', 'VERB', 'NOUN', 'ADJ', 'CCONJ', 'VERB', 'NOUN', 'ADJ', 'ADP', 'NOUN', 'PUNCT']	[0, 0, 0, 0, 0, 0, 0, 1, 0, 0, 0, 0, 0, 0, 0, 0, 1, 1, 0, 0, 0, 1, 0, 1, 0, 1, 0, 0, 0, 0, 0, 0, 1, 0, 0, 0, 0, 0, 1, 0, 0, 0]	2	1	1	Com a expansão da internet e a digitalização de serviços , surgiram novas oportunidades para criminosos explorarem vulnerabilidades , utilizando técnicas sofisticadas como phishing , ransomware e engenharia social , que podem comprometer dados sensíveis e causar prejuízos irreparáveis às vítimas .
Empresas	NOUN	1	3	0	0	Empresas de todos os portes enfrentam desafios constantes para proteger suas infraestruturas digitais , investindo em firewalls , sistemas de criptografia , monitoramento em tempo real e programas de conscientização para funcionários , que muitas vezes são o elo mais fraco da cadeia de segurança .
de	ADP	0	3	1	0	Empresas de todos os portes enfrentam desafios constantes para proteger suas infraestruturas digitais , investindo em firewalls , sistemas de criptografia , monitoramento em tempo real e programas de conscientização para funcionários , que muitas vezes são o elo mais fraco da cadeia de segurança .
todos	DET	0	3	2	0	Empresas de todos os portes enfrentam desafios constantes para proteger suas infraestruturas digitais , investindo em firewalls , sistemas de criptografia , monitoramento em tempo real e programas de conscientização para funcionários , que muitas vezes são o elo mais fraco da cadeia de segurança .
os	DET	0	3	3	0	Empresas de todos os portes enfrentam desafios constantes para proteger suas infraestruturas digitais , investindo em firewalls , sistemas de criptografia , monitoramento em tempo real e programas de conscientização para funcionários , que muitas vezes são o elo mais fraco da cadeia de segurança .
portes	NOUN	1	3	4	0	Empresas de todos os portes enfrentam desafios constantes para proteger suas infraestruturas digitais , investindo em firewalls , sistemas de criptografia , monitoramento em tempo real e programas de conscientização para funcionários , que muitas vezes são o elo mais fraco da cadeia de segurança .
enfrentam	VERB	0	3	5	0	Empresas de todos os portes enfrentam desafios constantes para proteger suas infraestruturas digitais , investindo em firewalls , sistemas de criptografia , monitoramento em tempo real e programas de conscientização para funcionários , que muitas vezes são o elo mais fraco da cadeia de segurança .
desafios	NOUN	0	3	6	0	Empresas de todos os portes enfrentam desafios constantes para proteger suas infraestruturas digitais , investindo em firewalls , sistemas de criptografia , monitoramento em tempo real e programas de conscientização para funcionários , que muitas vezes são o elo mais fraco da cadeia de segurança .
constantes	ADJ	0	3	7	0	Empresas de todos os portes enfrentam desafios constantes para proteger suas infraestruturas digitais , investindo em firewalls , sistemas de criptografia , monitoramento em tempo real e programas de conscientização para funcionários , que muitas vezes são o elo mais fraco da cadeia de segurança .
para	SCONJ	0	3	8	0	Empresas de todos os portes enfrentam desafios constantes para proteger suas infraestruturas digitais , investindo em firewalls , sistemas de criptografia , monitoramento em tempo real e programas de conscientização para funcionários , que muitas vezes são o elo mais fraco da cadeia de segurança .
proteger	VERB	0	3	9	0	Empresas de todos os portes enfrentam desafios constantes para proteger suas infraestruturas digitais , investindo em firewalls , sistemas de criptografia , monitoramento em tempo real e programas de conscientização para funcionários , que muitas vezes são o elo mais fraco da cadeia de segurança .
suas	DET	0	3	10	0	Empresas de todos os portes enfrentam desafios constantes para proteger suas infraestruturas digitais , investindo em firewalls , sistemas de criptografia , monitoramento em tempo real e programas de conscientização para funcionários , que muitas vezes são o elo mais fraco da cadeia de segurança .
infraestruturas	NOUN	1	3	11	0	Empresas de todos os portes enfrentam desafios constantes para proteger suas infraestruturas digitais , investindo em firewalls , sistemas de criptografia , monitoramento em tempo real e programas de conscientização para funcionários , que muitas vezes são o elo mais fraco da cadeia de segurança .
digitais	ADJ	0	3	12	0	Empresas de todos os portes enfrentam desafios constantes para proteger suas infraestruturas digitais , investindo em firewalls , sistemas de criptografia , monitoramento em tempo real e programas de conscientização para funcionários , que muitas vezes são o elo mais fraco da cadeia de segurança .
,	PUNCT	0	3	13	0	Empresas de todos os portes enfrentam desafios constantes para proteger suas infraestruturas digitais , investindo em firewalls , sistemas de criptografia , monitoramento em tempo real e programas de conscientização para funcionários , que muitas vezes são o elo mais fraco da cadeia de segurança .
investindo	VERB	1	3	14	0	Empresas de todos os portes enfrentam desafios constantes para proteger suas infraestruturas digitais , investindo em firewalls , sistemas de criptografia , monitoramento em tempo real e programas de conscientização para funcionários , que muitas vezes são o elo mais fraco da cadeia de segurança .
em	ADP	0	3	15	0	Empresas de todos os portes enfrentam desafios constantes para proteger suas infraestruturas digitais , investindo em firewalls , sistemas de criptografia , monitoramento em tempo real e programas de conscientização para funcionários , que muitas vezes são o elo mais fraco da cadeia de segurança .
firewalls	NOUN	1	3	16	0	Empresas de todos os portes enfrentam desafios constantes para proteger suas infraestruturas digitais , investindo em firewalls , sistemas de criptografia , monitoramento em tempo real e programas de conscientização para funcionários , que muitas vezes são o elo mais fraco da cadeia de segurança .
,	PUNCT	0	3	17	0	Empresas de todos os portes enfrentam desafios constantes para proteger suas infraestruturas digitais , investindo em firewalls , sistemas de criptografia , monitoramento em tempo real e programas de conscientização para funcionários , que muitas vezes são o elo mais fraco da cadeia de segurança .
sistemas	NOUN	0	3	18	0	Empresas de todos os portes enfrentam desafios constantes para proteger suas infraestruturas digitais , investindo em firewalls , sistemas de criptografia , monitoramento em tempo real e programas de conscientização para funcionários , que muitas vezes são o elo mais fraco da cadeia de segurança .
de	ADP	0	3	19	0	Empresas de todos os portes enfrentam desafios constantes para proteger suas infraestruturas digitais , investindo em firewalls , sistemas de criptografia , monitoramento em tempo real e programas de conscientização para funcionários , que muitas vezes são o elo mais fraco da cadeia de segurança .
criptografia	NOUN	1	3	20	0	Empresas de todos os portes enfrentam desafios constantes para proteger suas infraestruturas digitais , investindo em firewalls , sistemas de criptografia , monitoramento em tempo real e programas de conscientização para funcionários , que muitas vezes são o elo mais fraco da cadeia de segurança .
,	PUNCT	0	3	21	0	Empresas de todos os portes enfrentam desafios constantes para proteger suas infraestruturas digitais , investindo em firewalls , sistemas de criptografia , monitoramento em tempo real e programas de conscientização para funcionários , que muitas vezes são o elo mais fraco da cadeia de segurança .
monitoramento	NOUN	1	3	22	0	Empresas de todos os portes enfrentam desafios constantes para proteger suas infraestruturas digitais , investindo em firewalls , sistemas de criptografia , monitoramento em tempo real e programas de conscientização para funcionários , que muitas vezes são o elo mais fraco da cadeia de segurança .
em	ADP	0	3	23	0	Empresas de todos os portes enfrentam desafios constantes para proteger suas infraestruturas digitais , investindo em firewalls , sistemas de criptografia , monitoramento em tempo real e programas de conscientização para funcionários , que muitas vezes são o elo mais fraco da cadeia de segurança .
tempo	NOUN	0	3	24	0	Empresas de todos os portes enfrentam desafios constantes para proteger suas infraestruturas digitais , investindo em firewalls , sistemas de criptografia , monitoramento em tempo real e programas de conscientização para funcionários , que muitas vezes são o elo mais fraco da cadeia de segurança .
real	ADJ	0	3	25	0	Empresas de todos os portes enfrentam desafios constantes para proteger suas infraestruturas digitais , investindo em firewalls , sistemas de criptografia , monitoramento em tempo real e programas de conscientização para funcionários , que muitas vezes são o elo mais fraco da cadeia de segurança .
e	CCONJ	0	3	26	0	Empresas de todos os portes enfrentam desafios constantes para proteger suas infraestruturas digitais , investindo em firewalls , sistemas de criptografia , monitoramento em tempo real e programas de conscientização para funcionários , que muitas vezes são o elo mais fraco da cadeia de segurança .
programas	NOUN	0	3	27	0	Empresas de todos os portes enfrentam desafios constantes para proteger suas infraestruturas digitais , investindo em firewalls , sistemas de criptografia , monitoramento em tempo real e programas de conscientização para funcionários , que muitas vezes são o elo mais fraco da cadeia de segurança .
de	ADP	0	3	28	0	Empresas de todos os portes enfrentam desafios constantes para proteger suas infraestruturas digitais , investindo em firewalls , sistemas de criptografia , monitoramento em tempo real e programas de conscientização para funcionários , que muitas vezes são o elo mais fraco da cadeia de segurança .
conscientização	NOUN	1	3	29	0	Empresas de todos os portes enfrentam desafios constantes para proteger suas infraestruturas digitais , investindo em firewalls , sistemas de criptografia , monitoramento em tempo real e programas de conscientização para funcionários , que muitas vezes são o elo mais fraco da cadeia de segurança .
para	ADP	0	3	30	0	Empresas de todos os portes enfrentam desafios constantes para proteger suas infraestruturas digitais , investindo em firewalls , sistemas de criptografia , monitoramento em tempo real e programas de conscientização para funcionários , que muitas vezes são o elo mais fraco da cadeia de segurança .
funcionários	NOUN	0	3	31	0	Empresas de todos os portes enfrentam desafios constantes para proteger suas infraestruturas digitais , investindo em firewalls , sistemas de criptografia , monitoramento em tempo real e programas de conscientização para funcionários , que muitas vezes são o elo mais fraco da cadeia de segurança .
,	PUNCT	0	3	32	0	Empresas de todos os portes enfrentam desafios constantes para proteger suas infraestruturas digitais , investindo em firewalls , sistemas de criptografia , monitoramento em tempo real e programas de conscientização para funcionários , que muitas vezes são o elo mais fraco da cadeia de segurança .
que	PRON	0	3	33	0	Empresas de todos os portes enfrentam desafios constantes para proteger suas infraestruturas digitais , investindo em firewalls , sistemas de criptografia , monitoramento em tempo real e programas de conscientização para funcionários , que muitas vezes são o elo mais fraco da cadeia de segurança .
muitas	DET	0	3	34	0	Empresas de todos os portes enfrentam desafios constantes para proteger suas infraestruturas digitais , investindo em firewalls , sistemas de criptografia , monitoramento em tempo real e programas de conscientização para funcionários , que muitas vezes são o elo mais fraco da cadeia de segurança .
vezes	NOUN	0	3	35	0	Empresas de todos os portes enfrentam desafios constantes para proteger suas infraestruturas digitais , investindo em firewalls , sistemas de criptografia , monitoramento em tempo real e programas de conscientização para funcionários , que muitas vezes são o elo mais fraco da cadeia de segurança .
são	AUX	0	3	36	0	Empresas de todos os portes enfrentam desafios constantes para proteger suas infraestruturas digitais , investindo em firewalls , sistemas de criptografia , monitoramento em tempo real e programas de conscientização para funcionários , que muitas vezes são o elo mais fraco da cadeia de segurança .
o	DET	0	3	37	0	Empresas de todos os portes enfrentam desafios constantes para proteger suas infraestruturas digitais , investindo em firewalls , sistemas de criptografia , monitoramento em tempo real e programas de conscientização para funcionários , que muitas vezes são o elo mais fraco da cadeia de segurança .
elo	NOUN	0	3	38	0	Empresas de todos os portes enfrentam desafios constantes para proteger suas infraestruturas digitais , investindo em firewalls , sistemas de criptografia , monitoramento em tempo real e programas de conscientização para funcionários , que muitas vezes são o elo mais fraco da cadeia de segurança .
mais	ADV	0	3	39	0	Empresas de todos os portes enfrentam desafios constantes para proteger suas infraestruturas digitais , investindo em firewalls , sistemas de criptografia , monitoramento em tempo real e programas de conscientização para funcionários , que muitas vezes são o elo mais fraco da cadeia de segurança .
fraco	ADJ	0	3	40	0	Empresas de todos os portes enfrentam desafios constantes para proteger suas infraestruturas digitais , investindo em firewalls , sistemas de criptografia , monitoramento em tempo real e programas de conscientização para funcionários , que muitas vezes são o elo mais fraco da cadeia de segurança .
da	ADP	0	3	41	0	Empresas de todos os portes enfrentam desafios constantes para proteger suas infraestruturas digitais , investindo em firewalls , sistemas de criptografia , monitoramento em tempo real e programas de conscientização para funcionários , que muitas vezes são o elo mais fraco da cadeia de segurança .
cadeia	NOUN	0	3	42	0	Empresas de todos os portes enfrentam desafios constantes para proteger suas infraestruturas digitais , investindo em firewalls , sistemas de criptografia , monitoramento em tempo real e programas de conscientização para funcionários , que muitas vezes são o elo mais fraco da cadeia de segurança .
de	ADP	0	3	43	0	Empresas de todos os portes enfrentam desafios constantes para proteger suas infraestruturas digitais , investindo em firewalls , sistemas de criptografia , monitoramento em tempo real e programas de conscientização para funcionários , que muitas vezes são o elo mais fraco da cadeia de segurança .
segurança	NOUN	0	3	44	0	Empresas de todos os portes enfrentam desafios constantes para proteger suas infraestruturas digitais , investindo em firewalls , sistemas de criptografia , monitoramento em tempo real e programas de conscientização para funcionários , que muitas vezes são o elo mais fraco da cadeia de segurança .
.	PUNCT	0	3	45	0	Empresas de todos os portes enfrentam desafios constantes para proteger suas infraestruturas digitais , investindo em firewalls , sistemas de criptografia , monitoramento em tempo real e programas de conscientização para funcionários , que muitas vezes são o elo mais fraco da cadeia de segurança .
2	['NOUN', 'ADP', 'DET', 'DET', 'NOUN', 'VERB', 'NOUN', 'ADJ', 'SCONJ', 'VERB', 'DET', 'NOUN', 'ADJ', 'PUNCT', 'VERB', 'ADP', 'NOUN', 'PUNCT', 'NOUN', 'ADP', 'NOUN', 'PUNCT', 'NOUN', 'ADP', 'NOUN', 'ADJ', 'CCONJ', 'NOUN', 'ADP', 'NOUN', 'ADP', 'NOUN', 'PUNCT', 'PRON', 'DET', 'NOUN', 'AUX', 'DET', 'NOUN', 'ADV', 'ADJ', 'ADP', 'NOUN', 'ADP', 'NOUN', 'PUNCT']	[1, 0, 0, 0, 1, 0, 0, 0, 0, 0, 0, 1, 0, 0, 1, 0, 1, 0, 0, 0, 1, 0, 1, 0, 0, 0, 0, 0, 0, 1, 0, 0, 0, 0, 0, 0, 0, 0, 0, 0, 0, 0, 0, 0, 0, 0]	3	2	1	Empresas de todos os portes enfrentam desafios constantes para proteger suas infraestruturas digitais , investindo em firewalls , sistemas de criptografia , monitoramento em tempo real e programas de conscientização para funcionários , que muitas vezes são o elo mais fraco da cadeia de segurança .
A	DET	0	4	0	0	A conscientização dos usuários é tão importante quanto a tecnologia empregada , pois um simples clique em um link suspeito pode abrir portas para invasores , comprometendo não apenas dados pessoais , mas também informações estratégicas de organizações inteiras .
conscientização	NOUN	1	4	1	0	A conscientização dos usuários é tão importante quanto a tecnologia empregada , pois um simples clique em um link suspeito pode abrir portas para invasores , comprometendo não apenas dados pessoais , mas também informações estratégicas de organizações inteiras .
dos	ADP	0	4	2	0	A conscientização dos usuários é tão importante quanto a tecnologia empregada , pois um simples clique em um link suspeito pode abrir portas para invasores , comprometendo não apenas dados pessoais , mas também informações estratégicas de organizações inteiras .
usuários	NOUN	0	4	3	0	A conscientização dos usuários é tão importante quanto a tecnologia empregada , pois um simples clique em um link suspeito pode abrir portas para invasores , comprometendo não apenas dados pessoais , mas também informações estratégicas de organizações inteiras .
é	AUX	0	4	4	0	A conscientização dos usuários é tão importante quanto a tecnologia empregada , pois um simples clique em um link suspeito pode abrir portas para invasores , comprometendo não apenas dados pessoais , mas também informações estratégicas de organizações inteiras .
tão	ADV	0	4	5	0	A conscientização dos usuários é tão importante quanto a tecnologia empregada , pois um simples clique em um link suspeito pode abrir portas para invasores , comprometendo não apenas dados pessoais , mas também informações estratégicas de organizações inteiras .
importante	ADJ	0	4	6	0	A conscientização dos usuários é tão importante quanto a tecnologia empregada , pois um simples clique em um link suspeito pode abrir portas para invasores , comprometendo não apenas dados pessoais , mas também informações estratégicas de organizações inteiras .
quanto	ADV	0	4	7	0	A conscientização dos usuários é tão importante quanto a tecnologia empregada , pois um simples clique em um link suspeito pode abrir portas para invasores , comprometendo não apenas dados pessoais , mas também informações estratégicas de organizações inteiras .
a	DET	0	4	8	0	A conscientização dos usuários é tão importante quanto a tecnologia empregada , pois um simples clique em um link suspeito pode abrir portas para invasores , comprometendo não apenas dados pessoais , mas também informações estratégicas de organizações inteiras .
tecnologia	NOUN	0	4	9	0	A conscientização dos usuários é tão importante quanto a tecnologia empregada , pois um simples clique em um link suspeito pode abrir portas para invasores , comprometendo não apenas dados pessoais , mas também informações estratégicas de organizações inteiras .
empregada	ADJ	0	4	10	0	A conscientização dos usuários é tão importante quanto a tecnologia empregada , pois um simples clique em um link suspeito pode abrir portas para invasores , comprometendo não apenas dados pessoais , mas também informações estratégicas de organizações inteiras .
,	PUNCT	0	4	11	0	A conscientização dos usuários é tão importante quanto a tecnologia empregada , pois um simples clique em um link suspeito pode abrir portas para invasores , comprometendo não apenas dados pessoais , mas também informações estratégicas de organizações inteiras .
pois	SCONJ	0	4	12	0	A conscientização dos usuários é tão importante quanto a tecnologia empregada , pois um simples clique em um link suspeito pode abrir portas para invasores , comprometendo não apenas dados pessoais , mas também informações estratégicas de organizações inteiras .
um	DET	0	4	13	0	A conscientização dos usuários é tão importante quanto a tecnologia empregada , pois um simples clique em um link suspeito pode abrir portas para invasores , comprometendo não apenas dados pessoais , mas também informações estratégicas de organizações inteiras .
simples	ADJ	0	4	14	0	A conscientização dos usuários é tão importante quanto a tecnologia empregada , pois um simples clique em um link suspeito pode abrir portas para invasores , comprometendo não apenas dados pessoais , mas também informações estratégicas de organizações inteiras .
clique	VERB	1	4	15	0	A conscientização dos usuários é tão importante quanto a tecnologia empregada , pois um simples clique em um link suspeito pode abrir portas para invasores , comprometendo não apenas dados pessoais , mas também informações estratégicas de organizações inteiras .
em	ADP	0	4	16	0	A conscientização dos usuários é tão importante quanto a tecnologia empregada , pois um simples clique em um link suspeito pode abrir portas para invasores , comprometendo não apenas dados pessoais , mas também informações estratégicas de organizações inteiras .
um	DET	0	4	17	0	A conscientização dos usuários é tão importante quanto a tecnologia empregada , pois um simples clique em um link suspeito pode abrir portas para invasores , comprometendo não apenas dados pessoais , mas também informações estratégicas de organizações inteiras .
link	NOUN	1	4	18	0	A conscientização dos usuários é tão importante quanto a tecnologia empregada , pois um simples clique em um link suspeito pode abrir portas para invasores , comprometendo não apenas dados pessoais , mas também informações estratégicas de organizações inteiras .
suspeito	ADJ	0	4	19	0	A conscientização dos usuários é tão importante quanto a tecnologia empregada , pois um simples clique em um link suspeito pode abrir portas para invasores , comprometendo não apenas dados pessoais , mas também informações estratégicas de organizações inteiras .
pode	VERB	0	4	20	0	A conscientização dos usuários é tão importante quanto a tecnologia empregada , pois um simples clique em um link suspeito pode abrir portas para invasores , comprometendo não apenas dados pessoais , mas também informações estratégicas de organizações inteiras .
abrir	VERB	0	4	21	0	A conscientização dos usuários é tão importante quanto a tecnologia empregada , pois um simples clique em um link suspeito pode abrir portas para invasores , comprometendo não apenas dados pessoais , mas também informações estratégicas de organizações inteiras .
portas	NOUN	0	4	22	0	A conscientização dos usuários é tão importante quanto a tecnologia empregada , pois um simples clique em um link suspeito pode abrir portas para invasores , comprometendo não apenas dados pessoais , mas também informações estratégicas de organizações inteiras .
para	ADP	0	4	23	0	A conscientização dos usuários é tão importante quanto a tecnologia empregada , pois um simples clique em um link suspeito pode abrir portas para invasores , comprometendo não apenas dados pessoais , mas também informações estratégicas de organizações inteiras .
invasores	NOUN	0	4	24	0	A conscientização dos usuários é tão importante quanto a tecnologia empregada , pois um simples clique em um link suspeito pode abrir portas para invasores , comprometendo não apenas dados pessoais , mas também informações estratégicas de organizações inteiras .
,	PUNCT	0	4	25	0	A conscientização dos usuários é tão importante quanto a tecnologia empregada , pois um simples clique em um link suspeito pode abrir portas para invasores , comprometendo não apenas dados pessoais , mas também informações estratégicas de organizações inteiras .
comprometendo	VERB	1	4	26	0	A conscientização dos usuários é tão importante quanto a tecnologia empregada , pois um simples clique em um link suspeito pode abrir portas para invasores , comprometendo não apenas dados pessoais , mas também informações estratégicas de organizações inteiras .
não	ADV	0	4	27	0	A conscientização dos usuários é tão importante quanto a tecnologia empregada , pois um simples clique em um link suspeito pode abrir portas para invasores , comprometendo não apenas dados pessoais , mas também informações estratégicas de organizações inteiras .
apenas	ADV	0	4	28	0	A conscientização dos usuários é tão importante quanto a tecnologia empregada , pois um simples clique em um link suspeito pode abrir portas para invasores , comprometendo não apenas dados pessoais , mas também informações estratégicas de organizações inteiras .
dados	NOUN	0	4	29	0	A conscientização dos usuários é tão importante quanto a tecnologia empregada , pois um simples clique em um link suspeito pode abrir portas para invasores , comprometendo não apenas dados pessoais , mas também informações estratégicas de organizações inteiras .
pessoais	ADJ	0	4	30	0	A conscientização dos usuários é tão importante quanto a tecnologia empregada , pois um simples clique em um link suspeito pode abrir portas para invasores , comprometendo não apenas dados pessoais , mas também informações estratégicas de organizações inteiras .
,	PUNCT	0	4	31	0	A conscientização dos usuários é tão importante quanto a tecnologia empregada , pois um simples clique em um link suspeito pode abrir portas para invasores , comprometendo não apenas dados pessoais , mas também informações estratégicas de organizações inteiras .
mas	CCONJ	0	4	32	0	A conscientização dos usuários é tão importante quanto a tecnologia empregada , pois um simples clique em um link suspeito pode abrir portas para invasores , comprometendo não apenas dados pessoais , mas também informações estratégicas de organizações inteiras .
também	ADV	0	4	33	0	A conscientização dos usuários é tão importante quanto a tecnologia empregada , pois um simples clique em um link suspeito pode abrir portas para invasores , comprometendo não apenas dados pessoais , mas também informações estratégicas de organizações inteiras .
informações	NOUN	0	4	34	0	A conscientização dos usuários é tão importante quanto a tecnologia empregada , pois um simples clique em um link suspeito pode abrir portas para invasores , comprometendo não apenas dados pessoais , mas também informações estratégicas de organizações inteiras .
estratégicas	ADJ	1	4	35	0	A conscientização dos usuários é tão importante quanto a tecnologia empregada , pois um simples clique em um link suspeito pode abrir portas para invasores , comprometendo não apenas dados pessoais , mas também informações estratégicas de organizações inteiras .
de	ADP	0	4	36	0	A conscientização dos usuários é tão importante quanto a tecnologia empregada , pois um simples clique em um link suspeito pode abrir portas para invasores , comprometendo não apenas dados pessoais , mas também informações estratégicas de organizações inteiras .
organizações	NOUN	0	4	37	0	A conscientização dos usuários é tão importante quanto a tecnologia empregada , pois um simples clique em um link suspeito pode abrir portas para invasores , comprometendo não apenas dados pessoais , mas também informações estratégicas de organizações inteiras .
inteiras	ADJ	1	4	38	0	A conscientização dos usuários é tão importante quanto a tecnologia empregada , pois um simples clique em um link suspeito pode abrir portas para invasores , comprometendo não apenas dados pessoais , mas também informações estratégicas de organizações inteiras .
.	PUNCT	0	4	39	0	A conscientização dos usuários é tão importante quanto a tecnologia empregada , pois um simples clique em um link suspeito pode abrir portas para invasores , comprometendo não apenas dados pessoais , mas também informações estratégicas de organizações inteiras .
3	['DET', 'NOUN', 'ADP', 'NOUN', 'AUX', 'ADV', 'ADJ', 'ADV', 'DET', 'NOUN', 'ADJ', 'PUNCT', 'SCONJ', 'DET', 'ADJ', 'VERB', 'ADP', 'DET', 'NOUN', 'ADJ', 'VERB', 'VERB', 'NOUN', 'ADP', 'NOUN', 'PUNCT', 'VERB', 'ADV', 'ADV', 'NOUN', 'ADJ', 'PUNCT', 'CCONJ', 'ADV', 'NOUN', 'ADJ', 'ADP', 'NOUN', 'ADJ', 'PUNCT']	[0, 1, 0, 0, 0, 0, 0, 0, 0, 0, 0, 0, 0, 0, 0, 1, 0, 0, 1, 0, 0, 0, 0, 0, 0, 0, 1, 0, 0, 0, 0, 0, 0, 0, 0, 1, 0, 0, 1, 0]	4	3	1	A conscientização dos usuários é tão importante quanto a tecnologia empregada , pois um simples clique em um link suspeito pode abrir portas para invasores , comprometendo não apenas dados pessoais , mas também informações estratégicas de organizações inteiras .
A	DET	0	5	0	0	A educação digital deve ser vista como prioridade , ensinando práticas seguras como a criação de senhas fortes , uso de autenticação em dois fatores , atualização constante de softwares e desconfiança diante de mensagens ou ofertas aparentemente milagrosas .
educação	NOUN	0	5	1	0	A educação digital deve ser vista como prioridade , ensinando práticas seguras como a criação de senhas fortes , uso de autenticação em dois fatores , atualização constante de softwares e desconfiança diante de mensagens ou ofertas aparentemente milagrosas .
digital	ADJ	0	5	2	0	A educação digital deve ser vista como prioridade , ensinando práticas seguras como a criação de senhas fortes , uso de autenticação em dois fatores , atualização constante de softwares e desconfiança diante de mensagens ou ofertas aparentemente milagrosas .
deve	VERB	0	5	3	0	A educação digital deve ser vista como prioridade , ensinando práticas seguras como a criação de senhas fortes , uso de autenticação em dois fatores , atualização constante de softwares e desconfiança diante de mensagens ou ofertas aparentemente milagrosas .
ser	AUX	0	5	4	0	A educação digital deve ser vista como prioridade , ensinando práticas seguras como a criação de senhas fortes , uso de autenticação em dois fatores , atualização constante de softwares e desconfiança diante de mensagens ou ofertas aparentemente milagrosas .
vista	VERB	0	5	5	0	A educação digital deve ser vista como prioridade , ensinando práticas seguras como a criação de senhas fortes , uso de autenticação em dois fatores , atualização constante de softwares e desconfiança diante de mensagens ou ofertas aparentemente milagrosas .
como	ADP	0	5	6	0	A educação digital deve ser vista como prioridade , ensinando práticas seguras como a criação de senhas fortes , uso de autenticação em dois fatores , atualização constante de softwares e desconfiança diante de mensagens ou ofertas aparentemente milagrosas .
prioridade	NOUN	0	5	7	0	A educação digital deve ser vista como prioridade , ensinando práticas seguras como a criação de senhas fortes , uso de autenticação em dois fatores , atualização constante de softwares e desconfiança diante de mensagens ou ofertas aparentemente milagrosas .
,	PUNCT	0	5	8	0	A educação digital deve ser vista como prioridade , ensinando práticas seguras como a criação de senhas fortes , uso de autenticação em dois fatores , atualização constante de softwares e desconfiança diante de mensagens ou ofertas aparentemente milagrosas .
ensinando	VERB	1	5	9	0	A educação digital deve ser vista como prioridade , ensinando práticas seguras como a criação de senhas fortes , uso de autenticação em dois fatores , atualização constante de softwares e desconfiança diante de mensagens ou ofertas aparentemente milagrosas .
práticas	NOUN	0	5	10	0	A educação digital deve ser vista como prioridade , ensinando práticas seguras como a criação de senhas fortes , uso de autenticação em dois fatores , atualização constante de softwares e desconfiança diante de mensagens ou ofertas aparentemente milagrosas .
seguras	ADJ	1	5	11	0	A educação digital deve ser vista como prioridade , ensinando práticas seguras como a criação de senhas fortes , uso de autenticação em dois fatores , atualização constante de softwares e desconfiança diante de mensagens ou ofertas aparentemente milagrosas .
como	ADP	0	5	12	0	A educação digital deve ser vista como prioridade , ensinando práticas seguras como a criação de senhas fortes , uso de autenticação em dois fatores , atualização constante de softwares e desconfiança diante de mensagens ou ofertas aparentemente milagrosas .
a	DET	0	5	13	0	A educação digital deve ser vista como prioridade , ensinando práticas seguras como a criação de senhas fortes , uso de autenticação em dois fatores , atualização constante de softwares e desconfiança diante de mensagens ou ofertas aparentemente milagrosas .
criação	NOUN	0	5	14	0	A educação digital deve ser vista como prioridade , ensinando práticas seguras como a criação de senhas fortes , uso de autenticação em dois fatores , atualização constante de softwares e desconfiança diante de mensagens ou ofertas aparentemente milagrosas .
de	ADP	0	5	15	0	A educação digital deve ser vista como prioridade , ensinando práticas seguras como a criação de senhas fortes , uso de autenticação em dois fatores , atualização constante de softwares e desconfiança diante de mensagens ou ofertas aparentemente milagrosas .
senhas	NOUN	1	5	16	0	A educação digital deve ser vista como prioridade , ensinando práticas seguras como a criação de senhas fortes , uso de autenticação em dois fatores , atualização constante de softwares e desconfiança diante de mensagens ou ofertas aparentemente milagrosas .
fortes	ADJ	0	5	17	0	A educação digital deve ser vista como prioridade , ensinando práticas seguras como a criação de senhas fortes , uso de autenticação em dois fatores , atualização constante de softwares e desconfiança diante de mensagens ou ofertas aparentemente milagrosas .
,	PUNCT	0	5	18	0	A educação digital deve ser vista como prioridade , ensinando práticas seguras como a criação de senhas fortes , uso de autenticação em dois fatores , atualização constante de softwares e desconfiança diante de mensagens ou ofertas aparentemente milagrosas .
uso	NOUN	0	5	19	0	A educação digital deve ser vista como prioridade , ensinando práticas seguras como a criação de senhas fortes , uso de autenticação em dois fatores , atualização constante de softwares e desconfiança diante de mensagens ou ofertas aparentemente milagrosas .
de	ADP	0	5	20	0	A educação digital deve ser vista como prioridade , ensinando práticas seguras como a criação de senhas fortes , uso de autenticação em dois fatores , atualização constante de softwares e desconfiança diante de mensagens ou ofertas aparentemente milagrosas .
autenticação	NOUN	1	5	21	0	A educação digital deve ser vista como prioridade , ensinando práticas seguras como a criação de senhas fortes , uso de autenticação em dois fatores , atualização constante de softwares e desconfiança diante de mensagens ou ofertas aparentemente milagrosas .
em	ADP	0	5	22	0	A educação digital deve ser vista como prioridade , ensinando práticas seguras como a criação de senhas fortes , uso de autenticação em dois fatores , atualização constante de softwares e desconfiança diante de mensagens ou ofertas aparentemente milagrosas .
dois	NUM	0	5	23	0	A educação digital deve ser vista como prioridade , ensinando práticas seguras como a criação de senhas fortes , uso de autenticação em dois fatores , atualização constante de softwares e desconfiança diante de mensagens ou ofertas aparentemente milagrosas .
fatores	NOUN	0	5	24	0	A educação digital deve ser vista como prioridade , ensinando práticas seguras como a criação de senhas fortes , uso de autenticação em dois fatores , atualização constante de softwares e desconfiança diante de mensagens ou ofertas aparentemente milagrosas .
,	PUNCT	0	5	25	0	A educação digital deve ser vista como prioridade , ensinando práticas seguras como a criação de senhas fortes , uso de autenticação em dois fatores , atualização constante de softwares e desconfiança diante de mensagens ou ofertas aparentemente milagrosas .
atualização	NOUN	0	5	26	0	A educação digital deve ser vista como prioridade , ensinando práticas seguras como a criação de senhas fortes , uso de autenticação em dois fatores , atualização constante de softwares e desconfiança diante de mensagens ou ofertas aparentemente milagrosas .
constante	ADJ	0	5	27	0	A educação digital deve ser vista como prioridade , ensinando práticas seguras como a criação de senhas fortes , uso de autenticação em dois fatores , atualização constante de softwares e desconfiança diante de mensagens ou ofertas aparentemente milagrosas .
de	ADP	0	5	28	0	A educação digital deve ser vista como prioridade , ensinando práticas seguras como a criação de senhas fortes , uso de autenticação em dois fatores , atualização constante de softwares e desconfiança diante de mensagens ou ofertas aparentemente milagrosas .
softwares	NOUN	0	5	29	0	A educação digital deve ser vista como prioridade , ensinando práticas seguras como a criação de senhas fortes , uso de autenticação em dois fatores , atualização constante de softwares e desconfiança diante de mensagens ou ofertas aparentemente milagrosas .
e	CCONJ	0	5	30	0	A educação digital deve ser vista como prioridade , ensinando práticas seguras como a criação de senhas fortes , uso de autenticação em dois fatores , atualização constante de softwares e desconfiança diante de mensagens ou ofertas aparentemente milagrosas .
desconfiança	NOUN	1	5	31	0	A educação digital deve ser vista como prioridade , ensinando práticas seguras como a criação de senhas fortes , uso de autenticação em dois fatores , atualização constante de softwares e desconfiança diante de mensagens ou ofertas aparentemente milagrosas .
diante	ADV	0	5	32	0	A educação digital deve ser vista como prioridade , ensinando práticas seguras como a criação de senhas fortes , uso de autenticação em dois fatores , atualização constante de softwares e desconfiança diante de mensagens ou ofertas aparentemente milagrosas .
de	ADP	0	5	33	0	A educação digital deve ser vista como prioridade , ensinando práticas seguras como a criação de senhas fortes , uso de autenticação em dois fatores , atualização constante de softwares e desconfiança diante de mensagens ou ofertas aparentemente milagrosas .
mensagens	NOUN	0	5	34	0	A educação digital deve ser vista como prioridade , ensinando práticas seguras como a criação de senhas fortes , uso de autenticação em dois fatores , atualização constante de softwares e desconfiança diante de mensagens ou ofertas aparentemente milagrosas .
ou	CCONJ	0	5	35	0	A educação digital deve ser vista como prioridade , ensinando práticas seguras como a criação de senhas fortes , uso de autenticação em dois fatores , atualização constante de softwares e desconfiança diante de mensagens ou ofertas aparentemente milagrosas .
ofertas	NOUN	1	5	36	0	A educação digital deve ser vista como prioridade , ensinando práticas seguras como a criação de senhas fortes , uso de autenticação em dois fatores , atualização constante de softwares e desconfiança diante de mensagens ou ofertas aparentemente milagrosas .
aparentemente	ADV	0	5	37	0	A educação digital deve ser vista como prioridade , ensinando práticas seguras como a criação de senhas fortes , uso de autenticação em dois fatores , atualização constante de softwares e desconfiança diante de mensagens ou ofertas aparentemente milagrosas .
milagrosas	ADJ	1	5	38	0	A educação digital deve ser vista como prioridade , ensinando práticas seguras como a criação de senhas fortes , uso de autenticação em dois fatores , atualização constante de softwares e desconfiança diante de mensagens ou ofertas aparentemente milagrosas .
.	PUNCT	0	5	39	0	A educação digital deve ser vista como prioridade , ensinando práticas seguras como a criação de senhas fortes , uso de autenticação em dois fatores , atualização constante de softwares e desconfiança diante de mensagens ou ofertas aparentemente milagrosas .
4	['DET', 'NOUN', 'ADJ', 'VERB', 'AUX', 'VERB', 'ADP', 'NOUN', 'PUNCT', 'VERB', 'NOUN', 'ADJ', 'ADP', 'DET', 'NOUN', 'ADP', 'NOUN', 'ADJ', 'PUNCT', 'NOUN', 'ADP', 'NOUN', 'ADP', 'NUM', 'NOUN', 'PUNCT', 'NOUN', 'ADJ', 'ADP', 'NOUN', 'CCONJ', 'NOUN', 'ADV', 'ADP', 'NOUN', 'CCONJ', 'NOUN', 'ADV', 'ADJ', 'PUNCT']	[0, 0, 0, 0, 0, 0, 0, 0, 0, 1, 0, 1, 0, 0, 0, 0, 1, 0, 0, 0, 0, 1, 0, 0, 0, 0, 0, 0, 0, 0, 0, 1, 0, 0, 0, 0, 1, 0, 1, 0]	5	4	1	A educação digital deve ser vista como prioridade , ensinando práticas seguras como a criação de senhas fortes , uso de autenticação em dois fatores , atualização constante de softwares e desconfiança diante de mensagens ou ofertas aparentemente milagrosas .
Governos	NOUN	1	6	0	0	Governos desempenham papel essencial na proteção de dados , criando legislações como a LGPD no Brasil e o GDPR na União Europeia , que estabelecem regras claras para o tratamento responsável das informações pessoais e corporativas .
desempenham	VERB	1	6	1	0	Governos desempenham papel essencial na proteção de dados , criando legislações como a LGPD no Brasil e o GDPR na União Europeia , que estabelecem regras claras para o tratamento responsável das informações pessoais e corporativas .
papel	NOUN	0	6	2	0	Governos desempenham papel essencial na proteção de dados , criando legislações como a LGPD no Brasil e o GDPR na União Europeia , que estabelecem regras claras para o tratamento responsável das informações pessoais e corporativas .
essencial	ADJ	0	6	3	0	Governos desempenham papel essencial na proteção de dados , criando legislações como a LGPD no Brasil e o GDPR na União Europeia , que estabelecem regras claras para o tratamento responsável das informações pessoais e corporativas .
na	ADP	0	6	4	0	Governos desempenham papel essencial na proteção de dados , criando legislações como a LGPD no Brasil e o GDPR na União Europeia , que estabelecem regras claras para o tratamento responsável das informações pessoais e corporativas .
proteção	NOUN	0	6	5	0	Governos desempenham papel essencial na proteção de dados , criando legislações como a LGPD no Brasil e o GDPR na União Europeia , que estabelecem regras claras para o tratamento responsável das informações pessoais e corporativas .
de	ADP	0	6	6	0	Governos desempenham papel essencial na proteção de dados , criando legislações como a LGPD no Brasil e o GDPR na União Europeia , que estabelecem regras claras para o tratamento responsável das informações pessoais e corporativas .
dados	NOUN	0	6	7	0	Governos desempenham papel essencial na proteção de dados , criando legislações como a LGPD no Brasil e o GDPR na União Europeia , que estabelecem regras claras para o tratamento responsável das informações pessoais e corporativas .
,	PUNCT	0	6	8	0	Governos desempenham papel essencial na proteção de dados , criando legislações como a LGPD no Brasil e o GDPR na União Europeia , que estabelecem regras claras para o tratamento responsável das informações pessoais e corporativas .
criando	VERB	0	6	9	0	Governos desempenham papel essencial na proteção de dados , criando legislações como a LGPD no Brasil e o GDPR na União Europeia , que estabelecem regras claras para o tratamento responsável das informações pessoais e corporativas .
legislações	NOUN	1	6	10	0	Governos desempenham papel essencial na proteção de dados , criando legislações como a LGPD no Brasil e o GDPR na União Europeia , que estabelecem regras claras para o tratamento responsável das informações pessoais e corporativas .
como	ADP	0	6	11	0	Governos desempenham papel essencial na proteção de dados , criando legislações como a LGPD no Brasil e o GDPR na União Europeia , que estabelecem regras claras para o tratamento responsável das informações pessoais e corporativas .
a	DET	0	6	12	0	Governos desempenham papel essencial na proteção de dados , criando legislações como a LGPD no Brasil e o GDPR na União Europeia , que estabelecem regras claras para o tratamento responsável das informações pessoais e corporativas .
LGPD	PROPN	1	6	13	0	Governos desempenham papel essencial na proteção de dados , criando legislações como a LGPD no Brasil e o GDPR na União Europeia , que estabelecem regras claras para o tratamento responsável das informações pessoais e corporativas .
no	ADP	0	6	14	0	Governos desempenham papel essencial na proteção de dados , criando legislações como a LGPD no Brasil e o GDPR na União Europeia , que estabelecem regras claras para o tratamento responsável das informações pessoais e corporativas .
Brasil	PROPN	0	6	15	0	Governos desempenham papel essencial na proteção de dados , criando legislações como a LGPD no Brasil e o GDPR na União Europeia , que estabelecem regras claras para o tratamento responsável das informações pessoais e corporativas .
e	CCONJ	0	6	16	0	Governos desempenham papel essencial na proteção de dados , criando legislações como a LGPD no Brasil e o GDPR na União Europeia , que estabelecem regras claras para o tratamento responsável das informações pessoais e corporativas .
o	DET	0	6	17	0	Governos desempenham papel essencial na proteção de dados , criando legislações como a LGPD no Brasil e o GDPR na União Europeia , que estabelecem regras claras para o tratamento responsável das informações pessoais e corporativas .
GDPR	PROPN	1	6	18	0	Governos desempenham papel essencial na proteção de dados , criando legislações como a LGPD no Brasil e o GDPR na União Europeia , que estabelecem regras claras para o tratamento responsável das informações pessoais e corporativas .
na	ADP	0	6	19	0	Governos desempenham papel essencial na proteção de dados , criando legislações como a LGPD no Brasil e o GDPR na União Europeia , que estabelecem regras claras para o tratamento responsável das informações pessoais e corporativas .
União	PROPN	0	6	20	0	Governos desempenham papel essencial na proteção de dados , criando legislações como a LGPD no Brasil e o GDPR na União Europeia , que estabelecem regras claras para o tratamento responsável das informações pessoais e corporativas .
Europeia	PROPN	0	6	21	0	Governos desempenham papel essencial na proteção de dados , criando legislações como a LGPD no Brasil e o GDPR na União Europeia , que estabelecem regras claras para o tratamento responsável das informações pessoais e corporativas .
,	PUNCT	0	6	22	0	Governos desempenham papel essencial na proteção de dados , criando legislações como a LGPD no Brasil e o GDPR na União Europeia , que estabelecem regras claras para o tratamento responsável das informações pessoais e corporativas .
que	PRON	0	6	23	0	Governos desempenham papel essencial na proteção de dados , criando legislações como a LGPD no Brasil e o GDPR na União Europeia , que estabelecem regras claras para o tratamento responsável das informações pessoais e corporativas .
estabelecem	VERB	1	6	24	0	Governos desempenham papel essencial na proteção de dados , criando legislações como a LGPD no Brasil e o GDPR na União Europeia , que estabelecem regras claras para o tratamento responsável das informações pessoais e corporativas .
regras	NOUN	0	6	25	0	Governos desempenham papel essencial na proteção de dados , criando legislações como a LGPD no Brasil e o GDPR na União Europeia , que estabelecem regras claras para o tratamento responsável das informações pessoais e corporativas .
claras	ADJ	0	6	26	0	Governos desempenham papel essencial na proteção de dados , criando legislações como a LGPD no Brasil e o GDPR na União Europeia , que estabelecem regras claras para o tratamento responsável das informações pessoais e corporativas .
para	ADP	0	6	27	0	Governos desempenham papel essencial na proteção de dados , criando legislações como a LGPD no Brasil e o GDPR na União Europeia , que estabelecem regras claras para o tratamento responsável das informações pessoais e corporativas .
o	DET	0	6	28	0	Governos desempenham papel essencial na proteção de dados , criando legislações como a LGPD no Brasil e o GDPR na União Europeia , que estabelecem regras claras para o tratamento responsável das informações pessoais e corporativas .
tratamento	NOUN	0	6	29	0	Governos desempenham papel essencial na proteção de dados , criando legislações como a LGPD no Brasil e o GDPR na União Europeia , que estabelecem regras claras para o tratamento responsável das informações pessoais e corporativas .
responsável	ADJ	0	6	30	0	Governos desempenham papel essencial na proteção de dados , criando legislações como a LGPD no Brasil e o GDPR na União Europeia , que estabelecem regras claras para o tratamento responsável das informações pessoais e corporativas .
das	ADP	0	6	31	0	Governos desempenham papel essencial na proteção de dados , criando legislações como a LGPD no Brasil e o GDPR na União Europeia , que estabelecem regras claras para o tratamento responsável das informações pessoais e corporativas .
informações	NOUN	0	6	32	0	Governos desempenham papel essencial na proteção de dados , criando legislações como a LGPD no Brasil e o GDPR na União Europeia , que estabelecem regras claras para o tratamento responsável das informações pessoais e corporativas .
pessoais	ADJ	0	6	33	0	Governos desempenham papel essencial na proteção de dados , criando legislações como a LGPD no Brasil e o GDPR na União Europeia , que estabelecem regras claras para o tratamento responsável das informações pessoais e corporativas .
e	CCONJ	0	6	34	0	Governos desempenham papel essencial na proteção de dados , criando legislações como a LGPD no Brasil e o GDPR na União Europeia , que estabelecem regras claras para o tratamento responsável das informações pessoais e corporativas .
corporativas	ADJ	1	6	35	0	Governos desempenham papel essencial na proteção de dados , criando legislações como a LGPD no Brasil e o GDPR na União Europeia , que estabelecem regras claras para o tratamento responsável das informações pessoais e corporativas .
.	PUNCT	0	6	36	0	Governos desempenham papel essencial na proteção de dados , criando legislações como a LGPD no Brasil e o GDPR na União Europeia , que estabelecem regras claras para o tratamento responsável das informações pessoais e corporativas .
5	['NOUN', 'VERB', 'NOUN', 'ADJ', 'ADP', 'NOUN', 'ADP', 'NOUN', 'PUNCT', 'VERB', 'NOUN', 'ADP', 'DET', 'PROPN', 'ADP', 'PROPN', 'CCONJ', 'DET', 'PROPN', 'ADP', 'PROPN', 'PROPN', 'PUNCT', 'PRON', 'VERB', 'NOUN', 'ADJ', 'ADP', 'DET', 'NOUN', 'ADJ', 'ADP', 'NOUN', 'ADJ', 'CCONJ', 'ADJ', 'PUNCT']	[1, 1, 0, 0, 0, 0, 0, 0, 0, 0, 1, 0, 0, 1, 0, 0, 0, 0, 1, 0, 0, 0, 0, 0, 1, 0, 0, 0, 0, 0, 0, 0, 0, 0, 0, 1, 0]	6	5	1	Governos desempenham papel essencial na proteção de dados , criando legislações como a LGPD no Brasil e o GDPR na União Europeia , que estabelecem regras claras para o tratamento responsável das informações pessoais e corporativas .
Essas	DET	0	7	0	0	Essas leis obrigam empresas a adotarem medidas de segurança robustas , garantindo transparência no uso de dados e responsabilizando organizações que não cumpram requisitos mínimos de proteção , fortalecendo a confiança dos cidadãos no ambiente digital .
leis	NOUN	0	7	1	0	Essas leis obrigam empresas a adotarem medidas de segurança robustas , garantindo transparência no uso de dados e responsabilizando organizações que não cumpram requisitos mínimos de proteção , fortalecendo a confiança dos cidadãos no ambiente digital .
obrigam	VERB	1	7	2	0	Essas leis obrigam empresas a adotarem medidas de segurança robustas , garantindo transparência no uso de dados e responsabilizando organizações que não cumpram requisitos mínimos de proteção , fortalecendo a confiança dos cidadãos no ambiente digital .
empresas	NOUN	0	7	3	0	Essas leis obrigam empresas a adotarem medidas de segurança robustas , garantindo transparência no uso de dados e responsabilizando organizações que não cumpram requisitos mínimos de proteção , fortalecendo a confiança dos cidadãos no ambiente digital .
a	SCONJ	0	7	4	0	Essas leis obrigam empresas a adotarem medidas de segurança robustas , garantindo transparência no uso de dados e responsabilizando organizações que não cumpram requisitos mínimos de proteção , fortalecendo a confiança dos cidadãos no ambiente digital .
adotarem	VERB	1	7	5	0	Essas leis obrigam empresas a adotarem medidas de segurança robustas , garantindo transparência no uso de dados e responsabilizando organizações que não cumpram requisitos mínimos de proteção , fortalecendo a confiança dos cidadãos no ambiente digital .
medidas	NOUN	0	7	6	0	Essas leis obrigam empresas a adotarem medidas de segurança robustas , garantindo transparência no uso de dados e responsabilizando organizações que não cumpram requisitos mínimos de proteção , fortalecendo a confiança dos cidadãos no ambiente digital .
de	ADP	0	7	7	0	Essas leis obrigam empresas a adotarem medidas de segurança robustas , garantindo transparência no uso de dados e responsabilizando organizações que não cumpram requisitos mínimos de proteção , fortalecendo a confiança dos cidadãos no ambiente digital .
segurança	NOUN	0	7	8	0	Essas leis obrigam empresas a adotarem medidas de segurança robustas , garantindo transparência no uso de dados e responsabilizando organizações que não cumpram requisitos mínimos de proteção , fortalecendo a confiança dos cidadãos no ambiente digital .
robustas	ADJ	1	7	9	0	Essas leis obrigam empresas a adotarem medidas de segurança robustas , garantindo transparência no uso de dados e responsabilizando organizações que não cumpram requisitos mínimos de proteção , fortalecendo a confiança dos cidadãos no ambiente digital .
,	PUNCT	0	7	10	0	Essas leis obrigam empresas a adotarem medidas de segurança robustas , garantindo transparência no uso de dados e responsabilizando organizações que não cumpram requisitos mínimos de proteção , fortalecendo a confiança dos cidadãos no ambiente digital .
garantindo	VERB	0	7	11	0	Essas leis obrigam empresas a adotarem medidas de segurança robustas , garantindo transparência no uso de dados e responsabilizando organizações que não cumpram requisitos mínimos de proteção , fortalecendo a confiança dos cidadãos no ambiente digital .
transparência	NOUN	1	7	12	0	Essas leis obrigam empresas a adotarem medidas de segurança robustas , garantindo transparência no uso de dados e responsabilizando organizações que não cumpram requisitos mínimos de proteção , fortalecendo a confiança dos cidadãos no ambiente digital .
no	ADP	0	7	13	0	Essas leis obrigam empresas a adotarem medidas de segurança robustas , garantindo transparência no uso de dados e responsabilizando organizações que não cumpram requisitos mínimos de proteção , fortalecendo a confiança dos cidadãos no ambiente digital .
uso	NOUN	0	7	14	0	Essas leis obrigam empresas a adotarem medidas de segurança robustas , garantindo transparência no uso de dados e responsabilizando organizações que não cumpram requisitos mínimos de proteção , fortalecendo a confiança dos cidadãos no ambiente digital .
de	ADP	0	7	15	0	Essas leis obrigam empresas a adotarem medidas de segurança robustas , garantindo transparência no uso de dados e responsabilizando organizações que não cumpram requisitos mínimos de proteção , fortalecendo a confiança dos cidadãos no ambiente digital .
dados	NOUN	0	7	16	0	Essas leis obrigam empresas a adotarem medidas de segurança robustas , garantindo transparência no uso de dados e responsabilizando organizações que não cumpram requisitos mínimos de proteção , fortalecendo a confiança dos cidadãos no ambiente digital .
e	CCONJ	0	7	17	0	Essas leis obrigam empresas a adotarem medidas de segurança robustas , garantindo transparência no uso de dados e responsabilizando organizações que não cumpram requisitos mínimos de proteção , fortalecendo a confiança dos cidadãos no ambiente digital .
responsabilizando	VERB	1	7	18	0	Essas leis obrigam empresas a adotarem medidas de segurança robustas , garantindo transparência no uso de dados e responsabilizando organizações que não cumpram requisitos mínimos de proteção , fortalecendo a confiança dos cidadãos no ambiente digital .
organizações	NOUN	0	7	19	0	Essas leis obrigam empresas a adotarem medidas de segurança robustas , garantindo transparência no uso de dados e responsabilizando organizações que não cumpram requisitos mínimos de proteção , fortalecendo a confiança dos cidadãos no ambiente digital .
que	PRON	0	7	20	0	Essas leis obrigam empresas a adotarem medidas de segurança robustas , garantindo transparência no uso de dados e responsabilizando organizações que não cumpram requisitos mínimos de proteção , fortalecendo a confiança dos cidadãos no ambiente digital .
não	ADV	0	7	21	0	Essas leis obrigam empresas a adotarem medidas de segurança robustas , garantindo transparência no uso de dados e responsabilizando organizações que não cumpram requisitos mínimos de proteção , fortalecendo a confiança dos cidadãos no ambiente digital .
cumpram	VERB	1	7	22	0	Essas leis obrigam empresas a adotarem medidas de segurança robustas , garantindo transparência no uso de dados e responsabilizando organizações que não cumpram requisitos mínimos de proteção , fortalecendo a confiança dos cidadãos no ambiente digital .
requisitos	NOUN	0	7	23	0	Essas leis obrigam empresas a adotarem medidas de segurança robustas , garantindo transparência no uso de dados e responsabilizando organizações que não cumpram requisitos mínimos de proteção , fortalecendo a confiança dos cidadãos no ambiente digital .
mínimos	ADJ	0	7	24	0	Essas leis obrigam empresas a adotarem medidas de segurança robustas , garantindo transparência no uso de dados e responsabilizando organizações que não cumpram requisitos mínimos de proteção , fortalecendo a confiança dos cidadãos no ambiente digital .
de	ADP	0	7	25	0	Essas leis obrigam empresas a adotarem medidas de segurança robustas , garantindo transparência no uso de dados e responsabilizando organizações que não cumpram requisitos mínimos de proteção , fortalecendo a confiança dos cidadãos no ambiente digital .
proteção	NOUN	0	7	26	0	Essas leis obrigam empresas a adotarem medidas de segurança robustas , garantindo transparência no uso de dados e responsabilizando organizações que não cumpram requisitos mínimos de proteção , fortalecendo a confiança dos cidadãos no ambiente digital .
,	PUNCT	0	7	27	0	Essas leis obrigam empresas a adotarem medidas de segurança robustas , garantindo transparência no uso de dados e responsabilizando organizações que não cumpram requisitos mínimos de proteção , fortalecendo a confiança dos cidadãos no ambiente digital .
fortalecendo	VERB	1	7	28	0	Essas leis obrigam empresas a adotarem medidas de segurança robustas , garantindo transparência no uso de dados e responsabilizando organizações que não cumpram requisitos mínimos de proteção , fortalecendo a confiança dos cidadãos no ambiente digital .
a	DET	0	7	29	0	Essas leis obrigam empresas a adotarem medidas de segurança robustas , garantindo transparência no uso de dados e responsabilizando organizações que não cumpram requisitos mínimos de proteção , fortalecendo a confiança dos cidadãos no ambiente digital .
confiança	NOUN	0	7	30	0	Essas leis obrigam empresas a adotarem medidas de segurança robustas , garantindo transparência no uso de dados e responsabilizando organizações que não cumpram requisitos mínimos de proteção , fortalecendo a confiança dos cidadãos no ambiente digital .
dos	ADP	0	7	31	0	Essas leis obrigam empresas a adotarem medidas de segurança robustas , garantindo transparência no uso de dados e responsabilizando organizações que não cumpram requisitos mínimos de proteção , fortalecendo a confiança dos cidadãos no ambiente digital .
cidadãos	NOUN	0	7	32	0	Essas leis obrigam empresas a adotarem medidas de segurança robustas , garantindo transparência no uso de dados e responsabilizando organizações que não cumpram requisitos mínimos de proteção , fortalecendo a confiança dos cidadãos no ambiente digital .
no	ADP	0	7	33	0	Essas leis obrigam empresas a adotarem medidas de segurança robustas , garantindo transparência no uso de dados e responsabilizando organizações que não cumpram requisitos mínimos de proteção , fortalecendo a confiança dos cidadãos no ambiente digital .
ambiente	NOUN	0	7	34	0	Essas leis obrigam empresas a adotarem medidas de segurança robustas , garantindo transparência no uso de dados e responsabilizando organizações que não cumpram requisitos mínimos de proteção , fortalecendo a confiança dos cidadãos no ambiente digital .
digital	ADJ	0	7	35	0	Essas leis obrigam empresas a adotarem medidas de segurança robustas , garantindo transparência no uso de dados e responsabilizando organizações que não cumpram requisitos mínimos de proteção , fortalecendo a confiança dos cidadãos no ambiente digital .
.	PUNCT	0	7	36	0	Essas leis obrigam empresas a adotarem medidas de segurança robustas , garantindo transparência no uso de dados e responsabilizando organizações que não cumpram requisitos mínimos de proteção , fortalecendo a confiança dos cidadãos no ambiente digital .
6	['DET', 'NOUN', 'VERB', 'NOUN', 'SCONJ', 'VERB', 'NOUN', 'ADP', 'NOUN', 'ADJ', 'PUNCT', 'VERB', 'NOUN', 'ADP', 'NOUN', 'ADP', 'NOUN', 'CCONJ', 'VERB', 'NOUN', 'PRON', 'ADV', 'VERB', 'NOUN', 'ADJ', 'ADP', 'NOUN', 'PUNCT', 'VERB', 'DET', 'NOUN', 'ADP', 'NOUN', 'ADP', 'NOUN', 'ADJ', 'PUNCT']	[0, 0, 1, 0, 0, 1, 0, 0, 0, 1, 0, 0, 1, 0, 0, 0, 0, 0, 1, 0, 0, 0, 1, 0, 0, 0, 0, 0, 1, 0, 0, 0, 0, 0, 0, 0, 0]	7	6	1	Essas leis obrigam empresas a adotarem medidas de segurança robustas , garantindo transparência no uso de dados e responsabilizando organizações que não cumpram requisitos mínimos de proteção , fortalecendo a confiança dos cidadãos no ambiente digital .
A	DET	0	8	0	0	A cibersegurança nacional também é uma preocupação crescente , pois ataques direcionados a infraestruturas críticas , como energia , saúde e transporte , podem gerar crises de grandes proporções , afetando diretamente a vida de milhões de pessoas .
cibersegurança	NOUN	1	8	1	0	A cibersegurança nacional também é uma preocupação crescente , pois ataques direcionados a infraestruturas críticas , como energia , saúde e transporte , podem gerar crises de grandes proporções , afetando diretamente a vida de milhões de pessoas .
nacional	ADJ	0	8	2	0	A cibersegurança nacional também é uma preocupação crescente , pois ataques direcionados a infraestruturas críticas , como energia , saúde e transporte , podem gerar crises de grandes proporções , afetando diretamente a vida de milhões de pessoas .
também	ADV	0	8	3	0	A cibersegurança nacional também é uma preocupação crescente , pois ataques direcionados a infraestruturas críticas , como energia , saúde e transporte , podem gerar crises de grandes proporções , afetando diretamente a vida de milhões de pessoas .
é	AUX	0	8	4	0	A cibersegurança nacional também é uma preocupação crescente , pois ataques direcionados a infraestruturas críticas , como energia , saúde e transporte , podem gerar crises de grandes proporções , afetando diretamente a vida de milhões de pessoas .
uma	DET	0	8	5	0	A cibersegurança nacional também é uma preocupação crescente , pois ataques direcionados a infraestruturas críticas , como energia , saúde e transporte , podem gerar crises de grandes proporções , afetando diretamente a vida de milhões de pessoas .
preocupação	NOUN	0	8	6	0	A cibersegurança nacional também é uma preocupação crescente , pois ataques direcionados a infraestruturas críticas , como energia , saúde e transporte , podem gerar crises de grandes proporções , afetando diretamente a vida de milhões de pessoas .
crescente	ADJ	0	8	7	0	A cibersegurança nacional também é uma preocupação crescente , pois ataques direcionados a infraestruturas críticas , como energia , saúde e transporte , podem gerar crises de grandes proporções , afetando diretamente a vida de milhões de pessoas .
,	PUNCT	0	8	8	0	A cibersegurança nacional também é uma preocupação crescente , pois ataques direcionados a infraestruturas críticas , como energia , saúde e transporte , podem gerar crises de grandes proporções , afetando diretamente a vida de milhões de pessoas .
pois	SCONJ	0	8	9	0	A cibersegurança nacional também é uma preocupação crescente , pois ataques direcionados a infraestruturas críticas , como energia , saúde e transporte , podem gerar crises de grandes proporções , afetando diretamente a vida de milhões de pessoas .
ataques	NOUN	0	8	10	0	A cibersegurança nacional também é uma preocupação crescente , pois ataques direcionados a infraestruturas críticas , como energia , saúde e transporte , podem gerar crises de grandes proporções , afetando diretamente a vida de milhões de pessoas .
direcionados	VERB	1	8	11	0	A cibersegurança nacional também é uma preocupação crescente , pois ataques direcionados a infraestruturas críticas , como energia , saúde e transporte , podem gerar crises de grandes proporções , afetando diretamente a vida de milhões de pessoas .
a	ADP	0	8	12	0	A cibersegurança nacional também é uma preocupação crescente , pois ataques direcionados a infraestruturas críticas , como energia , saúde e transporte , podem gerar crises de grandes proporções , afetando diretamente a vida de milhões de pessoas .
infraestruturas	NOUN	1	8	13	0	A cibersegurança nacional também é uma preocupação crescente , pois ataques direcionados a infraestruturas críticas , como energia , saúde e transporte , podem gerar crises de grandes proporções , afetando diretamente a vida de milhões de pessoas .
críticas	ADJ	0	8	14	0	A cibersegurança nacional também é uma preocupação crescente , pois ataques direcionados a infraestruturas críticas , como energia , saúde e transporte , podem gerar crises de grandes proporções , afetando diretamente a vida de milhões de pessoas .
,	PUNCT	0	8	15	0	A cibersegurança nacional também é uma preocupação crescente , pois ataques direcionados a infraestruturas críticas , como energia , saúde e transporte , podem gerar crises de grandes proporções , afetando diretamente a vida de milhões de pessoas .
como	ADP	0	8	16	0	A cibersegurança nacional também é uma preocupação crescente , pois ataques direcionados a infraestruturas críticas , como energia , saúde e transporte , podem gerar crises de grandes proporções , afetando diretamente a vida de milhões de pessoas .
energia	NOUN	0	8	17	0	A cibersegurança nacional também é uma preocupação crescente , pois ataques direcionados a infraestruturas críticas , como energia , saúde e transporte , podem gerar crises de grandes proporções , afetando diretamente a vida de milhões de pessoas .
,	PUNCT	0	8	18	0	A cibersegurança nacional também é uma preocupação crescente , pois ataques direcionados a infraestruturas críticas , como energia , saúde e transporte , podem gerar crises de grandes proporções , afetando diretamente a vida de milhões de pessoas .
saúde	NOUN	0	8	19	0	A cibersegurança nacional também é uma preocupação crescente , pois ataques direcionados a infraestruturas críticas , como energia , saúde e transporte , podem gerar crises de grandes proporções , afetando diretamente a vida de milhões de pessoas .
e	CCONJ	0	8	20	0	A cibersegurança nacional também é uma preocupação crescente , pois ataques direcionados a infraestruturas críticas , como energia , saúde e transporte , podem gerar crises de grandes proporções , afetando diretamente a vida de milhões de pessoas .
transporte	NOUN	0	8	21	0	A cibersegurança nacional também é uma preocupação crescente , pois ataques direcionados a infraestruturas críticas , como energia , saúde e transporte , podem gerar crises de grandes proporções , afetando diretamente a vida de milhões de pessoas .
,	PUNCT	0	8	22	0	A cibersegurança nacional também é uma preocupação crescente , pois ataques direcionados a infraestruturas críticas , como energia , saúde e transporte , podem gerar crises de grandes proporções , afetando diretamente a vida de milhões de pessoas .
podem	VERB	0	8	23	0	A cibersegurança nacional também é uma preocupação crescente , pois ataques direcionados a infraestruturas críticas , como energia , saúde e transporte , podem gerar crises de grandes proporções , afetando diretamente a vida de milhões de pessoas .
gerar	VERB	0	8	24	0	A cibersegurança nacional também é uma preocupação crescente , pois ataques direcionados a infraestruturas críticas , como energia , saúde e transporte , podem gerar crises de grandes proporções , afetando diretamente a vida de milhões de pessoas .
crises	NOUN	0	8	25	0	A cibersegurança nacional também é uma preocupação crescente , pois ataques direcionados a infraestruturas críticas , como energia , saúde e transporte , podem gerar crises de grandes proporções , afetando diretamente a vida de milhões de pessoas .
de	ADP	0	8	26	0	A cibersegurança nacional também é uma preocupação crescente , pois ataques direcionados a infraestruturas críticas , como energia , saúde e transporte , podem gerar crises de grandes proporções , afetando diretamente a vida de milhões de pessoas .
grandes	ADJ	0	8	27	0	A cibersegurança nacional também é uma preocupação crescente , pois ataques direcionados a infraestruturas críticas , como energia , saúde e transporte , podem gerar crises de grandes proporções , afetando diretamente a vida de milhões de pessoas .
proporções	NOUN	0	8	28	0	A cibersegurança nacional também é uma preocupação crescente , pois ataques direcionados a infraestruturas críticas , como energia , saúde e transporte , podem gerar crises de grandes proporções , afetando diretamente a vida de milhões de pessoas .
,	PUNCT	0	8	29	0	A cibersegurança nacional também é uma preocupação crescente , pois ataques direcionados a infraestruturas críticas , como energia , saúde e transporte , podem gerar crises de grandes proporções , afetando diretamente a vida de milhões de pessoas .
afetando	VERB	1	8	30	0	A cibersegurança nacional também é uma preocupação crescente , pois ataques direcionados a infraestruturas críticas , como energia , saúde e transporte , podem gerar crises de grandes proporções , afetando diretamente a vida de milhões de pessoas .
diretamente	ADV	0	8	31	0	A cibersegurança nacional também é uma preocupação crescente , pois ataques direcionados a infraestruturas críticas , como energia , saúde e transporte , podem gerar crises de grandes proporções , afetando diretamente a vida de milhões de pessoas .
a	DET	0	8	32	0	A cibersegurança nacional também é uma preocupação crescente , pois ataques direcionados a infraestruturas críticas , como energia , saúde e transporte , podem gerar crises de grandes proporções , afetando diretamente a vida de milhões de pessoas .
vida	NOUN	0	8	33	0	A cibersegurança nacional também é uma preocupação crescente , pois ataques direcionados a infraestruturas críticas , como energia , saúde e transporte , podem gerar crises de grandes proporções , afetando diretamente a vida de milhões de pessoas .
de	ADP	0	8	34	0	A cibersegurança nacional também é uma preocupação crescente , pois ataques direcionados a infraestruturas críticas , como energia , saúde e transporte , podem gerar crises de grandes proporções , afetando diretamente a vida de milhões de pessoas .
milhões	NUM	0	8	35	0	A cibersegurança nacional também é uma preocupação crescente , pois ataques direcionados a infraestruturas críticas , como energia , saúde e transporte , podem gerar crises de grandes proporções , afetando diretamente a vida de milhões de pessoas .
de	ADP	0	8	36	0	A cibersegurança nacional também é uma preocupação crescente , pois ataques direcionados a infraestruturas críticas , como energia , saúde e transporte , podem gerar crises de grandes proporções , afetando diretamente a vida de milhões de pessoas .
pessoas	NOUN	0	8	37	0	A cibersegurança nacional também é uma preocupação crescente , pois ataques direcionados a infraestruturas críticas , como energia , saúde e transporte , podem gerar crises de grandes proporções , afetando diretamente a vida de milhões de pessoas .
.	PUNCT	0	8	38	0	A cibersegurança nacional também é uma preocupação crescente , pois ataques direcionados a infraestruturas críticas , como energia , saúde e transporte , podem gerar crises de grandes proporções , afetando diretamente a vida de milhões de pessoas .
7	['DET', 'NOUN', 'ADJ', 'ADV', 'AUX', 'DET', 'NOUN', 'ADJ', 'PUNCT', 'SCONJ', 'NOUN', 'VERB', 'ADP', 'NOUN', 'ADJ', 'PUNCT', 'ADP', 'NOUN', 'PUNCT', 'NOUN', 'CCONJ', 'NOUN', 'PUNCT', 'VERB', 'VERB', 'NOUN', 'ADP', 'ADJ', 'NOUN', 'PUNCT', 'VERB', 'ADV', 'DET', 'NOUN', 'ADP', 'NUM', 'ADP', 'NOUN', 'PUNCT']	[0, 1, 0, 0, 0, 0, 0, 0, 0, 0, 0, 1, 0, 1, 0, 0, 0, 0, 0, 0, 0, 0, 0, 0, 0, 0, 0, 0, 0, 0, 1, 0, 0, 0, 0, 0, 0, 0, 0]	8	7	1	A cibersegurança nacional também é uma preocupação crescente , pois ataques direcionados a infraestruturas críticas , como energia , saúde e transporte , podem gerar crises de grandes proporções , afetando diretamente a vida de milhões de pessoas .
Por	ADP	0	9	0	0	Por isso , países investem em centros de defesa digital , cooperação internacional e programas de inteligência capazes de detectar e neutralizar ameaças antes que elas causem danos significativos , fortalecendo a resiliência das nações contra ataques cibernéticos .
isso	PRON	0	9	1	0	Por isso , países investem em centros de defesa digital , cooperação internacional e programas de inteligência capazes de detectar e neutralizar ameaças antes que elas causem danos significativos , fortalecendo a resiliência das nações contra ataques cibernéticos .
,	PUNCT	0	9	2	0	Por isso , países investem em centros de defesa digital , cooperação internacional e programas de inteligência capazes de detectar e neutralizar ameaças antes que elas causem danos significativos , fortalecendo a resiliência das nações contra ataques cibernéticos .
países	NOUN	0	9	3	0	Por isso , países investem em centros de defesa digital , cooperação internacional e programas de inteligência capazes de detectar e neutralizar ameaças antes que elas causem danos significativos , fortalecendo a resiliência das nações contra ataques cibernéticos .
investem	VERB	1	9	4	0	Por isso , países investem em centros de defesa digital , cooperação internacional e programas de inteligência capazes de detectar e neutralizar ameaças antes que elas causem danos significativos , fortalecendo a resiliência das nações contra ataques cibernéticos .
em	ADP	0	9	5	0	Por isso , países investem em centros de defesa digital , cooperação internacional e programas de inteligência capazes de detectar e neutralizar ameaças antes que elas causem danos significativos , fortalecendo a resiliência das nações contra ataques cibernéticos .
centros	NOUN	0	9	6	0	Por isso , países investem em centros de defesa digital , cooperação internacional e programas de inteligência capazes de detectar e neutralizar ameaças antes que elas causem danos significativos , fortalecendo a resiliência das nações contra ataques cibernéticos .
de	ADP	0	9	7	0	Por isso , países investem em centros de defesa digital , cooperação internacional e programas de inteligência capazes de detectar e neutralizar ameaças antes que elas causem danos significativos , fortalecendo a resiliência das nações contra ataques cibernéticos .
defesa	NOUN	0	9	8	0	Por isso , países investem em centros de defesa digital , cooperação internacional e programas de inteligência capazes de detectar e neutralizar ameaças antes que elas causem danos significativos , fortalecendo a resiliência das nações contra ataques cibernéticos .
digital	ADJ	0	9	9	0	Por isso , países investem em centros de defesa digital , cooperação internacional e programas de inteligência capazes de detectar e neutralizar ameaças antes que elas causem danos significativos , fortalecendo a resiliência das nações contra ataques cibernéticos .
,	PUNCT	0	9	10	0	Por isso , países investem em centros de defesa digital , cooperação internacional e programas de inteligência capazes de detectar e neutralizar ameaças antes que elas causem danos significativos , fortalecendo a resiliência das nações contra ataques cibernéticos .
cooperação	NOUN	0	9	11	0	Por isso , países investem em centros de defesa digital , cooperação internacional e programas de inteligência capazes de detectar e neutralizar ameaças antes que elas causem danos significativos , fortalecendo a resiliência das nações contra ataques cibernéticos .
internacional	ADJ	0	9	12	0	Por isso , países investem em centros de defesa digital , cooperação internacional e programas de inteligência capazes de detectar e neutralizar ameaças antes que elas causem danos significativos , fortalecendo a resiliência das nações contra ataques cibernéticos .
e	CCONJ	0	9	13	0	Por isso , países investem em centros de defesa digital , cooperação internacional e programas de inteligência capazes de detectar e neutralizar ameaças antes que elas causem danos significativos , fortalecendo a resiliência das nações contra ataques cibernéticos .
programas	NOUN	0	9	14	0	Por isso , países investem em centros de defesa digital , cooperação internacional e programas de inteligência capazes de detectar e neutralizar ameaças antes que elas causem danos significativos , fortalecendo a resiliência das nações contra ataques cibernéticos .
de	ADP	0	9	15	0	Por isso , países investem em centros de defesa digital , cooperação internacional e programas de inteligência capazes de detectar e neutralizar ameaças antes que elas causem danos significativos , fortalecendo a resiliência das nações contra ataques cibernéticos .
inteligência	NOUN	0	9	16	0	Por isso , países investem em centros de defesa digital , cooperação internacional e programas de inteligência capazes de detectar e neutralizar ameaças antes que elas causem danos significativos , fortalecendo a resiliência das nações contra ataques cibernéticos .
capazes	ADJ	0	9	17	0	Por isso , países investem em centros de defesa digital , cooperação internacional e programas de inteligência capazes de detectar e neutralizar ameaças antes que elas causem danos significativos , fortalecendo a resiliência das nações contra ataques cibernéticos .
de	SCONJ	0	9	18	0	Por isso , países investem em centros de defesa digital , cooperação internacional e programas de inteligência capazes de detectar e neutralizar ameaças antes que elas causem danos significativos , fortalecendo a resiliência das nações contra ataques cibernéticos .
detectar	VERB	0	9	19	0	Por isso , países investem em centros de defesa digital , cooperação internacional e programas de inteligência capazes de detectar e neutralizar ameaças antes que elas causem danos significativos , fortalecendo a resiliência das nações contra ataques cibernéticos .
e	CCONJ	0	9	20	0	Por isso , países investem em centros de defesa digital , cooperação internacional e programas de inteligência capazes de detectar e neutralizar ameaças antes que elas causem danos significativos , fortalecendo a resiliência das nações contra ataques cibernéticos .
neutralizar	VERB	1	9	21	0	Por isso , países investem em centros de defesa digital , cooperação internacional e programas de inteligência capazes de detectar e neutralizar ameaças antes que elas causem danos significativos , fortalecendo a resiliência das nações contra ataques cibernéticos .
ameaças	NOUN	0	9	22	0	Por isso , países investem em centros de defesa digital , cooperação internacional e programas de inteligência capazes de detectar e neutralizar ameaças antes que elas causem danos significativos , fortalecendo a resiliência das nações contra ataques cibernéticos .
antes	ADV	0	9	23	0	Por isso , países investem em centros de defesa digital , cooperação internacional e programas de inteligência capazes de detectar e neutralizar ameaças antes que elas causem danos significativos , fortalecendo a resiliência das nações contra ataques cibernéticos .
que	SCONJ	0	9	24	0	Por isso , países investem em centros de defesa digital , cooperação internacional e programas de inteligência capazes de detectar e neutralizar ameaças antes que elas causem danos significativos , fortalecendo a resiliência das nações contra ataques cibernéticos .
elas	PRON	0	9	25	0	Por isso , países investem em centros de defesa digital , cooperação internacional e programas de inteligência capazes de detectar e neutralizar ameaças antes que elas causem danos significativos , fortalecendo a resiliência das nações contra ataques cibernéticos .
causem	VERB	1	9	26	0	Por isso , países investem em centros de defesa digital , cooperação internacional e programas de inteligência capazes de detectar e neutralizar ameaças antes que elas causem danos significativos , fortalecendo a resiliência das nações contra ataques cibernéticos .
danos	NOUN	0	9	27	0	Por isso , países investem em centros de defesa digital , cooperação internacional e programas de inteligência capazes de detectar e neutralizar ameaças antes que elas causem danos significativos , fortalecendo a resiliência das nações contra ataques cibernéticos .
significativos	ADJ	0	9	28	0	Por isso , países investem em centros de defesa digital , cooperação internacional e programas de inteligência capazes de detectar e neutralizar ameaças antes que elas causem danos significativos , fortalecendo a resiliência das nações contra ataques cibernéticos .
,	PUNCT	0	9	29	0	Por isso , países investem em centros de defesa digital , cooperação internacional e programas de inteligência capazes de detectar e neutralizar ameaças antes que elas causem danos significativos , fortalecendo a resiliência das nações contra ataques cibernéticos .
fortalecendo	VERB	1	9	30	0	Por isso , países investem em centros de defesa digital , cooperação internacional e programas de inteligência capazes de detectar e neutralizar ameaças antes que elas causem danos significativos , fortalecendo a resiliência das nações contra ataques cibernéticos .
a	DET	0	9	31	0	Por isso , países investem em centros de defesa digital , cooperação internacional e programas de inteligência capazes de detectar e neutralizar ameaças antes que elas causem danos significativos , fortalecendo a resiliência das nações contra ataques cibernéticos .
resiliência	NOUN	1	9	32	0	Por isso , países investem em centros de defesa digital , cooperação internacional e programas de inteligência capazes de detectar e neutralizar ameaças antes que elas causem danos significativos , fortalecendo a resiliência das nações contra ataques cibernéticos .
das	ADP	0	9	33	0	Por isso , países investem em centros de defesa digital , cooperação internacional e programas de inteligência capazes de detectar e neutralizar ameaças antes que elas causem danos significativos , fortalecendo a resiliência das nações contra ataques cibernéticos .
nações	NOUN	0	9	34	0	Por isso , países investem em centros de defesa digital , cooperação internacional e programas de inteligência capazes de detectar e neutralizar ameaças antes que elas causem danos significativos , fortalecendo a resiliência das nações contra ataques cibernéticos .
contra	ADP	0	9	35	0	Por isso , países investem em centros de defesa digital , cooperação internacional e programas de inteligência capazes de detectar e neutralizar ameaças antes que elas causem danos significativos , fortalecendo a resiliência das nações contra ataques cibernéticos .
ataques	NOUN	0	9	36	0	Por isso , países investem em centros de defesa digital , cooperação internacional e programas de inteligência capazes de detectar e neutralizar ameaças antes que elas causem danos significativos , fortalecendo a resiliência das nações contra ataques cibernéticos .
cibernéticos	ADJ	1	9	37	0	Por isso , países investem em centros de defesa digital , cooperação internacional e programas de inteligência capazes de detectar e neutralizar ameaças antes que elas causem danos significativos , fortalecendo a resiliência das nações contra ataques cibernéticos .
.	PUNCT	0	9	38	0	Por isso , países investem em centros de defesa digital , cooperação internacional e programas de inteligência capazes de detectar e neutralizar ameaças antes que elas causem danos significativos , fortalecendo a resiliência das nações contra ataques cibernéticos .
8	['ADP', 'PRON', 'PUNCT', 'NOUN', 'VERB', 'ADP', 'NOUN', 'ADP', 'NOUN', 'ADJ', 'PUNCT', 'NOUN', 'ADJ', 'CCONJ', 'NOUN', 'ADP', 'NOUN', 'ADJ', 'SCONJ', 'VERB', 'CCONJ', 'VERB', 'NOUN', 'ADV', 'SCONJ', 'PRON', 'VERB', 'NOUN', 'ADJ', 'PUNCT', 'VERB', 'DET', 'NOUN', 'ADP', 'NOUN', 'ADP', 'NOUN', 'ADJ', 'PUNCT']	[0, 0, 0, 0, 1, 0, 0, 0, 0, 0, 0, 0, 0, 0, 0, 0, 0, 0, 0, 0, 0, 1, 0, 0, 0, 0, 1, 0, 0, 0, 1, 0, 1, 0, 0, 0, 0, 1, 0]	9	8	1	Por isso , países investem em centros de defesa digital , cooperação internacional e programas de inteligência capazes de detectar e neutralizar ameaças antes que elas causem danos significativos , fortalecendo a resiliência das nações contra ataques cibernéticos .
No	ADP	0	10	0	0	No âmbito pessoal , cada indivíduo deve assumir responsabilidade pela própria segurança digital , adotando práticas simples , mas eficazes , como manter backups atualizados , evitar redes Wi-Fi públicas sem proteção e desconfiar de links desconhecidos .
âmbito	NOUN	0	10	1	0	No âmbito pessoal , cada indivíduo deve assumir responsabilidade pela própria segurança digital , adotando práticas simples , mas eficazes , como manter backups atualizados , evitar redes Wi-Fi públicas sem proteção e desconfiar de links desconhecidos .
pessoal	ADJ	0	10	2	0	No âmbito pessoal , cada indivíduo deve assumir responsabilidade pela própria segurança digital , adotando práticas simples , mas eficazes , como manter backups atualizados , evitar redes Wi-Fi públicas sem proteção e desconfiar de links desconhecidos .
,	PUNCT	0	10	3	0	No âmbito pessoal , cada indivíduo deve assumir responsabilidade pela própria segurança digital , adotando práticas simples , mas eficazes , como manter backups atualizados , evitar redes Wi-Fi públicas sem proteção e desconfiar de links desconhecidos .
cada	DET	0	10	4	0	No âmbito pessoal , cada indivíduo deve assumir responsabilidade pela própria segurança digital , adotando práticas simples , mas eficazes , como manter backups atualizados , evitar redes Wi-Fi públicas sem proteção e desconfiar de links desconhecidos .
indivíduo	NOUN	0	10	5	0	No âmbito pessoal , cada indivíduo deve assumir responsabilidade pela própria segurança digital , adotando práticas simples , mas eficazes , como manter backups atualizados , evitar redes Wi-Fi públicas sem proteção e desconfiar de links desconhecidos .
deve	VERB	0	10	6	0	No âmbito pessoal , cada indivíduo deve assumir responsabilidade pela própria segurança digital , adotando práticas simples , mas eficazes , como manter backups atualizados , evitar redes Wi-Fi públicas sem proteção e desconfiar de links desconhecidos .
assumir	VERB	0	10	7	0	No âmbito pessoal , cada indivíduo deve assumir responsabilidade pela própria segurança digital , adotando práticas simples , mas eficazes , como manter backups atualizados , evitar redes Wi-Fi públicas sem proteção e desconfiar de links desconhecidos .
responsabilidade	NOUN	1	10	8	0	No âmbito pessoal , cada indivíduo deve assumir responsabilidade pela própria segurança digital , adotando práticas simples , mas eficazes , como manter backups atualizados , evitar redes Wi-Fi públicas sem proteção e desconfiar de links desconhecidos .
pela	ADP	0	10	9	0	No âmbito pessoal , cada indivíduo deve assumir responsabilidade pela própria segurança digital , adotando práticas simples , mas eficazes , como manter backups atualizados , evitar redes Wi-Fi públicas sem proteção e desconfiar de links desconhecidos .
própria	DET	0	10	10	0	No âmbito pessoal , cada indivíduo deve assumir responsabilidade pela própria segurança digital , adotando práticas simples , mas eficazes , como manter backups atualizados , evitar redes Wi-Fi públicas sem proteção e desconfiar de links desconhecidos .
segurança	NOUN	0	10	11	0	No âmbito pessoal , cada indivíduo deve assumir responsabilidade pela própria segurança digital , adotando práticas simples , mas eficazes , como manter backups atualizados , evitar redes Wi-Fi públicas sem proteção e desconfiar de links desconhecidos .
digital	ADJ	0	10	12	0	No âmbito pessoal , cada indivíduo deve assumir responsabilidade pela própria segurança digital , adotando práticas simples , mas eficazes , como manter backups atualizados , evitar redes Wi-Fi públicas sem proteção e desconfiar de links desconhecidos .
,	PUNCT	0	10	13	0	No âmbito pessoal , cada indivíduo deve assumir responsabilidade pela própria segurança digital , adotando práticas simples , mas eficazes , como manter backups atualizados , evitar redes Wi-Fi públicas sem proteção e desconfiar de links desconhecidos .
adotando	VERB	1	10	14	0	No âmbito pessoal , cada indivíduo deve assumir responsabilidade pela própria segurança digital , adotando práticas simples , mas eficazes , como manter backups atualizados , evitar redes Wi-Fi públicas sem proteção e desconfiar de links desconhecidos .
práticas	NOUN	0	10	15	0	No âmbito pessoal , cada indivíduo deve assumir responsabilidade pela própria segurança digital , adotando práticas simples , mas eficazes , como manter backups atualizados , evitar redes Wi-Fi públicas sem proteção e desconfiar de links desconhecidos .
simples	ADJ	0	10	16	0	No âmbito pessoal , cada indivíduo deve assumir responsabilidade pela própria segurança digital , adotando práticas simples , mas eficazes , como manter backups atualizados , evitar redes Wi-Fi públicas sem proteção e desconfiar de links desconhecidos .
,	PUNCT	0	10	17	0	No âmbito pessoal , cada indivíduo deve assumir responsabilidade pela própria segurança digital , adotando práticas simples , mas eficazes , como manter backups atualizados , evitar redes Wi-Fi públicas sem proteção e desconfiar de links desconhecidos .
mas	CCONJ	0	10	18	0	No âmbito pessoal , cada indivíduo deve assumir responsabilidade pela própria segurança digital , adotando práticas simples , mas eficazes , como manter backups atualizados , evitar redes Wi-Fi públicas sem proteção e desconfiar de links desconhecidos .
eficazes	ADJ	1	10	19	0	No âmbito pessoal , cada indivíduo deve assumir responsabilidade pela própria segurança digital , adotando práticas simples , mas eficazes , como manter backups atualizados , evitar redes Wi-Fi públicas sem proteção e desconfiar de links desconhecidos .
,	PUNCT	0	10	20	0	No âmbito pessoal , cada indivíduo deve assumir responsabilidade pela própria segurança digital , adotando práticas simples , mas eficazes , como manter backups atualizados , evitar redes Wi-Fi públicas sem proteção e desconfiar de links desconhecidos .
como	SCONJ	0	10	21	0	No âmbito pessoal , cada indivíduo deve assumir responsabilidade pela própria segurança digital , adotando práticas simples , mas eficazes , como manter backups atualizados , evitar redes Wi-Fi públicas sem proteção e desconfiar de links desconhecidos .
manter	VERB	0	10	22	0	No âmbito pessoal , cada indivíduo deve assumir responsabilidade pela própria segurança digital , adotando práticas simples , mas eficazes , como manter backups atualizados , evitar redes Wi-Fi públicas sem proteção e desconfiar de links desconhecidos .
backups	NOUN	1	10	23	0	No âmbito pessoal , cada indivíduo deve assumir responsabilidade pela própria segurança digital , adotando práticas simples , mas eficazes , como manter backups atualizados , evitar redes Wi-Fi públicas sem proteção e desconfiar de links desconhecidos .
atualizados	VERB	1	10	24	0	No âmbito pessoal , cada indivíduo deve assumir responsabilidade pela própria segurança digital , adotando práticas simples , mas eficazes , como manter backups atualizados , evitar redes Wi-Fi públicas sem proteção e desconfiar de links desconhecidos .
,	PUNCT	0	10	25	0	No âmbito pessoal , cada indivíduo deve assumir responsabilidade pela própria segurança digital , adotando práticas simples , mas eficazes , como manter backups atualizados , evitar redes Wi-Fi públicas sem proteção e desconfiar de links desconhecidos .
evitar	VERB	0	10	26	0	No âmbito pessoal , cada indivíduo deve assumir responsabilidade pela própria segurança digital , adotando práticas simples , mas eficazes , como manter backups atualizados , evitar redes Wi-Fi públicas sem proteção e desconfiar de links desconhecidos .
redes	NOUN	0	10	27	0	No âmbito pessoal , cada indivíduo deve assumir responsabilidade pela própria segurança digital , adotando práticas simples , mas eficazes , como manter backups atualizados , evitar redes Wi-Fi públicas sem proteção e desconfiar de links desconhecidos .
Wi-Fi	PROPN	1	10	28	0	No âmbito pessoal , cada indivíduo deve assumir responsabilidade pela própria segurança digital , adotando práticas simples , mas eficazes , como manter backups atualizados , evitar redes Wi-Fi públicas sem proteção e desconfiar de links desconhecidos .
públicas	ADJ	0	10	29	0	No âmbito pessoal , cada indivíduo deve assumir responsabilidade pela própria segurança digital , adotando práticas simples , mas eficazes , como manter backups atualizados , evitar redes Wi-Fi públicas sem proteção e desconfiar de links desconhecidos .
sem	ADP	0	10	30	0	No âmbito pessoal , cada indivíduo deve assumir responsabilidade pela própria segurança digital , adotando práticas simples , mas eficazes , como manter backups atualizados , evitar redes Wi-Fi públicas sem proteção e desconfiar de links desconhecidos .
proteção	NOUN	0	10	31	0	No âmbito pessoal , cada indivíduo deve assumir responsabilidade pela própria segurança digital , adotando práticas simples , mas eficazes , como manter backups atualizados , evitar redes Wi-Fi públicas sem proteção e desconfiar de links desconhecidos .
e	CCONJ	0	10	32	0	No âmbito pessoal , cada indivíduo deve assumir responsabilidade pela própria segurança digital , adotando práticas simples , mas eficazes , como manter backups atualizados , evitar redes Wi-Fi públicas sem proteção e desconfiar de links desconhecidos .
desconfiar	VERB	1	10	33	0	No âmbito pessoal , cada indivíduo deve assumir responsabilidade pela própria segurança digital , adotando práticas simples , mas eficazes , como manter backups atualizados , evitar redes Wi-Fi públicas sem proteção e desconfiar de links desconhecidos .
de	ADP	0	10	34	0	No âmbito pessoal , cada indivíduo deve assumir responsabilidade pela própria segurança digital , adotando práticas simples , mas eficazes , como manter backups atualizados , evitar redes Wi-Fi públicas sem proteção e desconfiar de links desconhecidos .
links	NOUN	1	10	35	0	No âmbito pessoal , cada indivíduo deve assumir responsabilidade pela própria segurança digital , adotando práticas simples , mas eficazes , como manter backups atualizados , evitar redes Wi-Fi públicas sem proteção e desconfiar de links desconhecidos .
desconhecidos	VERB	0	10	36	0	No âmbito pessoal , cada indivíduo deve assumir responsabilidade pela própria segurança digital , adotando práticas simples , mas eficazes , como manter backups atualizados , evitar redes Wi-Fi públicas sem proteção e desconfiar de links desconhecidos .
.	PUNCT	0	10	37	0	No âmbito pessoal , cada indivíduo deve assumir responsabilidade pela própria segurança digital , adotando práticas simples , mas eficazes , como manter backups atualizados , evitar redes Wi-Fi públicas sem proteção e desconfiar de links desconhecidos .
9	['ADP', 'NOUN', 'ADJ', 'PUNCT', 'DET', 'NOUN', 'VERB', 'VERB', 'NOUN', 'ADP', 'DET', 'NOUN', 'ADJ', 'PUNCT', 'VERB', 'NOUN', 'ADJ', 'PUNCT', 'CCONJ', 'ADJ', 'PUNCT', 'SCONJ', 'VERB', 'NOUN', 'VERB', 'PUNCT', 'VERB', 'NOUN', 'PROPN', 'ADJ', 'ADP', 'NOUN', 'CCONJ', 'VERB', 'ADP', 'NOUN', 'VERB', 'PUNCT']	[0, 0, 0, 0, 0, 0, 0, 0, 1, 0, 0, 0, 0, 0, 1, 0, 0, 0, 0, 1, 0, 0, 0, 1, 1, 0, 0, 0, 1, 0, 0, 0, 0, 1, 0, 1, 0, 0]	10	9	1	No âmbito pessoal , cada indivíduo deve assumir responsabilidade pela própria segurança digital , adotando práticas simples , mas eficazes , como manter backups atualizados , evitar redes Wi-Fi públicas sem proteção e desconfiar de links desconhecidos .
A	DET	0	11	0	0	A segurança cibernética não é um estado permanente , mas sim um processo contínuo , que exige adaptação constante diante de novas ameaças que surgem diariamente , impulsionadas pela criatividade e persistência dos criminosos digitais .
segurança	NOUN	0	11	1	0	A segurança cibernética não é um estado permanente , mas sim um processo contínuo , que exige adaptação constante diante de novas ameaças que surgem diariamente , impulsionadas pela criatividade e persistência dos criminosos digitais .
cibernética	ADJ	1	11	2	0	A segurança cibernética não é um estado permanente , mas sim um processo contínuo , que exige adaptação constante diante de novas ameaças que surgem diariamente , impulsionadas pela criatividade e persistência dos criminosos digitais .
não	ADV	0	11	3	0	A segurança cibernética não é um estado permanente , mas sim um processo contínuo , que exige adaptação constante diante de novas ameaças que surgem diariamente , impulsionadas pela criatividade e persistência dos criminosos digitais .
é	AUX	0	11	4	0	A segurança cibernética não é um estado permanente , mas sim um processo contínuo , que exige adaptação constante diante de novas ameaças que surgem diariamente , impulsionadas pela criatividade e persistência dos criminosos digitais .
um	DET	0	11	5	0	A segurança cibernética não é um estado permanente , mas sim um processo contínuo , que exige adaptação constante diante de novas ameaças que surgem diariamente , impulsionadas pela criatividade e persistência dos criminosos digitais .
estado	NOUN	0	11	6	0	A segurança cibernética não é um estado permanente , mas sim um processo contínuo , que exige adaptação constante diante de novas ameaças que surgem diariamente , impulsionadas pela criatividade e persistência dos criminosos digitais .
permanente	ADJ	0	11	7	0	A segurança cibernética não é um estado permanente , mas sim um processo contínuo , que exige adaptação constante diante de novas ameaças que surgem diariamente , impulsionadas pela criatividade e persistência dos criminosos digitais .
,	PUNCT	0	11	8	0	A segurança cibernética não é um estado permanente , mas sim um processo contínuo , que exige adaptação constante diante de novas ameaças que surgem diariamente , impulsionadas pela criatividade e persistência dos criminosos digitais .
mas	CCONJ	0	11	9	0	A segurança cibernética não é um estado permanente , mas sim um processo contínuo , que exige adaptação constante diante de novas ameaças que surgem diariamente , impulsionadas pela criatividade e persistência dos criminosos digitais .
sim	ADV	0	11	10	0	A segurança cibernética não é um estado permanente , mas sim um processo contínuo , que exige adaptação constante diante de novas ameaças que surgem diariamente , impulsionadas pela criatividade e persistência dos criminosos digitais .
um	DET	0	11	11	0	A segurança cibernética não é um estado permanente , mas sim um processo contínuo , que exige adaptação constante diante de novas ameaças que surgem diariamente , impulsionadas pela criatividade e persistência dos criminosos digitais .
processo	NOUN	0	11	12	0	A segurança cibernética não é um estado permanente , mas sim um processo contínuo , que exige adaptação constante diante de novas ameaças que surgem diariamente , impulsionadas pela criatividade e persistência dos criminosos digitais .
contínuo	ADJ	0	11	13	0	A segurança cibernética não é um estado permanente , mas sim um processo contínuo , que exige adaptação constante diante de novas ameaças que surgem diariamente , impulsionadas pela criatividade e persistência dos criminosos digitais .
,	PUNCT	0	11	14	0	A segurança cibernética não é um estado permanente , mas sim um processo contínuo , que exige adaptação constante diante de novas ameaças que surgem diariamente , impulsionadas pela criatividade e persistência dos criminosos digitais .
que	PRON	0	11	15	0	A segurança cibernética não é um estado permanente , mas sim um processo contínuo , que exige adaptação constante diante de novas ameaças que surgem diariamente , impulsionadas pela criatividade e persistência dos criminosos digitais .
exige	VERB	0	11	16	0	A segurança cibernética não é um estado permanente , mas sim um processo contínuo , que exige adaptação constante diante de novas ameaças que surgem diariamente , impulsionadas pela criatividade e persistência dos criminosos digitais .
adaptação	NOUN	0	11	17	0	A segurança cibernética não é um estado permanente , mas sim um processo contínuo , que exige adaptação constante diante de novas ameaças que surgem diariamente , impulsionadas pela criatividade e persistência dos criminosos digitais .
constante	ADJ	0	11	18	0	A segurança cibernética não é um estado permanente , mas sim um processo contínuo , que exige adaptação constante diante de novas ameaças que surgem diariamente , impulsionadas pela criatividade e persistência dos criminosos digitais .
diante	ADV	0	11	19	0	A segurança cibernética não é um estado permanente , mas sim um processo contínuo , que exige adaptação constante diante de novas ameaças que surgem diariamente , impulsionadas pela criatividade e persistência dos criminosos digitais .
de	ADP	0	11	20	0	A segurança cibernética não é um estado permanente , mas sim um processo contínuo , que exige adaptação constante diante de novas ameaças que surgem diariamente , impulsionadas pela criatividade e persistência dos criminosos digitais .
novas	ADJ	0	11	21	0	A segurança cibernética não é um estado permanente , mas sim um processo contínuo , que exige adaptação constante diante de novas ameaças que surgem diariamente , impulsionadas pela criatividade e persistência dos criminosos digitais .
ameaças	NOUN	0	11	22	0	A segurança cibernética não é um estado permanente , mas sim um processo contínuo , que exige adaptação constante diante de novas ameaças que surgem diariamente , impulsionadas pela criatividade e persistência dos criminosos digitais .
que	PRON	0	11	23	0	A segurança cibernética não é um estado permanente , mas sim um processo contínuo , que exige adaptação constante diante de novas ameaças que surgem diariamente , impulsionadas pela criatividade e persistência dos criminosos digitais .
surgem	VERB	0	11	24	0	A segurança cibernética não é um estado permanente , mas sim um processo contínuo , que exige adaptação constante diante de novas ameaças que surgem diariamente , impulsionadas pela criatividade e persistência dos criminosos digitais .
diariamente	ADV	0	11	25	0	A segurança cibernética não é um estado permanente , mas sim um processo contínuo , que exige adaptação constante diante de novas ameaças que surgem diariamente , impulsionadas pela criatividade e persistência dos criminosos digitais .
,	PUNCT	0	11	26	0	A segurança cibernética não é um estado permanente , mas sim um processo contínuo , que exige adaptação constante diante de novas ameaças que surgem diariamente , impulsionadas pela criatividade e persistência dos criminosos digitais .
impulsionadas	VERB	1	11	27	0	A segurança cibernética não é um estado permanente , mas sim um processo contínuo , que exige adaptação constante diante de novas ameaças que surgem diariamente , impulsionadas pela criatividade e persistência dos criminosos digitais .
pela	ADP	0	11	28	0	A segurança cibernética não é um estado permanente , mas sim um processo contínuo , que exige adaptação constante diante de novas ameaças que surgem diariamente , impulsionadas pela criatividade e persistência dos criminosos digitais .
criatividade	NOUN	0	11	29	0	A segurança cibernética não é um estado permanente , mas sim um processo contínuo , que exige adaptação constante diante de novas ameaças que surgem diariamente , impulsionadas pela criatividade e persistência dos criminosos digitais .
e	CCONJ	0	11	30	0	A segurança cibernética não é um estado permanente , mas sim um processo contínuo , que exige adaptação constante diante de novas ameaças que surgem diariamente , impulsionadas pela criatividade e persistência dos criminosos digitais .
persistência	NOUN	1	11	31	0	A segurança cibernética não é um estado permanente , mas sim um processo contínuo , que exige adaptação constante diante de novas ameaças que surgem diariamente , impulsionadas pela criatividade e persistência dos criminosos digitais .
dos	ADP	0	11	32	0	A segurança cibernética não é um estado permanente , mas sim um processo contínuo , que exige adaptação constante diante de novas ameaças que surgem diariamente , impulsionadas pela criatividade e persistência dos criminosos digitais .
criminosos	NOUN	0	11	33	0	A segurança cibernética não é um estado permanente , mas sim um processo contínuo , que exige adaptação constante diante de novas ameaças que surgem diariamente , impulsionadas pela criatividade e persistência dos criminosos digitais .
digitais	ADJ	0	11	34	0	A segurança cibernética não é um estado permanente , mas sim um processo contínuo , que exige adaptação constante diante de novas ameaças que surgem diariamente , impulsionadas pela criatividade e persistência dos criminosos digitais .
.	PUNCT	0	11	35	0	A segurança cibernética não é um estado permanente , mas sim um processo contínuo , que exige adaptação constante diante de novas ameaças que surgem diariamente , impulsionadas pela criatividade e persistência dos criminosos digitais .
10	['DET', 'NOUN', 'ADJ', 'ADV', 'AUX', 'DET', 'NOUN', 'ADJ', 'PUNCT', 'CCONJ', 'ADV', 'DET', 'NOUN', 'ADJ', 'PUNCT', 'PRON', 'VERB', 'NOUN', 'ADJ', 'ADV', 'ADP', 'ADJ', 'NOUN', 'PRON', 'VERB', 'ADV', 'PUNCT', 'VERB', 'ADP', 'NOUN', 'CCONJ', 'NOUN', 'ADP', 'NOUN', 'ADJ', 'PUNCT']	[0, 0, 1, 0, 0, 0, 0, 0, 0, 0, 0, 0, 0, 0, 0, 0, 0, 0, 0, 0, 0, 0, 0, 0, 0, 0, 0, 1, 0, 0, 0, 1, 0, 0, 0, 0]	11	10	1	A segurança cibernética não é um estado permanente , mas sim um processo contínuo , que exige adaptação constante diante de novas ameaças que surgem diariamente , impulsionadas pela criatividade e persistência dos criminosos digitais .
Empresas	NOUN	1	12	0	0	Empresas inovadoras investem em inteligência artificial e aprendizado de máquina para identificar padrões suspeitos e prevenir ataques , criando sistemas capazes de reagir rapidamente a comportamentos anômalos em redes corporativas e pessoais .
inovadoras	ADJ	1	12	1	0	Empresas inovadoras investem em inteligência artificial e aprendizado de máquina para identificar padrões suspeitos e prevenir ataques , criando sistemas capazes de reagir rapidamente a comportamentos anômalos em redes corporativas e pessoais .
investem	VERB	1	12	2	0	Empresas inovadoras investem em inteligência artificial e aprendizado de máquina para identificar padrões suspeitos e prevenir ataques , criando sistemas capazes de reagir rapidamente a comportamentos anômalos em redes corporativas e pessoais .
em	ADP	0	12	3	0	Empresas inovadoras investem em inteligência artificial e aprendizado de máquina para identificar padrões suspeitos e prevenir ataques , criando sistemas capazes de reagir rapidamente a comportamentos anômalos em redes corporativas e pessoais .
inteligência	NOUN	0	12	4	0	Empresas inovadoras investem em inteligência artificial e aprendizado de máquina para identificar padrões suspeitos e prevenir ataques , criando sistemas capazes de reagir rapidamente a comportamentos anômalos em redes corporativas e pessoais .
artificial	ADJ	0	12	5	0	Empresas inovadoras investem em inteligência artificial e aprendizado de máquina para identificar padrões suspeitos e prevenir ataques , criando sistemas capazes de reagir rapidamente a comportamentos anômalos em redes corporativas e pessoais .
e	CCONJ	0	12	6	0	Empresas inovadoras investem em inteligência artificial e aprendizado de máquina para identificar padrões suspeitos e prevenir ataques , criando sistemas capazes de reagir rapidamente a comportamentos anômalos em redes corporativas e pessoais .
aprendizado	NOUN	0	12	7	0	Empresas inovadoras investem em inteligência artificial e aprendizado de máquina para identificar padrões suspeitos e prevenir ataques , criando sistemas capazes de reagir rapidamente a comportamentos anômalos em redes corporativas e pessoais .
de	ADP	0	12	8	0	Empresas inovadoras investem em inteligência artificial e aprendizado de máquina para identificar padrões suspeitos e prevenir ataques , criando sistemas capazes de reagir rapidamente a comportamentos anômalos em redes corporativas e pessoais .
máquina	NOUN	0	12	9	0	Empresas inovadoras investem em inteligência artificial e aprendizado de máquina para identificar padrões suspeitos e prevenir ataques , criando sistemas capazes de reagir rapidamente a comportamentos anômalos em redes corporativas e pessoais .
para	SCONJ	0	12	10	0	Empresas inovadoras investem em inteligência artificial e aprendizado de máquina para identificar padrões suspeitos e prevenir ataques , criando sistemas capazes de reagir rapidamente a comportamentos anômalos em redes corporativas e pessoais .
identificar	VERB	0	12	11	0	Empresas inovadoras investem em inteligência artificial e aprendizado de máquina para identificar padrões suspeitos e prevenir ataques , criando sistemas capazes de reagir rapidamente a comportamentos anômalos em redes corporativas e pessoais .
padrões	NOUN	0	12	12	0	Empresas inovadoras investem em inteligência artificial e aprendizado de máquina para identificar padrões suspeitos e prevenir ataques , criando sistemas capazes de reagir rapidamente a comportamentos anômalos em redes corporativas e pessoais .
suspeitos	ADJ	1	12	13	0	Empresas inovadoras investem em inteligência artificial e aprendizado de máquina para identificar padrões suspeitos e prevenir ataques , criando sistemas capazes de reagir rapidamente a comportamentos anômalos em redes corporativas e pessoais .
e	CCONJ	0	12	14	0	Empresas inovadoras investem em inteligência artificial e aprendizado de máquina para identificar padrões suspeitos e prevenir ataques , criando sistemas capazes de reagir rapidamente a comportamentos anômalos em redes corporativas e pessoais .
prevenir	VERB	0	12	15	0	Empresas inovadoras investem em inteligência artificial e aprendizado de máquina para identificar padrões suspeitos e prevenir ataques , criando sistemas capazes de reagir rapidamente a comportamentos anômalos em redes corporativas e pessoais .
ataques	NOUN	0	12	16	0	Empresas inovadoras investem em inteligência artificial e aprendizado de máquina para identificar padrões suspeitos e prevenir ataques , criando sistemas capazes de reagir rapidamente a comportamentos anômalos em redes corporativas e pessoais .
,	PUNCT	0	12	17	0	Empresas inovadoras investem em inteligência artificial e aprendizado de máquina para identificar padrões suspeitos e prevenir ataques , criando sistemas capazes de reagir rapidamente a comportamentos anômalos em redes corporativas e pessoais .
criando	VERB	0	12	18	0	Empresas inovadoras investem em inteligência artificial e aprendizado de máquina para identificar padrões suspeitos e prevenir ataques , criando sistemas capazes de reagir rapidamente a comportamentos anômalos em redes corporativas e pessoais .
sistemas	NOUN	0	12	19	0	Empresas inovadoras investem em inteligência artificial e aprendizado de máquina para identificar padrões suspeitos e prevenir ataques , criando sistemas capazes de reagir rapidamente a comportamentos anômalos em redes corporativas e pessoais .
capazes	ADJ	0	12	20	0	Empresas inovadoras investem em inteligência artificial e aprendizado de máquina para identificar padrões suspeitos e prevenir ataques , criando sistemas capazes de reagir rapidamente a comportamentos anômalos em redes corporativas e pessoais .
de	SCONJ	0	12	21	0	Empresas inovadoras investem em inteligência artificial e aprendizado de máquina para identificar padrões suspeitos e prevenir ataques , criando sistemas capazes de reagir rapidamente a comportamentos anômalos em redes corporativas e pessoais .
reagir	VERB	1	12	22	0	Empresas inovadoras investem em inteligência artificial e aprendizado de máquina para identificar padrões suspeitos e prevenir ataques , criando sistemas capazes de reagir rapidamente a comportamentos anômalos em redes corporativas e pessoais .
rapidamente	ADV	0	12	23	0	Empresas inovadoras investem em inteligência artificial e aprendizado de máquina para identificar padrões suspeitos e prevenir ataques , criando sistemas capazes de reagir rapidamente a comportamentos anômalos em redes corporativas e pessoais .
a	ADP	0	12	24	0	Empresas inovadoras investem em inteligência artificial e aprendizado de máquina para identificar padrões suspeitos e prevenir ataques , criando sistemas capazes de reagir rapidamente a comportamentos anômalos em redes corporativas e pessoais .
comportamentos	NOUN	0	12	25	0	Empresas inovadoras investem em inteligência artificial e aprendizado de máquina para identificar padrões suspeitos e prevenir ataques , criando sistemas capazes de reagir rapidamente a comportamentos anômalos em redes corporativas e pessoais .
anômalos	ADJ	1	12	26	0	Empresas inovadoras investem em inteligência artificial e aprendizado de máquina para identificar padrões suspeitos e prevenir ataques , criando sistemas capazes de reagir rapidamente a comportamentos anômalos em redes corporativas e pessoais .
em	ADP	0	12	27	0	Empresas inovadoras investem em inteligência artificial e aprendizado de máquina para identificar padrões suspeitos e prevenir ataques , criando sistemas capazes de reagir rapidamente a comportamentos anômalos em redes corporativas e pessoais .
redes	NOUN	0	12	28	0	Empresas inovadoras investem em inteligência artificial e aprendizado de máquina para identificar padrões suspeitos e prevenir ataques , criando sistemas capazes de reagir rapidamente a comportamentos anômalos em redes corporativas e pessoais .
corporativas	ADJ	1	12	29	0	Empresas inovadoras investem em inteligência artificial e aprendizado de máquina para identificar padrões suspeitos e prevenir ataques , criando sistemas capazes de reagir rapidamente a comportamentos anômalos em redes corporativas e pessoais .
e	CCONJ	0	12	30	0	Empresas inovadoras investem em inteligência artificial e aprendizado de máquina para identificar padrões suspeitos e prevenir ataques , criando sistemas capazes de reagir rapidamente a comportamentos anômalos em redes corporativas e pessoais .
pessoais	ADJ	0	12	31	0	Empresas inovadoras investem em inteligência artificial e aprendizado de máquina para identificar padrões suspeitos e prevenir ataques , criando sistemas capazes de reagir rapidamente a comportamentos anômalos em redes corporativas e pessoais .
.	PUNCT	0	12	32	0	Empresas inovadoras investem em inteligência artificial e aprendizado de máquina para identificar padrões suspeitos e prevenir ataques , criando sistemas capazes de reagir rapidamente a comportamentos anômalos em redes corporativas e pessoais .
11	['NOUN', 'ADJ', 'VERB', 'ADP', 'NOUN', 'ADJ', 'CCONJ', 'NOUN', 'ADP', 'NOUN', 'SCONJ', 'VERB', 'NOUN', 'ADJ', 'CCONJ', 'VERB', 'NOUN', 'PUNCT', 'VERB', 'NOUN', 'ADJ', 'SCONJ', 'VERB', 'ADV', 'ADP', 'NOUN', 'ADJ', 'ADP', 'NOUN', 'ADJ', 'CCONJ', 'ADJ', 'PUNCT']	[1, 1, 1, 0, 0, 0, 0, 0, 0, 0, 0, 0, 0, 1, 0, 0, 0, 0, 0, 0, 0, 0, 1, 0, 0, 0, 1, 0, 0, 1, 0, 0, 0]	12	11	1	Empresas inovadoras investem em inteligência artificial e aprendizado de máquina para identificar padrões suspeitos e prevenir ataques , criando sistemas capazes de reagir rapidamente a comportamentos anômalos em redes corporativas e pessoais .
A	DET	0	13	0	0	A colaboração entre setores público e privado é indispensável , pois apenas com esforços conjuntos é possível criar estratégias abrangentes que protejam cidadãos , empresas e governos contra ameaças cada vez mais sofisticadas e globais .
colaboração	NOUN	0	13	1	0	A colaboração entre setores público e privado é indispensável , pois apenas com esforços conjuntos é possível criar estratégias abrangentes que protejam cidadãos , empresas e governos contra ameaças cada vez mais sofisticadas e globais .
entre	ADP	0	13	2	0	A colaboração entre setores público e privado é indispensável , pois apenas com esforços conjuntos é possível criar estratégias abrangentes que protejam cidadãos , empresas e governos contra ameaças cada vez mais sofisticadas e globais .
setores	NOUN	0	13	3	0	A colaboração entre setores público e privado é indispensável , pois apenas com esforços conjuntos é possível criar estratégias abrangentes que protejam cidadãos , empresas e governos contra ameaças cada vez mais sofisticadas e globais .
público	ADJ	0	13	4	0	A colaboração entre setores público e privado é indispensável , pois apenas com esforços conjuntos é possível criar estratégias abrangentes que protejam cidadãos , empresas e governos contra ameaças cada vez mais sofisticadas e globais .
e	CCONJ	0	13	5	0	A colaboração entre setores público e privado é indispensável , pois apenas com esforços conjuntos é possível criar estratégias abrangentes que protejam cidadãos , empresas e governos contra ameaças cada vez mais sofisticadas e globais .
privado	ADJ	0	13	6	0	A colaboração entre setores público e privado é indispensável , pois apenas com esforços conjuntos é possível criar estratégias abrangentes que protejam cidadãos , empresas e governos contra ameaças cada vez mais sofisticadas e globais .
é	AUX	0	13	7	0	A colaboração entre setores público e privado é indispensável , pois apenas com esforços conjuntos é possível criar estratégias abrangentes que protejam cidadãos , empresas e governos contra ameaças cada vez mais sofisticadas e globais .
indispensável	ADJ	1	13	8	0	A colaboração entre setores público e privado é indispensável , pois apenas com esforços conjuntos é possível criar estratégias abrangentes que protejam cidadãos , empresas e governos contra ameaças cada vez mais sofisticadas e globais .
,	PUNCT	0	13	9	0	A colaboração entre setores público e privado é indispensável , pois apenas com esforços conjuntos é possível criar estratégias abrangentes que protejam cidadãos , empresas e governos contra ameaças cada vez mais sofisticadas e globais .
pois	SCONJ	0	13	10	0	A colaboração entre setores público e privado é indispensável , pois apenas com esforços conjuntos é possível criar estratégias abrangentes que protejam cidadãos , empresas e governos contra ameaças cada vez mais sofisticadas e globais .
apenas	ADV	0	13	11	0	A colaboração entre setores público e privado é indispensável , pois apenas com esforços conjuntos é possível criar estratégias abrangentes que protejam cidadãos , empresas e governos contra ameaças cada vez mais sofisticadas e globais .
com	ADP	0	13	12	0	A colaboração entre setores público e privado é indispensável , pois apenas com esforços conjuntos é possível criar estratégias abrangentes que protejam cidadãos , empresas e governos contra ameaças cada vez mais sofisticadas e globais .
esforços	NOUN	0	13	13	0	A colaboração entre setores público e privado é indispensável , pois apenas com esforços conjuntos é possível criar estratégias abrangentes que protejam cidadãos , empresas e governos contra ameaças cada vez mais sofisticadas e globais .
conjuntos	ADJ	0	13	14	0	A colaboração entre setores público e privado é indispensável , pois apenas com esforços conjuntos é possível criar estratégias abrangentes que protejam cidadãos , empresas e governos contra ameaças cada vez mais sofisticadas e globais .
é	AUX	0	13	15	0	A colaboração entre setores público e privado é indispensável , pois apenas com esforços conjuntos é possível criar estratégias abrangentes que protejam cidadãos , empresas e governos contra ameaças cada vez mais sofisticadas e globais .
possível	ADJ	0	13	16	0	A colaboração entre setores público e privado é indispensável , pois apenas com esforços conjuntos é possível criar estratégias abrangentes que protejam cidadãos , empresas e governos contra ameaças cada vez mais sofisticadas e globais .
criar	VERB	0	13	17	0	A colaboração entre setores público e privado é indispensável , pois apenas com esforços conjuntos é possível criar estratégias abrangentes que protejam cidadãos , empresas e governos contra ameaças cada vez mais sofisticadas e globais .
estratégias	NOUN	0	13	18	0	A colaboração entre setores público e privado é indispensável , pois apenas com esforços conjuntos é possível criar estratégias abrangentes que protejam cidadãos , empresas e governos contra ameaças cada vez mais sofisticadas e globais .
abrangentes	ADJ	1	13	19	0	A colaboração entre setores público e privado é indispensável , pois apenas com esforços conjuntos é possível criar estratégias abrangentes que protejam cidadãos , empresas e governos contra ameaças cada vez mais sofisticadas e globais .
que	PRON	0	13	20	0	A colaboração entre setores público e privado é indispensável , pois apenas com esforços conjuntos é possível criar estratégias abrangentes que protejam cidadãos , empresas e governos contra ameaças cada vez mais sofisticadas e globais .
protejam	VERB	1	13	21	0	A colaboração entre setores público e privado é indispensável , pois apenas com esforços conjuntos é possível criar estratégias abrangentes que protejam cidadãos , empresas e governos contra ameaças cada vez mais sofisticadas e globais .
cidadãos	NOUN	0	13	22	0	A colaboração entre setores público e privado é indispensável , pois apenas com esforços conjuntos é possível criar estratégias abrangentes que protejam cidadãos , empresas e governos contra ameaças cada vez mais sofisticadas e globais .
,	PUNCT	0	13	23	0	A colaboração entre setores público e privado é indispensável , pois apenas com esforços conjuntos é possível criar estratégias abrangentes que protejam cidadãos , empresas e governos contra ameaças cada vez mais sofisticadas e globais .
empresas	NOUN	0	13	24	0	A colaboração entre setores público e privado é indispensável , pois apenas com esforços conjuntos é possível criar estratégias abrangentes que protejam cidadãos , empresas e governos contra ameaças cada vez mais sofisticadas e globais .
e	CCONJ	0	13	25	0	A colaboração entre setores público e privado é indispensável , pois apenas com esforços conjuntos é possível criar estratégias abrangentes que protejam cidadãos , empresas e governos contra ameaças cada vez mais sofisticadas e globais .
governos	NOUN	0	13	26	0	A colaboração entre setores público e privado é indispensável , pois apenas com esforços conjuntos é possível criar estratégias abrangentes que protejam cidadãos , empresas e governos contra ameaças cada vez mais sofisticadas e globais .
contra	ADP	0	13	27	0	A colaboração entre setores público e privado é indispensável , pois apenas com esforços conjuntos é possível criar estratégias abrangentes que protejam cidadãos , empresas e governos contra ameaças cada vez mais sofisticadas e globais .
ameaças	NOUN	0	13	28	0	A colaboração entre setores público e privado é indispensável , pois apenas com esforços conjuntos é possível criar estratégias abrangentes que protejam cidadãos , empresas e governos contra ameaças cada vez mais sofisticadas e globais .
cada	ADP	0	13	29	0	A colaboração entre setores público e privado é indispensável , pois apenas com esforços conjuntos é possível criar estratégias abrangentes que protejam cidadãos , empresas e governos contra ameaças cada vez mais sofisticadas e globais .
vez	ADP	0	13	30	0	A colaboração entre setores público e privado é indispensável , pois apenas com esforços conjuntos é possível criar estratégias abrangentes que protejam cidadãos , empresas e governos contra ameaças cada vez mais sofisticadas e globais .
mais	NOUN	0	13	31	0	A colaboração entre setores público e privado é indispensável , pois apenas com esforços conjuntos é possível criar estratégias abrangentes que protejam cidadãos , empresas e governos contra ameaças cada vez mais sofisticadas e globais .
sofisticadas	ADJ	1	13	32	0	A colaboração entre setores público e privado é indispensável , pois apenas com esforços conjuntos é possível criar estratégias abrangentes que protejam cidadãos , empresas e governos contra ameaças cada vez mais sofisticadas e globais .
e	CCONJ	0	13	33	0	A colaboração entre setores público e privado é indispensável , pois apenas com esforços conjuntos é possível criar estratégias abrangentes que protejam cidadãos , empresas e governos contra ameaças cada vez mais sofisticadas e globais .
globais	ADJ	0	13	34	0	A colaboração entre setores público e privado é indispensável , pois apenas com esforços conjuntos é possível criar estratégias abrangentes que protejam cidadãos , empresas e governos contra ameaças cada vez mais sofisticadas e globais .
.	PUNCT	0	13	35	0	A colaboração entre setores público e privado é indispensável , pois apenas com esforços conjuntos é possível criar estratégias abrangentes que protejam cidadãos , empresas e governos contra ameaças cada vez mais sofisticadas e globais .
12	['DET', 'NOUN', 'ADP', 'NOUN', 'ADJ', 'CCONJ', 'ADJ', 'AUX', 'ADJ', 'PUNCT', 'SCONJ', 'ADV', 'ADP', 'NOUN', 'ADJ', 'AUX', 'ADJ', 'VERB', 'NOUN', 'ADJ', 'PRON', 'VERB', 'NOUN', 'PUNCT', 'NOUN', 'CCONJ', 'NOUN', 'ADP', 'NOUN', 'ADP', 'ADP', 'NOUN', 'ADJ', 'CCONJ', 'ADJ', 'PUNCT']	[0, 0, 0, 0, 0, 0, 0, 0, 1, 0, 0, 0, 0, 0, 0, 0, 0, 0, 0, 1, 0, 1, 0, 0, 0, 0, 0, 0, 0, 0, 0, 0, 1, 0, 0, 0]	13	12	1	A colaboração entre setores público e privado é indispensável , pois apenas com esforços conjuntos é possível criar estratégias abrangentes que protejam cidadãos , empresas e governos contra ameaças cada vez mais sofisticadas e globais .
A	DET	0	14	0	0	A confiança no ambiente digital depende diretamente da segurança cibernética , pois sem ela não seria possível realizar transações bancárias online , compartilhar informações confidenciais ou desenvolver inovações tecnológicas em escala global .
confiança	NOUN	0	14	1	0	A confiança no ambiente digital depende diretamente da segurança cibernética , pois sem ela não seria possível realizar transações bancárias online , compartilhar informações confidenciais ou desenvolver inovações tecnológicas em escala global .
no	ADP	0	14	2	0	A confiança no ambiente digital depende diretamente da segurança cibernética , pois sem ela não seria possível realizar transações bancárias online , compartilhar informações confidenciais ou desenvolver inovações tecnológicas em escala global .
ambiente	NOUN	0	14	3	0	A confiança no ambiente digital depende diretamente da segurança cibernética , pois sem ela não seria possível realizar transações bancárias online , compartilhar informações confidenciais ou desenvolver inovações tecnológicas em escala global .
digital	ADJ	0	14	4	0	A confiança no ambiente digital depende diretamente da segurança cibernética , pois sem ela não seria possível realizar transações bancárias online , compartilhar informações confidenciais ou desenvolver inovações tecnológicas em escala global .
depende	VERB	0	14	5	0	A confiança no ambiente digital depende diretamente da segurança cibernética , pois sem ela não seria possível realizar transações bancárias online , compartilhar informações confidenciais ou desenvolver inovações tecnológicas em escala global .
diretamente	ADV	0	14	6	0	A confiança no ambiente digital depende diretamente da segurança cibernética , pois sem ela não seria possível realizar transações bancárias online , compartilhar informações confidenciais ou desenvolver inovações tecnológicas em escala global .
da	ADP	0	14	7	0	A confiança no ambiente digital depende diretamente da segurança cibernética , pois sem ela não seria possível realizar transações bancárias online , compartilhar informações confidenciais ou desenvolver inovações tecnológicas em escala global .
segurança	NOUN	0	14	8	0	A confiança no ambiente digital depende diretamente da segurança cibernética , pois sem ela não seria possível realizar transações bancárias online , compartilhar informações confidenciais ou desenvolver inovações tecnológicas em escala global .
cibernética	ADJ	1	14	9	0	A confiança no ambiente digital depende diretamente da segurança cibernética , pois sem ela não seria possível realizar transações bancárias online , compartilhar informações confidenciais ou desenvolver inovações tecnológicas em escala global .
,	PUNCT	0	14	10	0	A confiança no ambiente digital depende diretamente da segurança cibernética , pois sem ela não seria possível realizar transações bancárias online , compartilhar informações confidenciais ou desenvolver inovações tecnológicas em escala global .
pois	SCONJ	0	14	11	0	A confiança no ambiente digital depende diretamente da segurança cibernética , pois sem ela não seria possível realizar transações bancárias online , compartilhar informações confidenciais ou desenvolver inovações tecnológicas em escala global .
sem	ADP	0	14	12	0	A confiança no ambiente digital depende diretamente da segurança cibernética , pois sem ela não seria possível realizar transações bancárias online , compartilhar informações confidenciais ou desenvolver inovações tecnológicas em escala global .
ela	PRON	0	14	13	0	A confiança no ambiente digital depende diretamente da segurança cibernética , pois sem ela não seria possível realizar transações bancárias online , compartilhar informações confidenciais ou desenvolver inovações tecnológicas em escala global .
não	ADV	0	14	14	0	A confiança no ambiente digital depende diretamente da segurança cibernética , pois sem ela não seria possível realizar transações bancárias online , compartilhar informações confidenciais ou desenvolver inovações tecnológicas em escala global .
seria	AUX	0	14	15	0	A confiança no ambiente digital depende diretamente da segurança cibernética , pois sem ela não seria possível realizar transações bancárias online , compartilhar informações confidenciais ou desenvolver inovações tecnológicas em escala global .
possível	ADJ	0	14	16	0	A confiança no ambiente digital depende diretamente da segurança cibernética , pois sem ela não seria possível realizar transações bancárias online , compartilhar informações confidenciais ou desenvolver inovações tecnológicas em escala global .
realizar	VERB	0	14	17	0	A confiança no ambiente digital depende diretamente da segurança cibernética , pois sem ela não seria possível realizar transações bancárias online , compartilhar informações confidenciais ou desenvolver inovações tecnológicas em escala global .
transações	NOUN	0	14	18	0	A confiança no ambiente digital depende diretamente da segurança cibernética , pois sem ela não seria possível realizar transações bancárias online , compartilhar informações confidenciais ou desenvolver inovações tecnológicas em escala global .
bancárias	ADJ	1	14	19	0	A confiança no ambiente digital depende diretamente da segurança cibernética , pois sem ela não seria possível realizar transações bancárias online , compartilhar informações confidenciais ou desenvolver inovações tecnológicas em escala global .
online	PROPN	0	14	20	0	A confiança no ambiente digital depende diretamente da segurança cibernética , pois sem ela não seria possível realizar transações bancárias online , compartilhar informações confidenciais ou desenvolver inovações tecnológicas em escala global .
,	PUNCT	0	14	21	0	A confiança no ambiente digital depende diretamente da segurança cibernética , pois sem ela não seria possível realizar transações bancárias online , compartilhar informações confidenciais ou desenvolver inovações tecnológicas em escala global .
compartilhar	VERB	0	14	22	0	A confiança no ambiente digital depende diretamente da segurança cibernética , pois sem ela não seria possível realizar transações bancárias online , compartilhar informações confidenciais ou desenvolver inovações tecnológicas em escala global .
informações	NOUN	0	14	23	0	A confiança no ambiente digital depende diretamente da segurança cibernética , pois sem ela não seria possível realizar transações bancárias online , compartilhar informações confidenciais ou desenvolver inovações tecnológicas em escala global .
confidenciais	ADJ	1	14	24	0	A confiança no ambiente digital depende diretamente da segurança cibernética , pois sem ela não seria possível realizar transações bancárias online , compartilhar informações confidenciais ou desenvolver inovações tecnológicas em escala global .
ou	CCONJ	0	14	25	0	A confiança no ambiente digital depende diretamente da segurança cibernética , pois sem ela não seria possível realizar transações bancárias online , compartilhar informações confidenciais ou desenvolver inovações tecnológicas em escala global .
desenvolver	VERB	0	14	26	0	A confiança no ambiente digital depende diretamente da segurança cibernética , pois sem ela não seria possível realizar transações bancárias online , compartilhar informações confidenciais ou desenvolver inovações tecnológicas em escala global .
inovações	NOUN	0	14	27	0	A confiança no ambiente digital depende diretamente da segurança cibernética , pois sem ela não seria possível realizar transações bancárias online , compartilhar informações confidenciais ou desenvolver inovações tecnológicas em escala global .
tecnológicas	ADJ	1	14	28	0	A confiança no ambiente digital depende diretamente da segurança cibernética , pois sem ela não seria possível realizar transações bancárias online , compartilhar informações confidenciais ou desenvolver inovações tecnológicas em escala global .
em	ADP	0	14	29	0	A confiança no ambiente digital depende diretamente da segurança cibernética , pois sem ela não seria possível realizar transações bancárias online , compartilhar informações confidenciais ou desenvolver inovações tecnológicas em escala global .
escala	NOUN	0	14	30	0	A confiança no ambiente digital depende diretamente da segurança cibernética , pois sem ela não seria possível realizar transações bancárias online , compartilhar informações confidenciais ou desenvolver inovações tecnológicas em escala global .
global	ADJ	0	14	31	0	A confiança no ambiente digital depende diretamente da segurança cibernética , pois sem ela não seria possível realizar transações bancárias online , compartilhar informações confidenciais ou desenvolver inovações tecnológicas em escala global .
.	PUNCT	0	14	32	0	A confiança no ambiente digital depende diretamente da segurança cibernética , pois sem ela não seria possível realizar transações bancárias online , compartilhar informações confidenciais ou desenvolver inovações tecnológicas em escala global .
13	['DET', 'NOUN', 'ADP', 'NOUN', 'ADJ', 'VERB', 'ADV', 'ADP', 'NOUN', 'ADJ', 'PUNCT', 'SCONJ', 'ADP', 'PRON', 'ADV', 'AUX', 'ADJ', 'VERB', 'NOUN', 'ADJ', 'PROPN', 'PUNCT', 'VERB', 'NOUN', 'ADJ', 'CCONJ', 'VERB', 'NOUN', 'ADJ', 'ADP', 'NOUN', 'ADJ', 'PUNCT']	[0, 0, 0, 0, 0, 0, 0, 0, 0, 1, 0, 0, 0, 0, 0, 0, 0, 0, 0, 1, 0, 0, 0, 0, 1, 0, 0, 0, 1, 0, 0, 0, 0]	14	13	1	A confiança no ambiente digital depende diretamente da segurança cibernética , pois sem ela não seria possível realizar transações bancárias online , compartilhar informações confidenciais ou desenvolver inovações tecnológicas em escala global .
Investir	VERB	1	15	0	0	Investir em segurança digital é investir no futuro , garantindo que a sociedade possa usufruir dos benefícios da tecnologia sem estar constantemente vulnerável a ataques que podem comprometer vidas , negócios e governos .
em	ADP	0	15	1	0	Investir em segurança digital é investir no futuro , garantindo que a sociedade possa usufruir dos benefícios da tecnologia sem estar constantemente vulnerável a ataques que podem comprometer vidas , negócios e governos .
segurança	NOUN	0	15	2	0	Investir em segurança digital é investir no futuro , garantindo que a sociedade possa usufruir dos benefícios da tecnologia sem estar constantemente vulnerável a ataques que podem comprometer vidas , negócios e governos .
digital	ADJ	0	15	3	0	Investir em segurança digital é investir no futuro , garantindo que a sociedade possa usufruir dos benefícios da tecnologia sem estar constantemente vulnerável a ataques que podem comprometer vidas , negócios e governos .
é	AUX	0	15	4	0	Investir em segurança digital é investir no futuro , garantindo que a sociedade possa usufruir dos benefícios da tecnologia sem estar constantemente vulnerável a ataques que podem comprometer vidas , negócios e governos .
investir	VERB	0	15	5	0	Investir em segurança digital é investir no futuro , garantindo que a sociedade possa usufruir dos benefícios da tecnologia sem estar constantemente vulnerável a ataques que podem comprometer vidas , negócios e governos .
no	ADP	0	15	6	0	Investir em segurança digital é investir no futuro , garantindo que a sociedade possa usufruir dos benefícios da tecnologia sem estar constantemente vulnerável a ataques que podem comprometer vidas , negócios e governos .
futuro	NOUN	0	15	7	0	Investir em segurança digital é investir no futuro , garantindo que a sociedade possa usufruir dos benefícios da tecnologia sem estar constantemente vulnerável a ataques que podem comprometer vidas , negócios e governos .
,	PUNCT	0	15	8	0	Investir em segurança digital é investir no futuro , garantindo que a sociedade possa usufruir dos benefícios da tecnologia sem estar constantemente vulnerável a ataques que podem comprometer vidas , negócios e governos .
garantindo	VERB	0	15	9	0	Investir em segurança digital é investir no futuro , garantindo que a sociedade possa usufruir dos benefícios da tecnologia sem estar constantemente vulnerável a ataques que podem comprometer vidas , negócios e governos .
que	SCONJ	0	15	10	0	Investir em segurança digital é investir no futuro , garantindo que a sociedade possa usufruir dos benefícios da tecnologia sem estar constantemente vulnerável a ataques que podem comprometer vidas , negócios e governos .
a	DET	0	15	11	0	Investir em segurança digital é investir no futuro , garantindo que a sociedade possa usufruir dos benefícios da tecnologia sem estar constantemente vulnerável a ataques que podem comprometer vidas , negócios e governos .
sociedade	NOUN	0	15	12	0	Investir em segurança digital é investir no futuro , garantindo que a sociedade possa usufruir dos benefícios da tecnologia sem estar constantemente vulnerável a ataques que podem comprometer vidas , negócios e governos .
possa	VERB	0	15	13	0	Investir em segurança digital é investir no futuro , garantindo que a sociedade possa usufruir dos benefícios da tecnologia sem estar constantemente vulnerável a ataques que podem comprometer vidas , negócios e governos .
usufruir	VERB	1	15	14	0	Investir em segurança digital é investir no futuro , garantindo que a sociedade possa usufruir dos benefícios da tecnologia sem estar constantemente vulnerável a ataques que podem comprometer vidas , negócios e governos .
dos	ADP	0	15	15	0	Investir em segurança digital é investir no futuro , garantindo que a sociedade possa usufruir dos benefícios da tecnologia sem estar constantemente vulnerável a ataques que podem comprometer vidas , negócios e governos .
benefícios	NOUN	0	15	16	0	Investir em segurança digital é investir no futuro , garantindo que a sociedade possa usufruir dos benefícios da tecnologia sem estar constantemente vulnerável a ataques que podem comprometer vidas , negócios e governos .
da	ADP	0	15	17	0	Investir em segurança digital é investir no futuro , garantindo que a sociedade possa usufruir dos benefícios da tecnologia sem estar constantemente vulnerável a ataques que podem comprometer vidas , negócios e governos .
tecnologia	NOUN	0	15	18	0	Investir em segurança digital é investir no futuro , garantindo que a sociedade possa usufruir dos benefícios da tecnologia sem estar constantemente vulnerável a ataques que podem comprometer vidas , negócios e governos .
sem	SCONJ	0	15	19	0	Investir em segurança digital é investir no futuro , garantindo que a sociedade possa usufruir dos benefícios da tecnologia sem estar constantemente vulnerável a ataques que podem comprometer vidas , negócios e governos .
estar	AUX	0	15	20	0	Investir em segurança digital é investir no futuro , garantindo que a sociedade possa usufruir dos benefícios da tecnologia sem estar constantemente vulnerável a ataques que podem comprometer vidas , negócios e governos .
constantemente	ADV	0	15	21	0	Investir em segurança digital é investir no futuro , garantindo que a sociedade possa usufruir dos benefícios da tecnologia sem estar constantemente vulnerável a ataques que podem comprometer vidas , negócios e governos .
vulnerável	ADJ	1	15	22	0	Investir em segurança digital é investir no futuro , garantindo que a sociedade possa usufruir dos benefícios da tecnologia sem estar constantemente vulnerável a ataques que podem comprometer vidas , negócios e governos .
a	ADP	0	15	23	0	Investir em segurança digital é investir no futuro , garantindo que a sociedade possa usufruir dos benefícios da tecnologia sem estar constantemente vulnerável a ataques que podem comprometer vidas , negócios e governos .
ataques	NOUN	0	15	24	0	Investir em segurança digital é investir no futuro , garantindo que a sociedade possa usufruir dos benefícios da tecnologia sem estar constantemente vulnerável a ataques que podem comprometer vidas , negócios e governos .
que	PRON	0	15	25	0	Investir em segurança digital é investir no futuro , garantindo que a sociedade possa usufruir dos benefícios da tecnologia sem estar constantemente vulnerável a ataques que podem comprometer vidas , negócios e governos .
podem	VERB	0	15	26	0	Investir em segurança digital é investir no futuro , garantindo que a sociedade possa usufruir dos benefícios da tecnologia sem estar constantemente vulnerável a ataques que podem comprometer vidas , negócios e governos .
comprometer	VERB	1	15	27	0	Investir em segurança digital é investir no futuro , garantindo que a sociedade possa usufruir dos benefícios da tecnologia sem estar constantemente vulnerável a ataques que podem comprometer vidas , negócios e governos .
vidas	NOUN	0	15	28	0	Investir em segurança digital é investir no futuro , garantindo que a sociedade possa usufruir dos benefícios da tecnologia sem estar constantemente vulnerável a ataques que podem comprometer vidas , negócios e governos .
,	PUNCT	0	15	29	0	Investir em segurança digital é investir no futuro , garantindo que a sociedade possa usufruir dos benefícios da tecnologia sem estar constantemente vulnerável a ataques que podem comprometer vidas , negócios e governos .
negócios	NOUN	0	15	30	0	Investir em segurança digital é investir no futuro , garantindo que a sociedade possa usufruir dos benefícios da tecnologia sem estar constantemente vulnerável a ataques que podem comprometer vidas , negócios e governos .
e	CCONJ	0	15	31	0	Investir em segurança digital é investir no futuro , garantindo que a sociedade possa usufruir dos benefícios da tecnologia sem estar constantemente vulnerável a ataques que podem comprometer vidas , negócios e governos .
governos	NOUN	0	15	32	0	Investir em segurança digital é investir no futuro , garantindo que a sociedade possa usufruir dos benefícios da tecnologia sem estar constantemente vulnerável a ataques que podem comprometer vidas , negócios e governos .
.	PUNCT	0	15	33	0	Investir em segurança digital é investir no futuro , garantindo que a sociedade possa usufruir dos benefícios da tecnologia sem estar constantemente vulnerável a ataques que podem comprometer vidas , negócios e governos .
14	['VERB', 'ADP', 'NOUN', 'ADJ', 'AUX', 'VERB', 'ADP', 'NOUN', 'PUNCT', 'VERB', 'SCONJ', 'DET', 'NOUN', 'VERB', 'VERB', 'ADP', 'NOUN', 'ADP', 'NOUN', 'SCONJ', 'AUX', 'ADV', 'ADJ', 'ADP', 'NOUN', 'PRON', 'VERB', 'VERB', 'NOUN', 'PUNCT', 'NOUN', 'CCONJ', 'NOUN', 'PUNCT']	[1, 0, 0, 0, 0, 0, 0, 0, 0, 0, 0, 0, 0, 0, 1, 0, 0, 0, 0, 0, 0, 0, 1, 0, 0, 0, 0, 1, 0, 0, 0, 0, 0, 0]	15	14	1	Investir em segurança digital é investir no futuro , garantindo que a sociedade possa usufruir dos benefícios da tecnologia sem estar constantemente vulnerável a ataques que podem comprometer vidas , negócios e governos .
A	DET	0	16	0	0	A cultura de segurança deve ser incorporada em todos os níveis da sociedade , desde escolas que ensinam boas práticas digitais até empresas que treinam seus funcionários para receber e evitar ameaças .
cultura	NOUN	0	16	1	0	A cultura de segurança deve ser incorporada em todos os níveis da sociedade , desde escolas que ensinam boas práticas digitais até empresas que treinam seus funcionários para receber e evitar ameaças .
de	ADP	0	16	2	0	A cultura de segurança deve ser incorporada em todos os níveis da sociedade , desde escolas que ensinam boas práticas digitais até empresas que treinam seus funcionários para receber e evitar ameaças .
segurança	NOUN	0	16	3	0	A cultura de segurança deve ser incorporada em todos os níveis da sociedade , desde escolas que ensinam boas práticas digitais até empresas que treinam seus funcionários para receber e evitar ameaças .
deve	VERB	0	16	4	0	A cultura de segurança deve ser incorporada em todos os níveis da sociedade , desde escolas que ensinam boas práticas digitais até empresas que treinam seus funcionários para receber e evitar ameaças .
ser	AUX	0	16	5	0	A cultura de segurança deve ser incorporada em todos os níveis da sociedade , desde escolas que ensinam boas práticas digitais até empresas que treinam seus funcionários para receber e evitar ameaças .
incorporada	VERB	0	16	6	0	A cultura de segurança deve ser incorporada em todos os níveis da sociedade , desde escolas que ensinam boas práticas digitais até empresas que treinam seus funcionários para receber e evitar ameaças .
em	ADP	0	16	7	0	A cultura de segurança deve ser incorporada em todos os níveis da sociedade , desde escolas que ensinam boas práticas digitais até empresas que treinam seus funcionários para receber e evitar ameaças .
todos	DET	0	16	8	0	A cultura de segurança deve ser incorporada em todos os níveis da sociedade , desde escolas que ensinam boas práticas digitais até empresas que treinam seus funcionários para receber e evitar ameaças .
os	DET	0	16	9	0	A cultura de segurança deve ser incorporada em todos os níveis da sociedade , desde escolas que ensinam boas práticas digitais até empresas que treinam seus funcionários para receber e evitar ameaças .
níveis	NOUN	0	16	10	0	A cultura de segurança deve ser incorporada em todos os níveis da sociedade , desde escolas que ensinam boas práticas digitais até empresas que treinam seus funcionários para receber e evitar ameaças .
da	ADP	0	16	11	0	A cultura de segurança deve ser incorporada em todos os níveis da sociedade , desde escolas que ensinam boas práticas digitais até empresas que treinam seus funcionários para receber e evitar ameaças .
sociedade	NOUN	0	16	12	0	A cultura de segurança deve ser incorporada em todos os níveis da sociedade , desde escolas que ensinam boas práticas digitais até empresas que treinam seus funcionários para receber e evitar ameaças .
,	PUNCT	0	16	13	0	A cultura de segurança deve ser incorporada em todos os níveis da sociedade , desde escolas que ensinam boas práticas digitais até empresas que treinam seus funcionários para receber e evitar ameaças .
desde	ADP	0	16	14	0	A cultura de segurança deve ser incorporada em todos os níveis da sociedade , desde escolas que ensinam boas práticas digitais até empresas que treinam seus funcionários para receber e evitar ameaças .
escolas	NOUN	0	16	15	0	A cultura de segurança deve ser incorporada em todos os níveis da sociedade , desde escolas que ensinam boas práticas digitais até empresas que treinam seus funcionários para receber e evitar ameaças .
que	PRON	0	16	16	0	A cultura de segurança deve ser incorporada em todos os níveis da sociedade , desde escolas que ensinam boas práticas digitais até empresas que treinam seus funcionários para receber e evitar ameaças .
ensinam	VERB	1	16	17	0	A cultura de segurança deve ser incorporada em todos os níveis da sociedade , desde escolas que ensinam boas práticas digitais até empresas que treinam seus funcionários para receber e evitar ameaças .
boas	ADJ	0	16	18	0	A cultura de segurança deve ser incorporada em todos os níveis da sociedade , desde escolas que ensinam boas práticas digitais até empresas que treinam seus funcionários para receber e evitar ameaças .
práticas	NOUN	0	16	19	0	A cultura de segurança deve ser incorporada em todos os níveis da sociedade , desde escolas que ensinam boas práticas digitais até empresas que treinam seus funcionários para receber e evitar ameaças .
digitais	ADJ	0	16	20	0	A cultura de segurança deve ser incorporada em todos os níveis da sociedade , desde escolas que ensinam boas práticas digitais até empresas que treinam seus funcionários para receber e evitar ameaças .
até	ADP	0	16	21	0	A cultura de segurança deve ser incorporada em todos os níveis da sociedade , desde escolas que ensinam boas práticas digitais até empresas que treinam seus funcionários para receber e evitar ameaças .
empresas	NOUN	0	16	22	0	A cultura de segurança deve ser incorporada em todos os níveis da sociedade , desde escolas que ensinam boas práticas digitais até empresas que treinam seus funcionários para receber e evitar ameaças .
que	PRON	0	16	23	0	A cultura de segurança deve ser incorporada em todos os níveis da sociedade , desde escolas que ensinam boas práticas digitais até empresas que treinam seus funcionários para receber e evitar ameaças .
treinam	VERB	1	16	24	0	A cultura de segurança deve ser incorporada em todos os níveis da sociedade , desde escolas que ensinam boas práticas digitais até empresas que treinam seus funcionários para receber e evitar ameaças .
seus	DET	0	16	25	0	A cultura de segurança deve ser incorporada em todos os níveis da sociedade , desde escolas que ensinam boas práticas digitais até empresas que treinam seus funcionários para receber e evitar ameaças .
funcionários	NOUN	0	16	26	0	A cultura de segurança deve ser incorporada em todos os níveis da sociedade , desde escolas que ensinam boas práticas digitais até empresas que treinam seus funcionários para receber e evitar ameaças .
para	SCONJ	0	16	27	0	A cultura de segurança deve ser incorporada em todos os níveis da sociedade , desde escolas que ensinam boas práticas digitais até empresas que treinam seus funcionários para receber e evitar ameaças .
receber	VERB	0	16	28	0	A cultura de segurança deve ser incorporada em todos os níveis da sociedade , desde escolas que ensinam boas práticas digitais até empresas que treinam seus funcionários para receber e evitar ameaças .
e	CCONJ	0	16	29	0	A cultura de segurança deve ser incorporada em todos os níveis da sociedade , desde escolas que ensinam boas práticas digitais até empresas que treinam seus funcionários para receber e evitar ameaças .
evitar	VERB	0	16	30	0	A cultura de segurança deve ser incorporada em todos os níveis da sociedade , desde escolas que ensinam boas práticas digitais até empresas que treinam seus funcionários para receber e evitar ameaças .
ameaças	NOUN	0	16	31	0	A cultura de segurança deve ser incorporada em todos os níveis da sociedade , desde escolas que ensinam boas práticas digitais até empresas que treinam seus funcionários para receber e evitar ameaças .
.	PUNCT	0	16	32	0	A cultura de segurança deve ser incorporada em todos os níveis da sociedade , desde escolas que ensinam boas práticas digitais até empresas que treinam seus funcionários para receber e evitar ameaças .
15	['DET', 'NOUN', 'ADP', 'NOUN', 'VERB', 'AUX', 'VERB', 'ADP', 'DET', 'DET', 'NOUN', 'ADP', 'NOUN', 'PUNCT', 'ADP', 'NOUN', 'PRON', 'VERB', 'ADJ', 'NOUN', 'ADJ', 'ADP', 'NOUN', 'PRON', 'VERB', 'DET', 'NOUN', 'SCONJ', 'VERB', 'CCONJ', 'VERB', 'NOUN', 'PUNCT']	[0, 0, 0, 0, 0, 0, 0, 0, 0, 0, 0, 0, 0, 0, 0, 0, 0, 1, 0, 0, 0, 0, 0, 0, 1, 0, 0, 0, 0, 0, 0, 0, 0]	16	15	1	A cultura de segurança deve ser incorporada em todos os níveis da sociedade , desde escolas que ensinam boas práticas digitais até empresas que treinam seus funcionários para receber e evitar ameaças .
A	DET	0	17	0	0	A engenharia social continua sendo uma das maiores armas dos criminosos , explorando a ingenuidade ou distração das pessoas para obter acesso a informações valiosas , mostrando que a segurança depende tanto de comportamento quanto de tecnologia .
engenharia	NOUN	0	17	1	0	A engenharia social continua sendo uma das maiores armas dos criminosos , explorando a ingenuidade ou distração das pessoas para obter acesso a informações valiosas , mostrando que a segurança depende tanto de comportamento quanto de tecnologia .
social	ADJ	0	17	2	0	A engenharia social continua sendo uma das maiores armas dos criminosos , explorando a ingenuidade ou distração das pessoas para obter acesso a informações valiosas , mostrando que a segurança depende tanto de comportamento quanto de tecnologia .
continua	VERB	0	17	3	0	A engenharia social continua sendo uma das maiores armas dos criminosos , explorando a ingenuidade ou distração das pessoas para obter acesso a informações valiosas , mostrando que a segurança depende tanto de comportamento quanto de tecnologia .
sendo	AUX	0	17	4	0	A engenharia social continua sendo uma das maiores armas dos criminosos , explorando a ingenuidade ou distração das pessoas para obter acesso a informações valiosas , mostrando que a segurança depende tanto de comportamento quanto de tecnologia .
uma	NUM	0	17	5	0	A engenharia social continua sendo uma das maiores armas dos criminosos , explorando a ingenuidade ou distração das pessoas para obter acesso a informações valiosas , mostrando que a segurança depende tanto de comportamento quanto de tecnologia .
das	ADP	0	17	6	0	A engenharia social continua sendo uma das maiores armas dos criminosos , explorando a ingenuidade ou distração das pessoas para obter acesso a informações valiosas , mostrando que a segurança depende tanto de comportamento quanto de tecnologia .
maiores	ADJ	0	17	7	0	A engenharia social continua sendo uma das maiores armas dos criminosos , explorando a ingenuidade ou distração das pessoas para obter acesso a informações valiosas , mostrando que a segurança depende tanto de comportamento quanto de tecnologia .
armas	NOUN	0	17	8	0	A engenharia social continua sendo uma das maiores armas dos criminosos , explorando a ingenuidade ou distração das pessoas para obter acesso a informações valiosas , mostrando que a segurança depende tanto de comportamento quanto de tecnologia .
dos	ADP	0	17	9	0	A engenharia social continua sendo uma das maiores armas dos criminosos , explorando a ingenuidade ou distração das pessoas para obter acesso a informações valiosas , mostrando que a segurança depende tanto de comportamento quanto de tecnologia .
criminosos	NOUN	0	17	10	0	A engenharia social continua sendo uma das maiores armas dos criminosos , explorando a ingenuidade ou distração das pessoas para obter acesso a informações valiosas , mostrando que a segurança depende tanto de comportamento quanto de tecnologia .
,	PUNCT	0	17	11	0	A engenharia social continua sendo uma das maiores armas dos criminosos , explorando a ingenuidade ou distração das pessoas para obter acesso a informações valiosas , mostrando que a segurança depende tanto de comportamento quanto de tecnologia .
explorando	VERB	1	17	12	0	A engenharia social continua sendo uma das maiores armas dos criminosos , explorando a ingenuidade ou distração das pessoas para obter acesso a informações valiosas , mostrando que a segurança depende tanto de comportamento quanto de tecnologia .
a	DET	0	17	13	0	A engenharia social continua sendo uma das maiores armas dos criminosos , explorando a ingenuidade ou distração das pessoas para obter acesso a informações valiosas , mostrando que a segurança depende tanto de comportamento quanto de tecnologia .
ingenuidade	NOUN	1	17	14	0	A engenharia social continua sendo uma das maiores armas dos criminosos , explorando a ingenuidade ou distração das pessoas para obter acesso a informações valiosas , mostrando que a segurança depende tanto de comportamento quanto de tecnologia .
ou	CCONJ	0	17	15	0	A engenharia social continua sendo uma das maiores armas dos criminosos , explorando a ingenuidade ou distração das pessoas para obter acesso a informações valiosas , mostrando que a segurança depende tanto de comportamento quanto de tecnologia .
distração	NOUN	1	17	16	0	A engenharia social continua sendo uma das maiores armas dos criminosos , explorando a ingenuidade ou distração das pessoas para obter acesso a informações valiosas , mostrando que a segurança depende tanto de comportamento quanto de tecnologia .
das	ADP	0	17	17	0	A engenharia social continua sendo uma das maiores armas dos criminosos , explorando a ingenuidade ou distração das pessoas para obter acesso a informações valiosas , mostrando que a segurança depende tanto de comportamento quanto de tecnologia .
pessoas	NOUN	0	17	18	0	A engenharia social continua sendo uma das maiores armas dos criminosos , explorando a ingenuidade ou distração das pessoas para obter acesso a informações valiosas , mostrando que a segurança depende tanto de comportamento quanto de tecnologia .
para	SCONJ	0	17	19	0	A engenharia social continua sendo uma das maiores armas dos criminosos , explorando a ingenuidade ou distração das pessoas para obter acesso a informações valiosas , mostrando que a segurança depende tanto de comportamento quanto de tecnologia .
obter	VERB	0	17	20	0	A engenharia social continua sendo uma das maiores armas dos criminosos , explorando a ingenuidade ou distração das pessoas para obter acesso a informações valiosas , mostrando que a segurança depende tanto de comportamento quanto de tecnologia .
acesso	NOUN	0	17	21	0	A engenharia social continua sendo uma das maiores armas dos criminosos , explorando a ingenuidade ou distração das pessoas para obter acesso a informações valiosas , mostrando que a segurança depende tanto de comportamento quanto de tecnologia .
a	ADP	0	17	22	0	A engenharia social continua sendo uma das maiores armas dos criminosos , explorando a ingenuidade ou distração das pessoas para obter acesso a informações valiosas , mostrando que a segurança depende tanto de comportamento quanto de tecnologia .
informações	NOUN	0	17	23	0	A engenharia social continua sendo uma das maiores armas dos criminosos , explorando a ingenuidade ou distração das pessoas para obter acesso a informações valiosas , mostrando que a segurança depende tanto de comportamento quanto de tecnologia .
valiosas	ADJ	1	17	24	0	A engenharia social continua sendo uma das maiores armas dos criminosos , explorando a ingenuidade ou distração das pessoas para obter acesso a informações valiosas , mostrando que a segurança depende tanto de comportamento quanto de tecnologia .
,	PUNCT	0	17	25	0	A engenharia social continua sendo uma das maiores armas dos criminosos , explorando a ingenuidade ou distração das pessoas para obter acesso a informações valiosas , mostrando que a segurança depende tanto de comportamento quanto de tecnologia .
mostrando	VERB	0	17	26	0	A engenharia social continua sendo uma das maiores armas dos criminosos , explorando a ingenuidade ou distração das pessoas para obter acesso a informações valiosas , mostrando que a segurança depende tanto de comportamento quanto de tecnologia .
que	SCONJ	0	17	27	0	A engenharia social continua sendo uma das maiores armas dos criminosos , explorando a ingenuidade ou distração das pessoas para obter acesso a informações valiosas , mostrando que a segurança depende tanto de comportamento quanto de tecnologia .
a	DET	0	17	28	0	A engenharia social continua sendo uma das maiores armas dos criminosos , explorando a ingenuidade ou distração das pessoas para obter acesso a informações valiosas , mostrando que a segurança depende tanto de comportamento quanto de tecnologia .
segurança	NOUN	0	17	29	0	A engenharia social continua sendo uma das maiores armas dos criminosos , explorando a ingenuidade ou distração das pessoas para obter acesso a informações valiosas , mostrando que a segurança depende tanto de comportamento quanto de tecnologia .
depende	VERB	0	17	30	0	A engenharia social continua sendo uma das maiores armas dos criminosos , explorando a ingenuidade ou distração das pessoas para obter acesso a informações valiosas , mostrando que a segurança depende tanto de comportamento quanto de tecnologia .
tanto	ADV	0	17	31	0	A engenharia social continua sendo uma das maiores armas dos criminosos , explorando a ingenuidade ou distração das pessoas para obter acesso a informações valiosas , mostrando que a segurança depende tanto de comportamento quanto de tecnologia .
de	ADP	0	17	32	0	A engenharia social continua sendo uma das maiores armas dos criminosos , explorando a ingenuidade ou distração das pessoas para obter acesso a informações valiosas , mostrando que a segurança depende tanto de comportamento quanto de tecnologia .
comportamento	NOUN	0	17	33	0	A engenharia social continua sendo uma das maiores armas dos criminosos , explorando a ingenuidade ou distração das pessoas para obter acesso a informações valiosas , mostrando que a segurança depende tanto de comportamento quanto de tecnologia .
quanto	ADV	0	17	34	0	A engenharia social continua sendo uma das maiores armas dos criminosos , explorando a ingenuidade ou distração das pessoas para obter acesso a informações valiosas , mostrando que a segurança depende tanto de comportamento quanto de tecnologia .
de	ADP	0	17	35	0	A engenharia social continua sendo uma das maiores armas dos criminosos , explorando a ingenuidade ou distração das pessoas para obter acesso a informações valiosas , mostrando que a segurança depende tanto de comportamento quanto de tecnologia .
tecnologia	NOUN	0	17	36	0	A engenharia social continua sendo uma das maiores armas dos criminosos , explorando a ingenuidade ou distração das pessoas para obter acesso a informações valiosas , mostrando que a segurança depende tanto de comportamento quanto de tecnologia .
.	PUNCT	0	17	37	0	A engenharia social continua sendo uma das maiores armas dos criminosos , explorando a ingenuidade ou distração das pessoas para obter acesso a informações valiosas , mostrando que a segurança depende tanto de comportamento quanto de tecnologia .
16	['DET', 'NOUN', 'ADJ', 'VERB', 'AUX', 'NUM', 'ADP', 'ADJ', 'NOUN', 'ADP', 'NOUN', 'PUNCT', 'VERB', 'DET', 'NOUN', 'CCONJ', 'NOUN', 'ADP', 'NOUN', 'SCONJ', 'VERB', 'NOUN', 'ADP', 'NOUN', 'ADJ', 'PUNCT', 'VERB', 'SCONJ', 'DET', 'NOUN', 'VERB', 'ADV', 'ADP', 'NOUN', 'ADV', 'ADP', 'NOUN', 'PUNCT']	[0, 0, 0, 0, 0, 0, 0, 0, 0, 0, 0, 0, 1, 0, 1, 0, 1, 0, 0, 0, 0, 0, 0, 0, 1, 0, 0, 0, 0, 0, 0, 0, 0, 0, 0, 0, 0, 0]	17	16	1	A engenharia social continua sendo uma das maiores armas dos criminosos , explorando a ingenuidade ou distração das pessoas para obter acesso a informações valiosas , mostrando que a segurança depende tanto de comportamento quanto de tecnologia .
O	DET	0	18	0	0	O uso de senhas fortes e únicas para cada serviço é uma prática simples , mas muitas vezes negligenciada , que pode evitar invasões e proteger dados pessoais contra acessos não autorizados .
uso	NOUN	0	18	1	0	O uso de senhas fortes e únicas para cada serviço é uma prática simples , mas muitas vezes negligenciada , que pode evitar invasões e proteger dados pessoais contra acessos não autorizados .
de	ADP	0	18	2	0	O uso de senhas fortes e únicas para cada serviço é uma prática simples , mas muitas vezes negligenciada , que pode evitar invasões e proteger dados pessoais contra acessos não autorizados .
senhas	NOUN	1	18	3	0	O uso de senhas fortes e únicas para cada serviço é uma prática simples , mas muitas vezes negligenciada , que pode evitar invasões e proteger dados pessoais contra acessos não autorizados .
fortes	ADJ	0	18	4	0	O uso de senhas fortes e únicas para cada serviço é uma prática simples , mas muitas vezes negligenciada , que pode evitar invasões e proteger dados pessoais contra acessos não autorizados .
e	CCONJ	0	18	5	0	O uso de senhas fortes e únicas para cada serviço é uma prática simples , mas muitas vezes negligenciada , que pode evitar invasões e proteger dados pessoais contra acessos não autorizados .
únicas	ADJ	0	18	6	0	O uso de senhas fortes e únicas para cada serviço é uma prática simples , mas muitas vezes negligenciada , que pode evitar invasões e proteger dados pessoais contra acessos não autorizados .
para	ADP	0	18	7	0	O uso de senhas fortes e únicas para cada serviço é uma prática simples , mas muitas vezes negligenciada , que pode evitar invasões e proteger dados pessoais contra acessos não autorizados .
cada	DET	0	18	8	0	O uso de senhas fortes e únicas para cada serviço é uma prática simples , mas muitas vezes negligenciada , que pode evitar invasões e proteger dados pessoais contra acessos não autorizados .
serviço	NOUN	0	18	9	0	O uso de senhas fortes e únicas para cada serviço é uma prática simples , mas muitas vezes negligenciada , que pode evitar invasões e proteger dados pessoais contra acessos não autorizados .
é	AUX	0	18	10	0	O uso de senhas fortes e únicas para cada serviço é uma prática simples , mas muitas vezes negligenciada , que pode evitar invasões e proteger dados pessoais contra acessos não autorizados .
uma	DET	0	18	11	0	O uso de senhas fortes e únicas para cada serviço é uma prática simples , mas muitas vezes negligenciada , que pode evitar invasões e proteger dados pessoais contra acessos não autorizados .
prática	NOUN	0	18	12	0	O uso de senhas fortes e únicas para cada serviço é uma prática simples , mas muitas vezes negligenciada , que pode evitar invasões e proteger dados pessoais contra acessos não autorizados .
simples	ADJ	0	18	13	0	O uso de senhas fortes e únicas para cada serviço é uma prática simples , mas muitas vezes negligenciada , que pode evitar invasões e proteger dados pessoais contra acessos não autorizados .
,	PUNCT	0	18	14	0	O uso de senhas fortes e únicas para cada serviço é uma prática simples , mas muitas vezes negligenciada , que pode evitar invasões e proteger dados pessoais contra acessos não autorizados .
mas	CCONJ	0	18	15	0	O uso de senhas fortes e únicas para cada serviço é uma prática simples , mas muitas vezes negligenciada , que pode evitar invasões e proteger dados pessoais contra acessos não autorizados .
muitas	DET	0	18	16	0	O uso de senhas fortes e únicas para cada serviço é uma prática simples , mas muitas vezes negligenciada , que pode evitar invasões e proteger dados pessoais contra acessos não autorizados .
vezes	NOUN	0	18	17	0	O uso de senhas fortes e únicas para cada serviço é uma prática simples , mas muitas vezes negligenciada , que pode evitar invasões e proteger dados pessoais contra acessos não autorizados .
negligenciada	VERB	1	18	18	0	O uso de senhas fortes e únicas para cada serviço é uma prática simples , mas muitas vezes negligenciada , que pode evitar invasões e proteger dados pessoais contra acessos não autorizados .
,	PUNCT	0	18	19	0	O uso de senhas fortes e únicas para cada serviço é uma prática simples , mas muitas vezes negligenciada , que pode evitar invasões e proteger dados pessoais contra acessos não autorizados .
que	PRON	0	18	20	0	O uso de senhas fortes e únicas para cada serviço é uma prática simples , mas muitas vezes negligenciada , que pode evitar invasões e proteger dados pessoais contra acessos não autorizados .
pode	VERB	0	18	21	0	O uso de senhas fortes e únicas para cada serviço é uma prática simples , mas muitas vezes negligenciada , que pode evitar invasões e proteger dados pessoais contra acessos não autorizados .
evitar	VERB	0	18	22	0	O uso de senhas fortes e únicas para cada serviço é uma prática simples , mas muitas vezes negligenciada , que pode evitar invasões e proteger dados pessoais contra acessos não autorizados .
invasões	NOUN	0	18	23	0	O uso de senhas fortes e únicas para cada serviço é uma prática simples , mas muitas vezes negligenciada , que pode evitar invasões e proteger dados pessoais contra acessos não autorizados .
e	CCONJ	0	18	24	0	O uso de senhas fortes e únicas para cada serviço é uma prática simples , mas muitas vezes negligenciada , que pode evitar invasões e proteger dados pessoais contra acessos não autorizados .
proteger	VERB	0	18	25	0	O uso de senhas fortes e únicas para cada serviço é uma prática simples , mas muitas vezes negligenciada , que pode evitar invasões e proteger dados pessoais contra acessos não autorizados .
dados	NOUN	0	18	26	0	O uso de senhas fortes e únicas para cada serviço é uma prática simples , mas muitas vezes negligenciada , que pode evitar invasões e proteger dados pessoais contra acessos não autorizados .
pessoais	ADJ	0	18	27	0	O uso de senhas fortes e únicas para cada serviço é uma prática simples , mas muitas vezes negligenciada , que pode evitar invasões e proteger dados pessoais contra acessos não autorizados .
contra	ADP	0	18	28	0	O uso de senhas fortes e únicas para cada serviço é uma prática simples , mas muitas vezes negligenciada , que pode evitar invasões e proteger dados pessoais contra acessos não autorizados .
acessos	NOUN	0	18	29	0	O uso de senhas fortes e únicas para cada serviço é uma prática simples , mas muitas vezes negligenciada , que pode evitar invasões e proteger dados pessoais contra acessos não autorizados .
não	ADV	0	18	30	0	O uso de senhas fortes e únicas para cada serviço é uma prática simples , mas muitas vezes negligenciada , que pode evitar invasões e proteger dados pessoais contra acessos não autorizados .
autorizados	VERB	1	18	31	0	O uso de senhas fortes e únicas para cada serviço é uma prática simples , mas muitas vezes negligenciada , que pode evitar invasões e proteger dados pessoais contra acessos não autorizados .
.	PUNCT	0	18	32	0	O uso de senhas fortes e únicas para cada serviço é uma prática simples , mas muitas vezes negligenciada , que pode evitar invasões e proteger dados pessoais contra acessos não autorizados .
17	['DET', 'NOUN', 'ADP', 'NOUN', 'ADJ', 'CCONJ', 'ADJ', 'ADP', 'DET', 'NOUN', 'AUX', 'DET', 'NOUN', 'ADJ', 'PUNCT', 'CCONJ', 'DET', 'NOUN', 'VERB', 'PUNCT', 'PRON', 'VERB', 'VERB', 'NOUN', 'CCONJ', 'VERB', 'NOUN', 'ADJ', 'ADP', 'NOUN', 'ADV', 'VERB', 'PUNCT']	[0, 0, 0, 1, 0, 0, 0, 0, 0, 0, 0, 0, 0, 0, 0, 0, 0, 0, 1, 0, 0, 0, 0, 0, 0, 0, 0, 0, 0, 0, 0, 1, 0]	18	17	1	O uso de senhas fortes e únicas para cada serviço é uma prática simples , mas muitas vezes negligenciada , que pode evitar invasões e proteger dados pessoais contra acessos não autorizados .
A	DET	0	19	0	0	A autenticação multifatorial é outra ferramenta poderosa , adicionando camadas extras de proteção que dificultam a ação de invasores , mesmo que consigam obter senhas por meio de ataques ou vazamentos .
autenticação	NOUN	1	19	1	0	A autenticação multifatorial é outra ferramenta poderosa , adicionando camadas extras de proteção que dificultam a ação de invasores , mesmo que consigam obter senhas por meio de ataques ou vazamentos .
multifatorial	ADJ	1	19	2	0	A autenticação multifatorial é outra ferramenta poderosa , adicionando camadas extras de proteção que dificultam a ação de invasores , mesmo que consigam obter senhas por meio de ataques ou vazamentos .
é	AUX	0	19	3	0	A autenticação multifatorial é outra ferramenta poderosa , adicionando camadas extras de proteção que dificultam a ação de invasores , mesmo que consigam obter senhas por meio de ataques ou vazamentos .
outra	DET	0	19	4	0	A autenticação multifatorial é outra ferramenta poderosa , adicionando camadas extras de proteção que dificultam a ação de invasores , mesmo que consigam obter senhas por meio de ataques ou vazamentos .
ferramenta	NOUN	0	19	5	0	A autenticação multifatorial é outra ferramenta poderosa , adicionando camadas extras de proteção que dificultam a ação de invasores , mesmo que consigam obter senhas por meio de ataques ou vazamentos .
poderosa	ADJ	0	19	6	0	A autenticação multifatorial é outra ferramenta poderosa , adicionando camadas extras de proteção que dificultam a ação de invasores , mesmo que consigam obter senhas por meio de ataques ou vazamentos .
,	PUNCT	0	19	7	0	A autenticação multifatorial é outra ferramenta poderosa , adicionando camadas extras de proteção que dificultam a ação de invasores , mesmo que consigam obter senhas por meio de ataques ou vazamentos .
adicionando	VERB	1	19	8	0	A autenticação multifatorial é outra ferramenta poderosa , adicionando camadas extras de proteção que dificultam a ação de invasores , mesmo que consigam obter senhas por meio de ataques ou vazamentos .
camadas	NOUN	0	19	9	0	A autenticação multifatorial é outra ferramenta poderosa , adicionando camadas extras de proteção que dificultam a ação de invasores , mesmo que consigam obter senhas por meio de ataques ou vazamentos .
extras	ADJ	0	19	10	0	A autenticação multifatorial é outra ferramenta poderosa , adicionando camadas extras de proteção que dificultam a ação de invasores , mesmo que consigam obter senhas por meio de ataques ou vazamentos .
de	ADP	0	19	11	0	A autenticação multifatorial é outra ferramenta poderosa , adicionando camadas extras de proteção que dificultam a ação de invasores , mesmo que consigam obter senhas por meio de ataques ou vazamentos .
proteção	NOUN	0	19	12	0	A autenticação multifatorial é outra ferramenta poderosa , adicionando camadas extras de proteção que dificultam a ação de invasores , mesmo que consigam obter senhas por meio de ataques ou vazamentos .
que	PRON	0	19	13	0	A autenticação multifatorial é outra ferramenta poderosa , adicionando camadas extras de proteção que dificultam a ação de invasores , mesmo que consigam obter senhas por meio de ataques ou vazamentos .
dificultam	VERB	1	19	14	0	A autenticação multifatorial é outra ferramenta poderosa , adicionando camadas extras de proteção que dificultam a ação de invasores , mesmo que consigam obter senhas por meio de ataques ou vazamentos .
a	DET	0	19	15	0	A autenticação multifatorial é outra ferramenta poderosa , adicionando camadas extras de proteção que dificultam a ação de invasores , mesmo que consigam obter senhas por meio de ataques ou vazamentos .
ação	NOUN	0	19	16	0	A autenticação multifatorial é outra ferramenta poderosa , adicionando camadas extras de proteção que dificultam a ação de invasores , mesmo que consigam obter senhas por meio de ataques ou vazamentos .
de	ADP	0	19	17	0	A autenticação multifatorial é outra ferramenta poderosa , adicionando camadas extras de proteção que dificultam a ação de invasores , mesmo que consigam obter senhas por meio de ataques ou vazamentos .
invasores	NOUN	0	19	18	0	A autenticação multifatorial é outra ferramenta poderosa , adicionando camadas extras de proteção que dificultam a ação de invasores , mesmo que consigam obter senhas por meio de ataques ou vazamentos .
,	PUNCT	0	19	19	0	A autenticação multifatorial é outra ferramenta poderosa , adicionando camadas extras de proteção que dificultam a ação de invasores , mesmo que consigam obter senhas por meio de ataques ou vazamentos .
mesmo	ADV	0	19	20	0	A autenticação multifatorial é outra ferramenta poderosa , adicionando camadas extras de proteção que dificultam a ação de invasores , mesmo que consigam obter senhas por meio de ataques ou vazamentos .
que	SCONJ	0	19	21	0	A autenticação multifatorial é outra ferramenta poderosa , adicionando camadas extras de proteção que dificultam a ação de invasores , mesmo que consigam obter senhas por meio de ataques ou vazamentos .
consigam	VERB	1	19	22	0	A autenticação multifatorial é outra ferramenta poderosa , adicionando camadas extras de proteção que dificultam a ação de invasores , mesmo que consigam obter senhas por meio de ataques ou vazamentos .
obter	VERB	0	19	23	0	A autenticação multifatorial é outra ferramenta poderosa , adicionando camadas extras de proteção que dificultam a ação de invasores , mesmo que consigam obter senhas por meio de ataques ou vazamentos .
senhas	NOUN	1	19	24	0	A autenticação multifatorial é outra ferramenta poderosa , adicionando camadas extras de proteção que dificultam a ação de invasores , mesmo que consigam obter senhas por meio de ataques ou vazamentos .
por	ADP	0	19	25	0	A autenticação multifatorial é outra ferramenta poderosa , adicionando camadas extras de proteção que dificultam a ação de invasores , mesmo que consigam obter senhas por meio de ataques ou vazamentos .
meio	NOUN	0	19	26	0	A autenticação multifatorial é outra ferramenta poderosa , adicionando camadas extras de proteção que dificultam a ação de invasores , mesmo que consigam obter senhas por meio de ataques ou vazamentos .
de	ADP	0	19	27	0	A autenticação multifatorial é outra ferramenta poderosa , adicionando camadas extras de proteção que dificultam a ação de invasores , mesmo que consigam obter senhas por meio de ataques ou vazamentos .
ataques	NOUN	0	19	28	0	A autenticação multifatorial é outra ferramenta poderosa , adicionando camadas extras de proteção que dificultam a ação de invasores , mesmo que consigam obter senhas por meio de ataques ou vazamentos .
ou	CCONJ	0	19	29	0	A autenticação multifatorial é outra ferramenta poderosa , adicionando camadas extras de proteção que dificultam a ação de invasores , mesmo que consigam obter senhas por meio de ataques ou vazamentos .
vazamentos	NOUN	1	19	30	0	A autenticação multifatorial é outra ferramenta poderosa , adicionando camadas extras de proteção que dificultam a ação de invasores , mesmo que consigam obter senhas por meio de ataques ou vazamentos .
.	PUNCT	0	19	31	0	A autenticação multifatorial é outra ferramenta poderosa , adicionando camadas extras de proteção que dificultam a ação de invasores , mesmo que consigam obter senhas por meio de ataques ou vazamentos .
18	['DET', 'NOUN', 'ADJ', 'AUX', 'DET', 'NOUN', 'ADJ', 'PUNCT', 'VERB', 'NOUN', 'ADJ', 'ADP', 'NOUN', 'PRON', 'VERB', 'DET', 'NOUN', 'ADP', 'NOUN', 'PUNCT', 'ADV', 'SCONJ', 'VERB', 'VERB', 'NOUN', 'ADP', 'NOUN', 'ADP', 'NOUN', 'CCONJ', 'NOUN', 'PUNCT']	[0, 1, 1, 0, 0, 0, 0, 0, 1, 0, 0, 0, 0, 0, 1, 0, 0, 0, 0, 0, 0, 0, 1, 0, 1, 0, 0, 0, 0, 0, 1, 0]	19	18	1	A autenticação multifatorial é outra ferramenta poderosa , adicionando camadas extras de proteção que dificultam a ação de invasores , mesmo que consigam obter senhas por meio de ataques ou vazamentos .
Empresas	NOUN	1	20	0	0	Empresas que não investem em segurança digital correm riscos não apenas financeiros , mas também reputacionais , pois a perda de confiança dos clientes pode ser devastadora e difícil de recuperar .
que	PRON	0	20	1	0	Empresas que não investem em segurança digital correm riscos não apenas financeiros , mas também reputacionais , pois a perda de confiança dos clientes pode ser devastadora e difícil de recuperar .
não	ADV	0	20	2	0	Empresas que não investem em segurança digital correm riscos não apenas financeiros , mas também reputacionais , pois a perda de confiança dos clientes pode ser devastadora e difícil de recuperar .
investem	VERB	1	20	3	0	Empresas que não investem em segurança digital correm riscos não apenas financeiros , mas também reputacionais , pois a perda de confiança dos clientes pode ser devastadora e difícil de recuperar .
em	ADP	0	20	4	0	Empresas que não investem em segurança digital correm riscos não apenas financeiros , mas também reputacionais , pois a perda de confiança dos clientes pode ser devastadora e difícil de recuperar .
segurança	NOUN	0	20	5	0	Empresas que não investem em segurança digital correm riscos não apenas financeiros , mas também reputacionais , pois a perda de confiança dos clientes pode ser devastadora e difícil de recuperar .
digital	ADJ	0	20	6	0	Empresas que não investem em segurança digital correm riscos não apenas financeiros , mas também reputacionais , pois a perda de confiança dos clientes pode ser devastadora e difícil de recuperar .
correm	VERB	1	20	7	0	Empresas que não investem em segurança digital correm riscos não apenas financeiros , mas também reputacionais , pois a perda de confiança dos clientes pode ser devastadora e difícil de recuperar .
riscos	NOUN	0	20	8	0	Empresas que não investem em segurança digital correm riscos não apenas financeiros , mas também reputacionais , pois a perda de confiança dos clientes pode ser devastadora e difícil de recuperar .
não	ADV	0	20	9	0	Empresas que não investem em segurança digital correm riscos não apenas financeiros , mas também reputacionais , pois a perda de confiança dos clientes pode ser devastadora e difícil de recuperar .
apenas	ADV	0	20	10	0	Empresas que não investem em segurança digital correm riscos não apenas financeiros , mas também reputacionais , pois a perda de confiança dos clientes pode ser devastadora e difícil de recuperar .
financeiros	NOUN	0	20	11	0	Empresas que não investem em segurança digital correm riscos não apenas financeiros , mas também reputacionais , pois a perda de confiança dos clientes pode ser devastadora e difícil de recuperar .
,	PUNCT	0	20	12	0	Empresas que não investem em segurança digital correm riscos não apenas financeiros , mas também reputacionais , pois a perda de confiança dos clientes pode ser devastadora e difícil de recuperar .
mas	CCONJ	0	20	13	0	Empresas que não investem em segurança digital correm riscos não apenas financeiros , mas também reputacionais , pois a perda de confiança dos clientes pode ser devastadora e difícil de recuperar .
também	ADV	0	20	14	0	Empresas que não investem em segurança digital correm riscos não apenas financeiros , mas também reputacionais , pois a perda de confiança dos clientes pode ser devastadora e difícil de recuperar .
reputacionais	ADJ	1	20	15	0	Empresas que não investem em segurança digital correm riscos não apenas financeiros , mas também reputacionais , pois a perda de confiança dos clientes pode ser devastadora e difícil de recuperar .
,	PUNCT	0	20	16	0	Empresas que não investem em segurança digital correm riscos não apenas financeiros , mas também reputacionais , pois a perda de confiança dos clientes pode ser devastadora e difícil de recuperar .
pois	SCONJ	0	20	17	0	Empresas que não investem em segurança digital correm riscos não apenas financeiros , mas também reputacionais , pois a perda de confiança dos clientes pode ser devastadora e difícil de recuperar .
a	DET	0	20	18	0	Empresas que não investem em segurança digital correm riscos não apenas financeiros , mas também reputacionais , pois a perda de confiança dos clientes pode ser devastadora e difícil de recuperar .
perda	NOUN	0	20	19	0	Empresas que não investem em segurança digital correm riscos não apenas financeiros , mas também reputacionais , pois a perda de confiança dos clientes pode ser devastadora e difícil de recuperar .
de	ADP	0	20	20	0	Empresas que não investem em segurança digital correm riscos não apenas financeiros , mas também reputacionais , pois a perda de confiança dos clientes pode ser devastadora e difícil de recuperar .
confiança	NOUN	0	20	21	0	Empresas que não investem em segurança digital correm riscos não apenas financeiros , mas também reputacionais , pois a perda de confiança dos clientes pode ser devastadora e difícil de recuperar .
dos	ADP	0	20	22	0	Empresas que não investem em segurança digital correm riscos não apenas financeiros , mas também reputacionais , pois a perda de confiança dos clientes pode ser devastadora e difícil de recuperar .
clientes	NOUN	0	20	23	0	Empresas que não investem em segurança digital correm riscos não apenas financeiros , mas também reputacionais , pois a perda de confiança dos clientes pode ser devastadora e difícil de recuperar .
pode	VERB	0	20	24	0	Empresas que não investem em segurança digital correm riscos não apenas financeiros , mas também reputacionais , pois a perda de confiança dos clientes pode ser devastadora e difícil de recuperar .
ser	AUX	0	20	25	0	Empresas que não investem em segurança digital correm riscos não apenas financeiros , mas também reputacionais , pois a perda de confiança dos clientes pode ser devastadora e difícil de recuperar .
devastadora	ADJ	1	20	26	0	Empresas que não investem em segurança digital correm riscos não apenas financeiros , mas também reputacionais , pois a perda de confiança dos clientes pode ser devastadora e difícil de recuperar .
e	CCONJ	0	20	27	0	Empresas que não investem em segurança digital correm riscos não apenas financeiros , mas também reputacionais , pois a perda de confiança dos clientes pode ser devastadora e difícil de recuperar .
difícil	ADJ	0	20	28	0	Empresas que não investem em segurança digital correm riscos não apenas financeiros , mas também reputacionais , pois a perda de confiança dos clientes pode ser devastadora e difícil de recuperar .
de	SCONJ	0	20	29	0	Empresas que não investem em segurança digital correm riscos não apenas financeiros , mas também reputacionais , pois a perda de confiança dos clientes pode ser devastadora e difícil de recuperar .
recuperar	VERB	0	20	30	0	Empresas que não investem em segurança digital correm riscos não apenas financeiros , mas também reputacionais , pois a perda de confiança dos clientes pode ser devastadora e difícil de recuperar .
.	PUNCT	0	20	31	0	Empresas que não investem em segurança digital correm riscos não apenas financeiros , mas também reputacionais , pois a perda de confiança dos clientes pode ser devastadora e difícil de recuperar .
19	['NOUN', 'PRON', 'ADV', 'VERB', 'ADP', 'NOUN', 'ADJ', 'VERB', 'NOUN', 'ADV', 'ADV', 'NOUN', 'PUNCT', 'CCONJ', 'ADV', 'ADJ', 'PUNCT', 'SCONJ', 'DET', 'NOUN', 'ADP', 'NOUN', 'ADP', 'NOUN', 'VERB', 'AUX', 'ADJ', 'CCONJ', 'ADJ', 'SCONJ', 'VERB', 'PUNCT']	[1, 0, 0, 1, 0, 0, 0, 1, 0, 0, 0, 0, 0, 0, 0, 1, 0, 0, 0, 0, 0, 0, 0, 0, 0, 0, 1, 0, 0, 0, 0, 0]	20	19	1	Empresas que não investem em segurança digital correm riscos não apenas financeiros , mas também reputacionais , pois a perda de confiança dos clientes pode ser devastadora e difícil de recuperar .
A	DET	0	21	0	0	A segurança cibernética também envolve proteção contra espionagem industrial , onde concorrentes podem tentar roubar segredos comerciais ou informações estratégicas para obter vantagens no mercado .
segurança	NOUN	0	21	1	0	A segurança cibernética também envolve proteção contra espionagem industrial , onde concorrentes podem tentar roubar segredos comerciais ou informações estratégicas para obter vantagens no mercado .
cibernética	ADJ	1	21	2	0	A segurança cibernética também envolve proteção contra espionagem industrial , onde concorrentes podem tentar roubar segredos comerciais ou informações estratégicas para obter vantagens no mercado .
também	ADV	0	21	3	0	A segurança cibernética também envolve proteção contra espionagem industrial , onde concorrentes podem tentar roubar segredos comerciais ou informações estratégicas para obter vantagens no mercado .
envolve	VERB	0	21	4	0	A segurança cibernética também envolve proteção contra espionagem industrial , onde concorrentes podem tentar roubar segredos comerciais ou informações estratégicas para obter vantagens no mercado .
proteção	NOUN	0	21	5	0	A segurança cibernética também envolve proteção contra espionagem industrial , onde concorrentes podem tentar roubar segredos comerciais ou informações estratégicas para obter vantagens no mercado .
contra	ADP	0	21	6	0	A segurança cibernética também envolve proteção contra espionagem industrial , onde concorrentes podem tentar roubar segredos comerciais ou informações estratégicas para obter vantagens no mercado .
espionagem	NOUN	0	21	7	0	A segurança cibernética também envolve proteção contra espionagem industrial , onde concorrentes podem tentar roubar segredos comerciais ou informações estratégicas para obter vantagens no mercado .
industrial	ADJ	0	21	8	0	A segurança cibernética também envolve proteção contra espionagem industrial , onde concorrentes podem tentar roubar segredos comerciais ou informações estratégicas para obter vantagens no mercado .
,	PUNCT	0	21	9	0	A segurança cibernética também envolve proteção contra espionagem industrial , onde concorrentes podem tentar roubar segredos comerciais ou informações estratégicas para obter vantagens no mercado .
onde	PRON	0	21	10	0	A segurança cibernética também envolve proteção contra espionagem industrial , onde concorrentes podem tentar roubar segredos comerciais ou informações estratégicas para obter vantagens no mercado .
concorrentes	NOUN	0	21	11	0	A segurança cibernética também envolve proteção contra espionagem industrial , onde concorrentes podem tentar roubar segredos comerciais ou informações estratégicas para obter vantagens no mercado .
podem	VERB	0	21	12	0	A segurança cibernética também envolve proteção contra espionagem industrial , onde concorrentes podem tentar roubar segredos comerciais ou informações estratégicas para obter vantagens no mercado .
tentar	VERB	0	21	13	0	A segurança cibernética também envolve proteção contra espionagem industrial , onde concorrentes podem tentar roubar segredos comerciais ou informações estratégicas para obter vantagens no mercado .
roubar	VERB	0	21	14	0	A segurança cibernética também envolve proteção contra espionagem industrial , onde concorrentes podem tentar roubar segredos comerciais ou informações estratégicas para obter vantagens no mercado .
segredos	NOUN	0	21	15	0	A segurança cibernética também envolve proteção contra espionagem industrial , onde concorrentes podem tentar roubar segredos comerciais ou informações estratégicas para obter vantagens no mercado .
comerciais	ADJ	0	21	16	0	A segurança cibernética também envolve proteção contra espionagem industrial , onde concorrentes podem tentar roubar segredos comerciais ou informações estratégicas para obter vantagens no mercado .
ou	CCONJ	0	21	17	0	A segurança cibernética também envolve proteção contra espionagem industrial , onde concorrentes podem tentar roubar segredos comerciais ou informações estratégicas para obter vantagens no mercado .
informações	NOUN	0	21	18	0	A segurança cibernética também envolve proteção contra espionagem industrial , onde concorrentes podem tentar roubar segredos comerciais ou informações estratégicas para obter vantagens no mercado .
estratégicas	ADJ	1	21	19	0	A segurança cibernética também envolve proteção contra espionagem industrial , onde concorrentes podem tentar roubar segredos comerciais ou informações estratégicas para obter vantagens no mercado .
para	SCONJ	0	21	20	0	A segurança cibernética também envolve proteção contra espionagem industrial , onde concorrentes podem tentar roubar segredos comerciais ou informações estratégicas para obter vantagens no mercado .
obter	VERB	0	21	21	0	A segurança cibernética também envolve proteção contra espionagem industrial , onde concorrentes podem tentar roubar segredos comerciais ou informações estratégicas para obter vantagens no mercado .
vantagens	NOUN	0	21	22	0	A segurança cibernética também envolve proteção contra espionagem industrial , onde concorrentes podem tentar roubar segredos comerciais ou informações estratégicas para obter vantagens no mercado .
no	ADP	0	21	23	0	A segurança cibernética também envolve proteção contra espionagem industrial , onde concorrentes podem tentar roubar segredos comerciais ou informações estratégicas para obter vantagens no mercado .
mercado	NOUN	0	21	24	0	A segurança cibernética também envolve proteção contra espionagem industrial , onde concorrentes podem tentar roubar segredos comerciais ou informações estratégicas para obter vantagens no mercado .
.	PUNCT	0	21	25	0	A segurança cibernética também envolve proteção contra espionagem industrial , onde concorrentes podem tentar roubar segredos comerciais ou informações estratégicas para obter vantagens no mercado .
20	['DET', 'NOUN', 'ADJ', 'ADV', 'VERB', 'NOUN', 'ADP', 'NOUN', 'ADJ', 'PUNCT', 'PRON', 'NOUN', 'VERB', 'VERB', 'VERB', 'NOUN', 'ADJ', 'CCONJ', 'NOUN', 'ADJ', 'SCONJ', 'VERB', 'NOUN', 'ADP', 'NOUN', 'PUNCT']	[0, 0, 1, 0, 0, 0, 0, 0, 0, 0, 0, 0, 0, 0, 0, 0, 0, 0, 0, 1, 0, 0, 0, 0, 0, 0]	21	20	1	A segurança cibernética também envolve proteção contra espionagem industrial , onde concorrentes podem tentar roubar segredos comerciais ou informações estratégicas para obter vantagens no mercado .
A	DET	0	22	0	0	A criptografia é uma das ferramentas mais eficazes para proteger dados , garantindo que apenas pessoas autorizadas possam acessar informações sensíveis , mesmo que elas sejam interceptadas durante a transmissão .
criptografia	NOUN	1	22	1	0	A criptografia é uma das ferramentas mais eficazes para proteger dados , garantindo que apenas pessoas autorizadas possam acessar informações sensíveis , mesmo que elas sejam interceptadas durante a transmissão .
é	AUX	0	22	2	0	A criptografia é uma das ferramentas mais eficazes para proteger dados , garantindo que apenas pessoas autorizadas possam acessar informações sensíveis , mesmo que elas sejam interceptadas durante a transmissão .
uma	NUM	0	22	3	0	A criptografia é uma das ferramentas mais eficazes para proteger dados , garantindo que apenas pessoas autorizadas possam acessar informações sensíveis , mesmo que elas sejam interceptadas durante a transmissão .
das	ADP	0	22	4	0	A criptografia é uma das ferramentas mais eficazes para proteger dados , garantindo que apenas pessoas autorizadas possam acessar informações sensíveis , mesmo que elas sejam interceptadas durante a transmissão .
ferramentas	NOUN	0	22	5	0	A criptografia é uma das ferramentas mais eficazes para proteger dados , garantindo que apenas pessoas autorizadas possam acessar informações sensíveis , mesmo que elas sejam interceptadas durante a transmissão .
mais	ADV	0	22	6	0	A criptografia é uma das ferramentas mais eficazes para proteger dados , garantindo que apenas pessoas autorizadas possam acessar informações sensíveis , mesmo que elas sejam interceptadas durante a transmissão .
eficazes	ADJ	1	22	7	0	A criptografia é uma das ferramentas mais eficazes para proteger dados , garantindo que apenas pessoas autorizadas possam acessar informações sensíveis , mesmo que elas sejam interceptadas durante a transmissão .
para	SCONJ	0	22	8	0	A criptografia é uma das ferramentas mais eficazes para proteger dados , garantindo que apenas pessoas autorizadas possam acessar informações sensíveis , mesmo que elas sejam interceptadas durante a transmissão .
proteger	VERB	0	22	9	0	A criptografia é uma das ferramentas mais eficazes para proteger dados , garantindo que apenas pessoas autorizadas possam acessar informações sensíveis , mesmo que elas sejam interceptadas durante a transmissão .
dados	NOUN	0	22	10	0	A criptografia é uma das ferramentas mais eficazes para proteger dados , garantindo que apenas pessoas autorizadas possam acessar informações sensíveis , mesmo que elas sejam interceptadas durante a transmissão .
,	PUNCT	0	22	11	0	A criptografia é uma das ferramentas mais eficazes para proteger dados , garantindo que apenas pessoas autorizadas possam acessar informações sensíveis , mesmo que elas sejam interceptadas durante a transmissão .
garantindo	VERB	0	22	12	0	A criptografia é uma das ferramentas mais eficazes para proteger dados , garantindo que apenas pessoas autorizadas possam acessar informações sensíveis , mesmo que elas sejam interceptadas durante a transmissão .
que	SCONJ	0	22	13	0	A criptografia é uma das ferramentas mais eficazes para proteger dados , garantindo que apenas pessoas autorizadas possam acessar informações sensíveis , mesmo que elas sejam interceptadas durante a transmissão .
apenas	ADV	0	22	14	0	A criptografia é uma das ferramentas mais eficazes para proteger dados , garantindo que apenas pessoas autorizadas possam acessar informações sensíveis , mesmo que elas sejam interceptadas durante a transmissão .
pessoas	NOUN	0	22	15	0	A criptografia é uma das ferramentas mais eficazes para proteger dados , garantindo que apenas pessoas autorizadas possam acessar informações sensíveis , mesmo que elas sejam interceptadas durante a transmissão .
autorizadas	VERB	1	22	16	0	A criptografia é uma das ferramentas mais eficazes para proteger dados , garantindo que apenas pessoas autorizadas possam acessar informações sensíveis , mesmo que elas sejam interceptadas durante a transmissão .
possam	VERB	0	22	17	0	A criptografia é uma das ferramentas mais eficazes para proteger dados , garantindo que apenas pessoas autorizadas possam acessar informações sensíveis , mesmo que elas sejam interceptadas durante a transmissão .
acessar	VERB	1	22	18	0	A criptografia é uma das ferramentas mais eficazes para proteger dados , garantindo que apenas pessoas autorizadas possam acessar informações sensíveis , mesmo que elas sejam interceptadas durante a transmissão .
informações	NOUN	0	22	19	0	A criptografia é uma das ferramentas mais eficazes para proteger dados , garantindo que apenas pessoas autorizadas possam acessar informações sensíveis , mesmo que elas sejam interceptadas durante a transmissão .
sensíveis	ADJ	0	22	20	0	A criptografia é uma das ferramentas mais eficazes para proteger dados , garantindo que apenas pessoas autorizadas possam acessar informações sensíveis , mesmo que elas sejam interceptadas durante a transmissão .
,	PUNCT	0	22	21	0	A criptografia é uma das ferramentas mais eficazes para proteger dados , garantindo que apenas pessoas autorizadas possam acessar informações sensíveis , mesmo que elas sejam interceptadas durante a transmissão .
mesmo	ADV	0	22	22	0	A criptografia é uma das ferramentas mais eficazes para proteger dados , garantindo que apenas pessoas autorizadas possam acessar informações sensíveis , mesmo que elas sejam interceptadas durante a transmissão .
que	SCONJ	0	22	23	0	A criptografia é uma das ferramentas mais eficazes para proteger dados , garantindo que apenas pessoas autorizadas possam acessar informações sensíveis , mesmo que elas sejam interceptadas durante a transmissão .
elas	PRON	0	22	24	0	A criptografia é uma das ferramentas mais eficazes para proteger dados , garantindo que apenas pessoas autorizadas possam acessar informações sensíveis , mesmo que elas sejam interceptadas durante a transmissão .
sejam	AUX	0	22	25	0	A criptografia é uma das ferramentas mais eficazes para proteger dados , garantindo que apenas pessoas autorizadas possam acessar informações sensíveis , mesmo que elas sejam interceptadas durante a transmissão .
interceptadas	VERB	1	22	26	0	A criptografia é uma das ferramentas mais eficazes para proteger dados , garantindo que apenas pessoas autorizadas possam acessar informações sensíveis , mesmo que elas sejam interceptadas durante a transmissão .
durante	ADP	0	22	27	0	A criptografia é uma das ferramentas mais eficazes para proteger dados , garantindo que apenas pessoas autorizadas possam acessar informações sensíveis , mesmo que elas sejam interceptadas durante a transmissão .
a	DET	0	22	28	0	A criptografia é uma das ferramentas mais eficazes para proteger dados , garantindo que apenas pessoas autorizadas possam acessar informações sensíveis , mesmo que elas sejam interceptadas durante a transmissão .
transmissão	NOUN	0	22	29	0	A criptografia é uma das ferramentas mais eficazes para proteger dados , garantindo que apenas pessoas autorizadas possam acessar informações sensíveis , mesmo que elas sejam interceptadas durante a transmissão .
.	PUNCT	0	22	30	0	A criptografia é uma das ferramentas mais eficazes para proteger dados , garantindo que apenas pessoas autorizadas possam acessar informações sensíveis , mesmo que elas sejam interceptadas durante a transmissão .
21	['DET', 'NOUN', 'AUX', 'NUM', 'ADP', 'NOUN', 'ADV', 'ADJ', 'SCONJ', 'VERB', 'NOUN', 'PUNCT', 'VERB', 'SCONJ', 'ADV', 'NOUN', 'VERB', 'VERB', 'VERB', 'NOUN', 'ADJ', 'PUNCT', 'ADV', 'SCONJ', 'PRON', 'AUX', 'VERB', 'ADP', 'DET', 'NOUN', 'PUNCT']	[0, 1, 0, 0, 0, 0, 0, 1, 0, 0, 0, 0, 0, 0, 0, 0, 1, 0, 1, 0, 0, 0, 0, 0, 0, 0, 1, 0, 0, 0, 0]	22	21	1	A criptografia é uma das ferramentas mais eficazes para proteger dados , garantindo que apenas pessoas autorizadas possam acessar informações sensíveis , mesmo que elas sejam interceptadas durante a transmissão .
O	DET	0	23	0	0	O monitoramento constante de redes é essencial para detectar atividades suspeitas em tempo real , permitindo respostas rápidas que podem impedir ataques antes que eles causem danos significativos .
monitoramento	NOUN	1	23	1	0	O monitoramento constante de redes é essencial para detectar atividades suspeitas em tempo real , permitindo respostas rápidas que podem impedir ataques antes que eles causem danos significativos .
constante	ADJ	0	23	2	0	O monitoramento constante de redes é essencial para detectar atividades suspeitas em tempo real , permitindo respostas rápidas que podem impedir ataques antes que eles causem danos significativos .
de	ADP	0	23	3	0	O monitoramento constante de redes é essencial para detectar atividades suspeitas em tempo real , permitindo respostas rápidas que podem impedir ataques antes que eles causem danos significativos .
redes	NOUN	0	23	4	0	O monitoramento constante de redes é essencial para detectar atividades suspeitas em tempo real , permitindo respostas rápidas que podem impedir ataques antes que eles causem danos significativos .
é	AUX	0	23	5	0	O monitoramento constante de redes é essencial para detectar atividades suspeitas em tempo real , permitindo respostas rápidas que podem impedir ataques antes que eles causem danos significativos .
essencial	ADJ	0	23	6	0	O monitoramento constante de redes é essencial para detectar atividades suspeitas em tempo real , permitindo respostas rápidas que podem impedir ataques antes que eles causem danos significativos .
para	SCONJ	0	23	7	0	O monitoramento constante de redes é essencial para detectar atividades suspeitas em tempo real , permitindo respostas rápidas que podem impedir ataques antes que eles causem danos significativos .
detectar	VERB	0	23	8	0	O monitoramento constante de redes é essencial para detectar atividades suspeitas em tempo real , permitindo respostas rápidas que podem impedir ataques antes que eles causem danos significativos .
atividades	NOUN	0	23	9	0	O monitoramento constante de redes é essencial para detectar atividades suspeitas em tempo real , permitindo respostas rápidas que podem impedir ataques antes que eles causem danos significativos .
suspeitas	ADJ	0	23	10	0	O monitoramento constante de redes é essencial para detectar atividades suspeitas em tempo real , permitindo respostas rápidas que podem impedir ataques antes que eles causem danos significativos .
em	ADP	0	23	11	0	O monitoramento constante de redes é essencial para detectar atividades suspeitas em tempo real , permitindo respostas rápidas que podem impedir ataques antes que eles causem danos significativos .
tempo	NOUN	0	23	12	0	O monitoramento constante de redes é essencial para detectar atividades suspeitas em tempo real , permitindo respostas rápidas que podem impedir ataques antes que eles causem danos significativos .
real	ADJ	0	23	13	0	O monitoramento constante de redes é essencial para detectar atividades suspeitas em tempo real , permitindo respostas rápidas que podem impedir ataques antes que eles causem danos significativos .
,	PUNCT	0	23	14	0	O monitoramento constante de redes é essencial para detectar atividades suspeitas em tempo real , permitindo respostas rápidas que podem impedir ataques antes que eles causem danos significativos .
permitindo	VERB	0	23	15	0	O monitoramento constante de redes é essencial para detectar atividades suspeitas em tempo real , permitindo respostas rápidas que podem impedir ataques antes que eles causem danos significativos .
respostas	NOUN	0	23	16	0	O monitoramento constante de redes é essencial para detectar atividades suspeitas em tempo real , permitindo respostas rápidas que podem impedir ataques antes que eles causem danos significativos .
rápidas	ADJ	0	23	17	0	O monitoramento constante de redes é essencial para detectar atividades suspeitas em tempo real , permitindo respostas rápidas que podem impedir ataques antes que eles causem danos significativos .
que	PRON	0	23	18	0	O monitoramento constante de redes é essencial para detectar atividades suspeitas em tempo real , permitindo respostas rápidas que podem impedir ataques antes que eles causem danos significativos .
podem	VERB	0	23	19	0	O monitoramento constante de redes é essencial para detectar atividades suspeitas em tempo real , permitindo respostas rápidas que podem impedir ataques antes que eles causem danos significativos .
impedir	VERB	0	23	20	0	O monitoramento constante de redes é essencial para detectar atividades suspeitas em tempo real , permitindo respostas rápidas que podem impedir ataques antes que eles causem danos significativos .
ataques	NOUN	0	23	21	0	O monitoramento constante de redes é essencial para detectar atividades suspeitas em tempo real , permitindo respostas rápidas que podem impedir ataques antes que eles causem danos significativos .
antes	ADV	0	23	22	0	O monitoramento constante de redes é essencial para detectar atividades suspeitas em tempo real , permitindo respostas rápidas que podem impedir ataques antes que eles causem danos significativos .
que	SCONJ	0	23	23	0	O monitoramento constante de redes é essencial para detectar atividades suspeitas em tempo real , permitindo respostas rápidas que podem impedir ataques antes que eles causem danos significativos .
eles	PRON	0	23	24	0	O monitoramento constante de redes é essencial para detectar atividades suspeitas em tempo real , permitindo respostas rápidas que podem impedir ataques antes que eles causem danos significativos .
causem	VERB	1	23	25	0	O monitoramento constante de redes é essencial para detectar atividades suspeitas em tempo real , permitindo respostas rápidas que podem impedir ataques antes que eles causem danos significativos .
danos	NOUN	0	23	26	0	O monitoramento constante de redes é essencial para detectar atividades suspeitas em tempo real , permitindo respostas rápidas que podem impedir ataques antes que eles causem danos significativos .
significativos	ADJ	0	23	27	0	O monitoramento constante de redes é essencial para detectar atividades suspeitas em tempo real , permitindo respostas rápidas que podem impedir ataques antes que eles causem danos significativos .
.	PUNCT	0	23	28	0	O monitoramento constante de redes é essencial para detectar atividades suspeitas em tempo real , permitindo respostas rápidas que podem impedir ataques antes que eles causem danos significativos .
22	['DET', 'NOUN', 'ADJ', 'ADP', 'NOUN', 'AUX', 'ADJ', 'SCONJ', 'VERB', 'NOUN', 'ADJ', 'ADP', 'NOUN', 'ADJ', 'PUNCT', 'VERB', 'NOUN', 'ADJ', 'PRON', 'VERB', 'VERB', 'NOUN', 'ADV', 'SCONJ', 'PRON', 'VERB', 'NOUN', 'ADJ', 'PUNCT']	[0, 1, 0, 0, 0, 0, 0, 0, 0, 0, 0, 0, 0, 0, 0, 0, 0, 0, 0, 0, 0, 0, 0, 0, 0, 1, 0, 0, 0]	23	22	1	O monitoramento constante de redes é essencial para detectar atividades suspeitas em tempo real , permitindo respostas rápidas que podem impedir ataques antes que eles causem danos significativos .
A	DET	0	24	0	0	A segurança cibernética deve ser vista como um investimento estratégico , e não apenas como um custo operacional , pois sua ausência pode comprometer a sobrevivência de empresas e instituições .
segurança	NOUN	0	24	1	0	A segurança cibernética deve ser vista como um investimento estratégico , e não apenas como um custo operacional , pois sua ausência pode comprometer a sobrevivência de empresas e instituições .
cibernética	ADJ	1	24	2	0	A segurança cibernética deve ser vista como um investimento estratégico , e não apenas como um custo operacional , pois sua ausência pode comprometer a sobrevivência de empresas e instituições .
deve	VERB	0	24	3	0	A segurança cibernética deve ser vista como um investimento estratégico , e não apenas como um custo operacional , pois sua ausência pode comprometer a sobrevivência de empresas e instituições .
ser	AUX	0	24	4	0	A segurança cibernética deve ser vista como um investimento estratégico , e não apenas como um custo operacional , pois sua ausência pode comprometer a sobrevivência de empresas e instituições .
vista	VERB	0	24	5	0	A segurança cibernética deve ser vista como um investimento estratégico , e não apenas como um custo operacional , pois sua ausência pode comprometer a sobrevivência de empresas e instituições .
como	ADP	0	24	6	0	A segurança cibernética deve ser vista como um investimento estratégico , e não apenas como um custo operacional , pois sua ausência pode comprometer a sobrevivência de empresas e instituições .
um	DET	0	24	7	0	A segurança cibernética deve ser vista como um investimento estratégico , e não apenas como um custo operacional , pois sua ausência pode comprometer a sobrevivência de empresas e instituições .
investimento	NOUN	0	24	8	0	A segurança cibernética deve ser vista como um investimento estratégico , e não apenas como um custo operacional , pois sua ausência pode comprometer a sobrevivência de empresas e instituições .
estratégico	ADJ	0	24	9	0	A segurança cibernética deve ser vista como um investimento estratégico , e não apenas como um custo operacional , pois sua ausência pode comprometer a sobrevivência de empresas e instituições .
,	PUNCT	0	24	10	0	A segurança cibernética deve ser vista como um investimento estratégico , e não apenas como um custo operacional , pois sua ausência pode comprometer a sobrevivência de empresas e instituições .
e	CCONJ	0	24	11	0	A segurança cibernética deve ser vista como um investimento estratégico , e não apenas como um custo operacional , pois sua ausência pode comprometer a sobrevivência de empresas e instituições .
não	ADV	0	24	12	0	A segurança cibernética deve ser vista como um investimento estratégico , e não apenas como um custo operacional , pois sua ausência pode comprometer a sobrevivência de empresas e instituições .
apenas	ADV	0	24	13	0	A segurança cibernética deve ser vista como um investimento estratégico , e não apenas como um custo operacional , pois sua ausência pode comprometer a sobrevivência de empresas e instituições .
como	ADP	0	24	14	0	A segurança cibernética deve ser vista como um investimento estratégico , e não apenas como um custo operacional , pois sua ausência pode comprometer a sobrevivência de empresas e instituições .
um	DET	0	24	15	0	A segurança cibernética deve ser vista como um investimento estratégico , e não apenas como um custo operacional , pois sua ausência pode comprometer a sobrevivência de empresas e instituições .
custo	NOUN	0	24	16	0	A segurança cibernética deve ser vista como um investimento estratégico , e não apenas como um custo operacional , pois sua ausência pode comprometer a sobrevivência de empresas e instituições .
operacional	ADJ	0	24	17	0	A segurança cibernética deve ser vista como um investimento estratégico , e não apenas como um custo operacional , pois sua ausência pode comprometer a sobrevivência de empresas e instituições .
,	PUNCT	0	24	18	0	A segurança cibernética deve ser vista como um investimento estratégico , e não apenas como um custo operacional , pois sua ausência pode comprometer a sobrevivência de empresas e instituições .
pois	SCONJ	0	24	19	0	A segurança cibernética deve ser vista como um investimento estratégico , e não apenas como um custo operacional , pois sua ausência pode comprometer a sobrevivência de empresas e instituições .
sua	DET	0	24	20	0	A segurança cibernética deve ser vista como um investimento estratégico , e não apenas como um custo operacional , pois sua ausência pode comprometer a sobrevivência de empresas e instituições .
ausência	NOUN	0	24	21	0	A segurança cibernética deve ser vista como um investimento estratégico , e não apenas como um custo operacional , pois sua ausência pode comprometer a sobrevivência de empresas e instituições .
pode	VERB	0	24	22	0	A segurança cibernética deve ser vista como um investimento estratégico , e não apenas como um custo operacional , pois sua ausência pode comprometer a sobrevivência de empresas e instituições .
comprometer	VERB	1	24	23	0	A segurança cibernética deve ser vista como um investimento estratégico , e não apenas como um custo operacional , pois sua ausência pode comprometer a sobrevivência de empresas e instituições .
a	DET	0	24	24	0	A segurança cibernética deve ser vista como um investimento estratégico , e não apenas como um custo operacional , pois sua ausência pode comprometer a sobrevivência de empresas e instituições .
sobrevivência	NOUN	0	24	25	0	A segurança cibernética deve ser vista como um investimento estratégico , e não apenas como um custo operacional , pois sua ausência pode comprometer a sobrevivência de empresas e instituições .
de	ADP	0	24	26	0	A segurança cibernética deve ser vista como um investimento estratégico , e não apenas como um custo operacional , pois sua ausência pode comprometer a sobrevivência de empresas e instituições .
empresas	NOUN	0	24	27	0	A segurança cibernética deve ser vista como um investimento estratégico , e não apenas como um custo operacional , pois sua ausência pode comprometer a sobrevivência de empresas e instituições .
e	CCONJ	0	24	28	0	A segurança cibernética deve ser vista como um investimento estratégico , e não apenas como um custo operacional , pois sua ausência pode comprometer a sobrevivência de empresas e instituições .
instituições	NOUN	0	24	29	0	A segurança cibernética deve ser vista como um investimento estratégico , e não apenas como um custo operacional , pois sua ausência pode comprometer a sobrevivência de empresas e instituições .
.	PUNCT	0	24	30	0	A segurança cibernética deve ser vista como um investimento estratégico , e não apenas como um custo operacional , pois sua ausência pode comprometer a sobrevivência de empresas e instituições .
23	['DET', 'NOUN', 'ADJ', 'VERB', 'AUX', 'VERB', 'ADP', 'DET', 'NOUN', 'ADJ', 'PUNCT', 'CCONJ', 'ADV', 'ADV', 'ADP', 'DET', 'NOUN', 'ADJ', 'PUNCT', 'SCONJ', 'DET', 'NOUN', 'VERB', 'VERB', 'DET', 'NOUN', 'ADP', 'NOUN', 'CCONJ', 'NOUN', 'PUNCT']	[0, 0, 1, 0, 0, 0, 0, 0, 0, 0, 0, 0, 0, 0, 0, 0, 0, 0, 0, 0, 0, 0, 0, 1, 0, 0, 0, 0, 0, 0, 0]	24	23	1	A segurança cibernética deve ser vista como um investimento estratégico , e não apenas como um custo operacional , pois sua ausência pode comprometer a sobrevivência de empresas e instituições .
A	DET	0	25	0	0	A cooperação internacional é fundamental , já que ataques cibernéticos não respeitam fronteiras e podem ser coordenados a partir de qualquer lugar do mundo , exigindo respostas globais e integradas .
cooperação	NOUN	0	25	1	0	A cooperação internacional é fundamental , já que ataques cibernéticos não respeitam fronteiras e podem ser coordenados a partir de qualquer lugar do mundo , exigindo respostas globais e integradas .
internacional	ADJ	0	25	2	0	A cooperação internacional é fundamental , já que ataques cibernéticos não respeitam fronteiras e podem ser coordenados a partir de qualquer lugar do mundo , exigindo respostas globais e integradas .
é	AUX	0	25	3	0	A cooperação internacional é fundamental , já que ataques cibernéticos não respeitam fronteiras e podem ser coordenados a partir de qualquer lugar do mundo , exigindo respostas globais e integradas .
fundamental	ADJ	0	25	4	0	A cooperação internacional é fundamental , já que ataques cibernéticos não respeitam fronteiras e podem ser coordenados a partir de qualquer lugar do mundo , exigindo respostas globais e integradas .
,	PUNCT	0	25	5	0	A cooperação internacional é fundamental , já que ataques cibernéticos não respeitam fronteiras e podem ser coordenados a partir de qualquer lugar do mundo , exigindo respostas globais e integradas .
já	ADV	0	25	6	0	A cooperação internacional é fundamental , já que ataques cibernéticos não respeitam fronteiras e podem ser coordenados a partir de qualquer lugar do mundo , exigindo respostas globais e integradas .
que	SCONJ	0	25	7	0	A cooperação internacional é fundamental , já que ataques cibernéticos não respeitam fronteiras e podem ser coordenados a partir de qualquer lugar do mundo , exigindo respostas globais e integradas .
ataques	NOUN	0	25	8	0	A cooperação internacional é fundamental , já que ataques cibernéticos não respeitam fronteiras e podem ser coordenados a partir de qualquer lugar do mundo , exigindo respostas globais e integradas .
cibernéticos	ADJ	1	25	9	0	A cooperação internacional é fundamental , já que ataques cibernéticos não respeitam fronteiras e podem ser coordenados a partir de qualquer lugar do mundo , exigindo respostas globais e integradas .
não	ADV	0	25	10	0	A cooperação internacional é fundamental , já que ataques cibernéticos não respeitam fronteiras e podem ser coordenados a partir de qualquer lugar do mundo , exigindo respostas globais e integradas .
respeitam	VERB	1	25	11	0	A cooperação internacional é fundamental , já que ataques cibernéticos não respeitam fronteiras e podem ser coordenados a partir de qualquer lugar do mundo , exigindo respostas globais e integradas .
fronteiras	NOUN	0	25	12	0	A cooperação internacional é fundamental , já que ataques cibernéticos não respeitam fronteiras e podem ser coordenados a partir de qualquer lugar do mundo , exigindo respostas globais e integradas .
e	CCONJ	0	25	13	0	A cooperação internacional é fundamental , já que ataques cibernéticos não respeitam fronteiras e podem ser coordenados a partir de qualquer lugar do mundo , exigindo respostas globais e integradas .
podem	VERB	0	25	14	0	A cooperação internacional é fundamental , já que ataques cibernéticos não respeitam fronteiras e podem ser coordenados a partir de qualquer lugar do mundo , exigindo respostas globais e integradas .
ser	AUX	0	25	15	0	A cooperação internacional é fundamental , já que ataques cibernéticos não respeitam fronteiras e podem ser coordenados a partir de qualquer lugar do mundo , exigindo respostas globais e integradas .
coordenados	VERB	1	25	16	0	A cooperação internacional é fundamental , já que ataques cibernéticos não respeitam fronteiras e podem ser coordenados a partir de qualquer lugar do mundo , exigindo respostas globais e integradas .
a	ADP	0	25	17	0	A cooperação internacional é fundamental , já que ataques cibernéticos não respeitam fronteiras e podem ser coordenados a partir de qualquer lugar do mundo , exigindo respostas globais e integradas .
partir	NOUN	0	25	18	0	A cooperação internacional é fundamental , já que ataques cibernéticos não respeitam fronteiras e podem ser coordenados a partir de qualquer lugar do mundo , exigindo respostas globais e integradas .
de	ADP	0	25	19	0	A cooperação internacional é fundamental , já que ataques cibernéticos não respeitam fronteiras e podem ser coordenados a partir de qualquer lugar do mundo , exigindo respostas globais e integradas .
qualquer	DET	0	25	20	0	A cooperação internacional é fundamental , já que ataques cibernéticos não respeitam fronteiras e podem ser coordenados a partir de qualquer lugar do mundo , exigindo respostas globais e integradas .
lugar	NOUN	0	25	21	0	A cooperação internacional é fundamental , já que ataques cibernéticos não respeitam fronteiras e podem ser coordenados a partir de qualquer lugar do mundo , exigindo respostas globais e integradas .
do	ADP	0	25	22	0	A cooperação internacional é fundamental , já que ataques cibernéticos não respeitam fronteiras e podem ser coordenados a partir de qualquer lugar do mundo , exigindo respostas globais e integradas .
mundo	NOUN	0	25	23	0	A cooperação internacional é fundamental , já que ataques cibernéticos não respeitam fronteiras e podem ser coordenados a partir de qualquer lugar do mundo , exigindo respostas globais e integradas .
,	PUNCT	0	25	24	0	A cooperação internacional é fundamental , já que ataques cibernéticos não respeitam fronteiras e podem ser coordenados a partir de qualquer lugar do mundo , exigindo respostas globais e integradas .
exigindo	VERB	0	25	25	0	A cooperação internacional é fundamental , já que ataques cibernéticos não respeitam fronteiras e podem ser coordenados a partir de qualquer lugar do mundo , exigindo respostas globais e integradas .
respostas	NOUN	0	25	26	0	A cooperação internacional é fundamental , já que ataques cibernéticos não respeitam fronteiras e podem ser coordenados a partir de qualquer lugar do mundo , exigindo respostas globais e integradas .
globais	ADJ	0	25	27	0	A cooperação internacional é fundamental , já que ataques cibernéticos não respeitam fronteiras e podem ser coordenados a partir de qualquer lugar do mundo , exigindo respostas globais e integradas .
e	CCONJ	0	25	28	0	A cooperação internacional é fundamental , já que ataques cibernéticos não respeitam fronteiras e podem ser coordenados a partir de qualquer lugar do mundo , exigindo respostas globais e integradas .
integradas	VERB	1	25	29	0	A cooperação internacional é fundamental , já que ataques cibernéticos não respeitam fronteiras e podem ser coordenados a partir de qualquer lugar do mundo , exigindo respostas globais e integradas .
.	PUNCT	0	25	30	0	A cooperação internacional é fundamental , já que ataques cibernéticos não respeitam fronteiras e podem ser coordenados a partir de qualquer lugar do mundo , exigindo respostas globais e integradas .
24	['DET', 'NOUN', 'ADJ', 'AUX', 'ADJ', 'PUNCT', 'ADV', 'SCONJ', 'NOUN', 'ADJ', 'ADV', 'VERB', 'NOUN', 'CCONJ', 'VERB', 'AUX', 'VERB', 'ADP', 'NOUN', 'ADP', 'DET', 'NOUN', 'ADP', 'NOUN', 'PUNCT', 'VERB', 'NOUN', 'ADJ', 'CCONJ', 'VERB', 'PUNCT']	[0, 0, 0, 0, 0, 0, 0, 0, 0, 1, 0, 1, 0, 0, 0, 0, 1, 0, 0, 0, 0, 0, 0, 0, 0, 0, 0, 0, 0, 1, 0]	25	24	1	A cooperação internacional é fundamental , já que ataques cibernéticos não respeitam fronteiras e podem ser coordenados a partir de qualquer lugar do mundo , exigindo respostas globais e integradas .
A	DET	0	26	0	0	A formação de profissionais especializados em segurança digital é cada vez mais necessária , pois a demanda por especialistas cresce em ritmo acelerado diante da complexidade das ameaças .
formação	NOUN	0	26	1	0	A formação de profissionais especializados em segurança digital é cada vez mais necessária , pois a demanda por especialistas cresce em ritmo acelerado diante da complexidade das ameaças .
de	ADP	0	26	2	0	A formação de profissionais especializados em segurança digital é cada vez mais necessária , pois a demanda por especialistas cresce em ritmo acelerado diante da complexidade das ameaças .
profissionais	NOUN	0	26	3	0	A formação de profissionais especializados em segurança digital é cada vez mais necessária , pois a demanda por especialistas cresce em ritmo acelerado diante da complexidade das ameaças .
especializados	VERB	0	26	4	0	A formação de profissionais especializados em segurança digital é cada vez mais necessária , pois a demanda por especialistas cresce em ritmo acelerado diante da complexidade das ameaças .
em	ADP	0	26	5	0	A formação de profissionais especializados em segurança digital é cada vez mais necessária , pois a demanda por especialistas cresce em ritmo acelerado diante da complexidade das ameaças .
segurança	NOUN	0	26	6	0	A formação de profissionais especializados em segurança digital é cada vez mais necessária , pois a demanda por especialistas cresce em ritmo acelerado diante da complexidade das ameaças .
digital	ADJ	0	26	7	0	A formação de profissionais especializados em segurança digital é cada vez mais necessária , pois a demanda por especialistas cresce em ritmo acelerado diante da complexidade das ameaças .
é	AUX	0	26	8	0	A formação de profissionais especializados em segurança digital é cada vez mais necessária , pois a demanda por especialistas cresce em ritmo acelerado diante da complexidade das ameaças .
cada	NOUN	0	26	9	0	A formação de profissionais especializados em segurança digital é cada vez mais necessária , pois a demanda por especialistas cresce em ritmo acelerado diante da complexidade das ameaças .
vez	ADP	0	26	10	0	A formação de profissionais especializados em segurança digital é cada vez mais necessária , pois a demanda por especialistas cresce em ritmo acelerado diante da complexidade das ameaças .
mais	ADV	0	26	11	0	A formação de profissionais especializados em segurança digital é cada vez mais necessária , pois a demanda por especialistas cresce em ritmo acelerado diante da complexidade das ameaças .
necessária	ADJ	0	26	12	0	A formação de profissionais especializados em segurança digital é cada vez mais necessária , pois a demanda por especialistas cresce em ritmo acelerado diante da complexidade das ameaças .
,	PUNCT	0	26	13	0	A formação de profissionais especializados em segurança digital é cada vez mais necessária , pois a demanda por especialistas cresce em ritmo acelerado diante da complexidade das ameaças .
pois	SCONJ	0	26	14	0	A formação de profissionais especializados em segurança digital é cada vez mais necessária , pois a demanda por especialistas cresce em ritmo acelerado diante da complexidade das ameaças .
a	DET	0	26	15	0	A formação de profissionais especializados em segurança digital é cada vez mais necessária , pois a demanda por especialistas cresce em ritmo acelerado diante da complexidade das ameaças .
demanda	NOUN	0	26	16	0	A formação de profissionais especializados em segurança digital é cada vez mais necessária , pois a demanda por especialistas cresce em ritmo acelerado diante da complexidade das ameaças .
por	ADP	0	26	17	0	A formação de profissionais especializados em segurança digital é cada vez mais necessária , pois a demanda por especialistas cresce em ritmo acelerado diante da complexidade das ameaças .
especialistas	NOUN	0	26	18	0	A formação de profissionais especializados em segurança digital é cada vez mais necessária , pois a demanda por especialistas cresce em ritmo acelerado diante da complexidade das ameaças .
cresce	VERB	0	26	19	0	A formação de profissionais especializados em segurança digital é cada vez mais necessária , pois a demanda por especialistas cresce em ritmo acelerado diante da complexidade das ameaças .
em	ADP	0	26	20	0	A formação de profissionais especializados em segurança digital é cada vez mais necessária , pois a demanda por especialistas cresce em ritmo acelerado diante da complexidade das ameaças .
ritmo	NOUN	0	26	21	0	A formação de profissionais especializados em segurança digital é cada vez mais necessária , pois a demanda por especialistas cresce em ritmo acelerado diante da complexidade das ameaças .
acelerado	VERB	1	26	22	0	A formação de profissionais especializados em segurança digital é cada vez mais necessária , pois a demanda por especialistas cresce em ritmo acelerado diante da complexidade das ameaças .
diante	ADV	0	26	23	0	A formação de profissionais especializados em segurança digital é cada vez mais necessária , pois a demanda por especialistas cresce em ritmo acelerado diante da complexidade das ameaças .
da	DET	0	26	24	0	A formação de profissionais especializados em segurança digital é cada vez mais necessária , pois a demanda por especialistas cresce em ritmo acelerado diante da complexidade das ameaças .
complexidade	NOUN	0	26	25	0	A formação de profissionais especializados em segurança digital é cada vez mais necessária , pois a demanda por especialistas cresce em ritmo acelerado diante da complexidade das ameaças .
das	ADP	0	26	26	0	A formação de profissionais especializados em segurança digital é cada vez mais necessária , pois a demanda por especialistas cresce em ritmo acelerado diante da complexidade das ameaças .
ameaças	NOUN	0	26	27	0	A formação de profissionais especializados em segurança digital é cada vez mais necessária , pois a demanda por especialistas cresce em ritmo acelerado diante da complexidade das ameaças .
.	PUNCT	0	26	28	0	A formação de profissionais especializados em segurança digital é cada vez mais necessária , pois a demanda por especialistas cresce em ritmo acelerado diante da complexidade das ameaças .
25	['DET', 'NOUN', 'ADP', 'NOUN', 'VERB', 'ADP', 'NOUN', 'ADJ', 'AUX', 'NOUN', 'ADP', 'ADV', 'ADJ', 'PUNCT', 'SCONJ', 'DET', 'NOUN', 'ADP', 'NOUN', 'VERB', 'ADP', 'NOUN', 'VERB', 'ADV', 'DET', 'NOUN', 'ADP', 'NOUN', 'PUNCT']	[0, 0, 0, 0, 0, 0, 0, 0, 0, 0, 0, 0, 0, 0, 0, 0, 0, 0, 0, 0, 0, 0, 1, 0, 0, 0, 0, 0, 0]	26	25	1	A formação de profissionais especializados em segurança digital é cada vez mais necessária , pois a demanda por especialistas cresce em ritmo acelerado diante da complexidade das ameaças .
Universidades	PROPN	1	27	0	0	Universidades e centros de pesquisa desempenham papel importante na criação de novas tecnologias e metodologias que fortalecem a segurança cibernética e preparam profissionais para enfrentar desafios futuros .
e	CCONJ	0	27	1	0	Universidades e centros de pesquisa desempenham papel importante na criação de novas tecnologias e metodologias que fortalecem a segurança cibernética e preparam profissionais para enfrentar desafios futuros .
centros	NOUN	0	27	2	0	Universidades e centros de pesquisa desempenham papel importante na criação de novas tecnologias e metodologias que fortalecem a segurança cibernética e preparam profissionais para enfrentar desafios futuros .
de	ADP	0	27	3	0	Universidades e centros de pesquisa desempenham papel importante na criação de novas tecnologias e metodologias que fortalecem a segurança cibernética e preparam profissionais para enfrentar desafios futuros .
pesquisa	NOUN	0	27	4	0	Universidades e centros de pesquisa desempenham papel importante na criação de novas tecnologias e metodologias que fortalecem a segurança cibernética e preparam profissionais para enfrentar desafios futuros .
desempenham	VERB	1	27	5	0	Universidades e centros de pesquisa desempenham papel importante na criação de novas tecnologias e metodologias que fortalecem a segurança cibernética e preparam profissionais para enfrentar desafios futuros .
papel	NOUN	0	27	6	0	Universidades e centros de pesquisa desempenham papel importante na criação de novas tecnologias e metodologias que fortalecem a segurança cibernética e preparam profissionais para enfrentar desafios futuros .
importante	ADJ	0	27	7	0	Universidades e centros de pesquisa desempenham papel importante na criação de novas tecnologias e metodologias que fortalecem a segurança cibernética e preparam profissionais para enfrentar desafios futuros .
na	ADP	0	27	8	0	Universidades e centros de pesquisa desempenham papel importante na criação de novas tecnologias e metodologias que fortalecem a segurança cibernética e preparam profissionais para enfrentar desafios futuros .
criação	NOUN	0	27	9	0	Universidades e centros de pesquisa desempenham papel importante na criação de novas tecnologias e metodologias que fortalecem a segurança cibernética e preparam profissionais para enfrentar desafios futuros .
de	ADP	0	27	10	0	Universidades e centros de pesquisa desempenham papel importante na criação de novas tecnologias e metodologias que fortalecem a segurança cibernética e preparam profissionais para enfrentar desafios futuros .
novas	ADJ	0	27	11	0	Universidades e centros de pesquisa desempenham papel importante na criação de novas tecnologias e metodologias que fortalecem a segurança cibernética e preparam profissionais para enfrentar desafios futuros .
tecnologias	NOUN	0	27	12	0	Universidades e centros de pesquisa desempenham papel importante na criação de novas tecnologias e metodologias que fortalecem a segurança cibernética e preparam profissionais para enfrentar desafios futuros .
e	CCONJ	0	27	13	0	Universidades e centros de pesquisa desempenham papel importante na criação de novas tecnologias e metodologias que fortalecem a segurança cibernética e preparam profissionais para enfrentar desafios futuros .
metodologias	NOUN	1	27	14	0	Universidades e centros de pesquisa desempenham papel importante na criação de novas tecnologias e metodologias que fortalecem a segurança cibernética e preparam profissionais para enfrentar desafios futuros .
que	PRON	0	27	15	0	Universidades e centros de pesquisa desempenham papel importante na criação de novas tecnologias e metodologias que fortalecem a segurança cibernética e preparam profissionais para enfrentar desafios futuros .
fortalecem	VERB	1	27	16	0	Universidades e centros de pesquisa desempenham papel importante na criação de novas tecnologias e metodologias que fortalecem a segurança cibernética e preparam profissionais para enfrentar desafios futuros .
a	DET	0	27	17	0	Universidades e centros de pesquisa desempenham papel importante na criação de novas tecnologias e metodologias que fortalecem a segurança cibernética e preparam profissionais para enfrentar desafios futuros .
segurança	NOUN	0	27	18	0	Universidades e centros de pesquisa desempenham papel importante na criação de novas tecnologias e metodologias que fortalecem a segurança cibernética e preparam profissionais para enfrentar desafios futuros .
cibernética	ADJ	1	27	19	0	Universidades e centros de pesquisa desempenham papel importante na criação de novas tecnologias e metodologias que fortalecem a segurança cibernética e preparam profissionais para enfrentar desafios futuros .
e	CCONJ	0	27	20	0	Universidades e centros de pesquisa desempenham papel importante na criação de novas tecnologias e metodologias que fortalecem a segurança cibernética e preparam profissionais para enfrentar desafios futuros .
preparam	VERB	1	27	21	0	Universidades e centros de pesquisa desempenham papel importante na criação de novas tecnologias e metodologias que fortalecem a segurança cibernética e preparam profissionais para enfrentar desafios futuros .
profissionais	NOUN	0	27	22	0	Universidades e centros de pesquisa desempenham papel importante na criação de novas tecnologias e metodologias que fortalecem a segurança cibernética e preparam profissionais para enfrentar desafios futuros .
para	SCONJ	0	27	23	0	Universidades e centros de pesquisa desempenham papel importante na criação de novas tecnologias e metodologias que fortalecem a segurança cibernética e preparam profissionais para enfrentar desafios futuros .
enfrentar	VERB	0	27	24	0	Universidades e centros de pesquisa desempenham papel importante na criação de novas tecnologias e metodologias que fortalecem a segurança cibernética e preparam profissionais para enfrentar desafios futuros .
desafios	NOUN	0	27	25	0	Universidades e centros de pesquisa desempenham papel importante na criação de novas tecnologias e metodologias que fortalecem a segurança cibernética e preparam profissionais para enfrentar desafios futuros .
futuros	ADJ	0	27	26	0	Universidades e centros de pesquisa desempenham papel importante na criação de novas tecnologias e metodologias que fortalecem a segurança cibernética e preparam profissionais para enfrentar desafios futuros .
.	PUNCT	0	27	27	0	Universidades e centros de pesquisa desempenham papel importante na criação de novas tecnologias e metodologias que fortalecem a segurança cibernética e preparam profissionais para enfrentar desafios futuros .
26	['PROPN', 'CCONJ', 'NOUN', 'ADP', 'NOUN', 'VERB', 'NOUN', 'ADJ', 'ADP', 'NOUN', 'ADP', 'ADJ', 'NOUN', 'CCONJ', 'NOUN', 'PRON', 'VERB', 'DET', 'NOUN', 'ADJ', 'CCONJ', 'VERB', 'NOUN', 'SCONJ', 'VERB', 'NOUN', 'ADJ', 'PUNCT']	[1, 0, 0, 0, 0, 1, 0, 0, 0, 0, 0, 0, 0, 0, 1, 0, 1, 0, 0, 1, 0, 1, 0, 0, 0, 0, 0, 0]	27	26	1	Universidades e centros de pesquisa desempenham papel importante na criação de novas tecnologias e metodologias que fortalecem a segurança cibernética e preparam profissionais para enfrentar desafios futuros .
A	DET	0	28	0	0	A segurança cibernética também envolve ética , pois proteger dados significa respeitar a privacidade e os direitos fundamentais dos cidadãos em um mundo cada vez mais digitalizado .
segurança	NOUN	0	28	1	0	A segurança cibernética também envolve ética , pois proteger dados significa respeitar a privacidade e os direitos fundamentais dos cidadãos em um mundo cada vez mais digitalizado .
cibernética	ADJ	1	28	2	0	A segurança cibernética também envolve ética , pois proteger dados significa respeitar a privacidade e os direitos fundamentais dos cidadãos em um mundo cada vez mais digitalizado .
também	ADV	0	28	3	0	A segurança cibernética também envolve ética , pois proteger dados significa respeitar a privacidade e os direitos fundamentais dos cidadãos em um mundo cada vez mais digitalizado .
envolve	VERB	0	28	4	0	A segurança cibernética também envolve ética , pois proteger dados significa respeitar a privacidade e os direitos fundamentais dos cidadãos em um mundo cada vez mais digitalizado .
ética	NOUN	0	28	5	0	A segurança cibernética também envolve ética , pois proteger dados significa respeitar a privacidade e os direitos fundamentais dos cidadãos em um mundo cada vez mais digitalizado .
,	PUNCT	0	28	6	0	A segurança cibernética também envolve ética , pois proteger dados significa respeitar a privacidade e os direitos fundamentais dos cidadãos em um mundo cada vez mais digitalizado .
pois	SCONJ	0	28	7	0	A segurança cibernética também envolve ética , pois proteger dados significa respeitar a privacidade e os direitos fundamentais dos cidadãos em um mundo cada vez mais digitalizado .
proteger	VERB	0	28	8	0	A segurança cibernética também envolve ética , pois proteger dados significa respeitar a privacidade e os direitos fundamentais dos cidadãos em um mundo cada vez mais digitalizado .
dados	NOUN	0	28	9	0	A segurança cibernética também envolve ética , pois proteger dados significa respeitar a privacidade e os direitos fundamentais dos cidadãos em um mundo cada vez mais digitalizado .
significa	VERB	0	28	10	0	A segurança cibernética também envolve ética , pois proteger dados significa respeitar a privacidade e os direitos fundamentais dos cidadãos em um mundo cada vez mais digitalizado .
respeitar	VERB	1	28	11	0	A segurança cibernética também envolve ética , pois proteger dados significa respeitar a privacidade e os direitos fundamentais dos cidadãos em um mundo cada vez mais digitalizado .
a	DET	0	28	12	0	A segurança cibernética também envolve ética , pois proteger dados significa respeitar a privacidade e os direitos fundamentais dos cidadãos em um mundo cada vez mais digitalizado .
privacidade	NOUN	1	28	13	0	A segurança cibernética também envolve ética , pois proteger dados significa respeitar a privacidade e os direitos fundamentais dos cidadãos em um mundo cada vez mais digitalizado .
e	CCONJ	0	28	14	0	A segurança cibernética também envolve ética , pois proteger dados significa respeitar a privacidade e os direitos fundamentais dos cidadãos em um mundo cada vez mais digitalizado .
os	DET	0	28	15	0	A segurança cibernética também envolve ética , pois proteger dados significa respeitar a privacidade e os direitos fundamentais dos cidadãos em um mundo cada vez mais digitalizado .
direitos	NOUN	0	28	16	0	A segurança cibernética também envolve ética , pois proteger dados significa respeitar a privacidade e os direitos fundamentais dos cidadãos em um mundo cada vez mais digitalizado .
fundamentais	ADJ	0	28	17	0	A segurança cibernética também envolve ética , pois proteger dados significa respeitar a privacidade e os direitos fundamentais dos cidadãos em um mundo cada vez mais digitalizado .
dos	ADP	0	28	18	0	A segurança cibernética também envolve ética , pois proteger dados significa respeitar a privacidade e os direitos fundamentais dos cidadãos em um mundo cada vez mais digitalizado .
cidadãos	NOUN	0	28	19	0	A segurança cibernética também envolve ética , pois proteger dados significa respeitar a privacidade e os direitos fundamentais dos cidadãos em um mundo cada vez mais digitalizado .
em	ADP	0	28	20	0	A segurança cibernética também envolve ética , pois proteger dados significa respeitar a privacidade e os direitos fundamentais dos cidadãos em um mundo cada vez mais digitalizado .
um	DET	0	28	21	0	A segurança cibernética também envolve ética , pois proteger dados significa respeitar a privacidade e os direitos fundamentais dos cidadãos em um mundo cada vez mais digitalizado .
mundo	NOUN	0	28	22	0	A segurança cibernética também envolve ética , pois proteger dados significa respeitar a privacidade e os direitos fundamentais dos cidadãos em um mundo cada vez mais digitalizado .
cada	NOUN	0	28	23	0	A segurança cibernética também envolve ética , pois proteger dados significa respeitar a privacidade e os direitos fundamentais dos cidadãos em um mundo cada vez mais digitalizado .
vez	ADP	0	28	24	0	A segurança cibernética também envolve ética , pois proteger dados significa respeitar a privacidade e os direitos fundamentais dos cidadãos em um mundo cada vez mais digitalizado .
mais	ADV	0	28	25	0	A segurança cibernética também envolve ética , pois proteger dados significa respeitar a privacidade e os direitos fundamentais dos cidadãos em um mundo cada vez mais digitalizado .
digitalizado	ADJ	1	28	26	0	A segurança cibernética também envolve ética , pois proteger dados significa respeitar a privacidade e os direitos fundamentais dos cidadãos em um mundo cada vez mais digitalizado .
.	PUNCT	0	28	27	0	A segurança cibernética também envolve ética , pois proteger dados significa respeitar a privacidade e os direitos fundamentais dos cidadãos em um mundo cada vez mais digitalizado .
27	['DET', 'NOUN', 'ADJ', 'ADV', 'VERB', 'NOUN', 'PUNCT', 'SCONJ', 'VERB', 'NOUN', 'VERB', 'VERB', 'DET', 'NOUN', 'CCONJ', 'DET', 'NOUN', 'ADJ', 'ADP', 'NOUN', 'ADP', 'DET', 'NOUN', 'NOUN', 'ADP', 'ADV', 'ADJ', 'PUNCT']	[0, 0, 1, 0, 0, 0, 0, 0, 0, 0, 0, 1, 0, 1, 0, 0, 0, 0, 0, 0, 0, 0, 0, 0, 0, 0, 1, 0]	28	27	1	A segurança cibernética também envolve ética , pois proteger dados significa respeitar a privacidade e os direitos fundamentais dos cidadãos em um mundo cada vez mais digitalizado .
Empresas	NOUN	1	29	0	0	Empresas que adotam boas práticas de segurança digital demonstram responsabilidade social , fortalecendo sua imagem e criando relações de confiança com clientes e parceiros .
que	PRON	0	29	1	0	Empresas que adotam boas práticas de segurança digital demonstram responsabilidade social , fortalecendo sua imagem e criando relações de confiança com clientes e parceiros .
adotam	VERB	1	29	2	0	Empresas que adotam boas práticas de segurança digital demonstram responsabilidade social , fortalecendo sua imagem e criando relações de confiança com clientes e parceiros .
boas	ADJ	0	29	3	0	Empresas que adotam boas práticas de segurança digital demonstram responsabilidade social , fortalecendo sua imagem e criando relações de confiança com clientes e parceiros .
práticas	NOUN	0	29	4	0	Empresas que adotam boas práticas de segurança digital demonstram responsabilidade social , fortalecendo sua imagem e criando relações de confiança com clientes e parceiros .
de	ADP	0	29	5	0	Empresas que adotam boas práticas de segurança digital demonstram responsabilidade social , fortalecendo sua imagem e criando relações de confiança com clientes e parceiros .
segurança	NOUN	0	29	6	0	Empresas que adotam boas práticas de segurança digital demonstram responsabilidade social , fortalecendo sua imagem e criando relações de confiança com clientes e parceiros .
digital	ADJ	0	29	7	0	Empresas que adotam boas práticas de segurança digital demonstram responsabilidade social , fortalecendo sua imagem e criando relações de confiança com clientes e parceiros .
demonstram	VERB	1	29	8	0	Empresas que adotam boas práticas de segurança digital demonstram responsabilidade social , fortalecendo sua imagem e criando relações de confiança com clientes e parceiros .
responsabilidade	NOUN	1	29	9	0	Empresas que adotam boas práticas de segurança digital demonstram responsabilidade social , fortalecendo sua imagem e criando relações de confiança com clientes e parceiros .
social	ADJ	0	29	10	0	Empresas que adotam boas práticas de segurança digital demonstram responsabilidade social , fortalecendo sua imagem e criando relações de confiança com clientes e parceiros .
,	PUNCT	0	29	11	0	Empresas que adotam boas práticas de segurança digital demonstram responsabilidade social , fortalecendo sua imagem e criando relações de confiança com clientes e parceiros .
fortalecendo	VERB	1	29	12	0	Empresas que adotam boas práticas de segurança digital demonstram responsabilidade social , fortalecendo sua imagem e criando relações de confiança com clientes e parceiros .
sua	DET	0	29	13	0	Empresas que adotam boas práticas de segurança digital demonstram responsabilidade social , fortalecendo sua imagem e criando relações de confiança com clientes e parceiros .
imagem	NOUN	0	29	14	0	Empresas que adotam boas práticas de segurança digital demonstram responsabilidade social , fortalecendo sua imagem e criando relações de confiança com clientes e parceiros .
e	CCONJ	0	29	15	0	Empresas que adotam boas práticas de segurança digital demonstram responsabilidade social , fortalecendo sua imagem e criando relações de confiança com clientes e parceiros .
criando	VERB	0	29	16	0	Empresas que adotam boas práticas de segurança digital demonstram responsabilidade social , fortalecendo sua imagem e criando relações de confiança com clientes e parceiros .
relações	NOUN	0	29	17	0	Empresas que adotam boas práticas de segurança digital demonstram responsabilidade social , fortalecendo sua imagem e criando relações de confiança com clientes e parceiros .
de	ADP	0	29	18	0	Empresas que adotam boas práticas de segurança digital demonstram responsabilidade social , fortalecendo sua imagem e criando relações de confiança com clientes e parceiros .
confiança	NOUN	0	29	19	0	Empresas que adotam boas práticas de segurança digital demonstram responsabilidade social , fortalecendo sua imagem e criando relações de confiança com clientes e parceiros .
com	ADP	0	29	20	0	Empresas que adotam boas práticas de segurança digital demonstram responsabilidade social , fortalecendo sua imagem e criando relações de confiança com clientes e parceiros .
clientes	NOUN	0	29	21	0	Empresas que adotam boas práticas de segurança digital demonstram responsabilidade social , fortalecendo sua imagem e criando relações de confiança com clientes e parceiros .
e	CCONJ	0	29	22	0	Empresas que adotam boas práticas de segurança digital demonstram responsabilidade social , fortalecendo sua imagem e criando relações de confiança com clientes e parceiros .
parceiros	NOUN	0	29	23	0	Empresas que adotam boas práticas de segurança digital demonstram responsabilidade social , fortalecendo sua imagem e criando relações de confiança com clientes e parceiros .
.	PUNCT	0	29	24	0	Empresas que adotam boas práticas de segurança digital demonstram responsabilidade social , fortalecendo sua imagem e criando relações de confiança com clientes e parceiros .
28	['NOUN', 'PRON', 'VERB', 'ADJ', 'NOUN', 'ADP', 'NOUN', 'ADJ', 'VERB', 'NOUN', 'ADJ', 'PUNCT', 'VERB', 'DET', 'NOUN', 'CCONJ', 'VERB', 'NOUN', 'ADP', 'NOUN', 'ADP', 'NOUN', 'CCONJ', 'NOUN', 'PUNCT']	[1, 0, 1, 0, 0, 0, 0, 0, 1, 1, 0, 0, 1, 0, 0, 0, 0, 0, 0, 0, 0, 0, 0, 0, 0]	29	28	1	Empresas que adotam boas práticas de segurança digital demonstram responsabilidade social , fortalecendo sua imagem e criando relações de confiança com clientes e parceiros .
A	DET	0	30	0	0	A inovação tecnológica deve caminhar lado a lado com a segurança , garantindo que novos produtos e serviços sejam desenvolvidos com proteção integrada desde sua concepção .
inovação	NOUN	0	30	1	0	A inovação tecnológica deve caminhar lado a lado com a segurança , garantindo que novos produtos e serviços sejam desenvolvidos com proteção integrada desde sua concepção .
tecnológica	ADJ	0	30	2	0	A inovação tecnológica deve caminhar lado a lado com a segurança , garantindo que novos produtos e serviços sejam desenvolvidos com proteção integrada desde sua concepção .
deve	VERB	0	30	3	0	A inovação tecnológica deve caminhar lado a lado com a segurança , garantindo que novos produtos e serviços sejam desenvolvidos com proteção integrada desde sua concepção .
caminhar	VERB	1	30	4	0	A inovação tecnológica deve caminhar lado a lado com a segurança , garantindo que novos produtos e serviços sejam desenvolvidos com proteção integrada desde sua concepção .
lado	NOUN	0	30	5	0	A inovação tecnológica deve caminhar lado a lado com a segurança , garantindo que novos produtos e serviços sejam desenvolvidos com proteção integrada desde sua concepção .
a	ADP	0	30	6	0	A inovação tecnológica deve caminhar lado a lado com a segurança , garantindo que novos produtos e serviços sejam desenvolvidos com proteção integrada desde sua concepção .
lado	NOUN	0	30	7	0	A inovação tecnológica deve caminhar lado a lado com a segurança , garantindo que novos produtos e serviços sejam desenvolvidos com proteção integrada desde sua concepção .
com	ADP	0	30	8	0	A inovação tecnológica deve caminhar lado a lado com a segurança , garantindo que novos produtos e serviços sejam desenvolvidos com proteção integrada desde sua concepção .
a	DET	0	30	9	0	A inovação tecnológica deve caminhar lado a lado com a segurança , garantindo que novos produtos e serviços sejam desenvolvidos com proteção integrada desde sua concepção .
segurança	NOUN	0	30	10	0	A inovação tecnológica deve caminhar lado a lado com a segurança , garantindo que novos produtos e serviços sejam desenvolvidos com proteção integrada desde sua concepção .
,	PUNCT	0	30	11	0	A inovação tecnológica deve caminhar lado a lado com a segurança , garantindo que novos produtos e serviços sejam desenvolvidos com proteção integrada desde sua concepção .
garantindo	VERB	0	30	12	0	A inovação tecnológica deve caminhar lado a lado com a segurança , garantindo que novos produtos e serviços sejam desenvolvidos com proteção integrada desde sua concepção .
que	SCONJ	0	30	13	0	A inovação tecnológica deve caminhar lado a lado com a segurança , garantindo que novos produtos e serviços sejam desenvolvidos com proteção integrada desde sua concepção .
novos	ADJ	0	30	14	0	A inovação tecnológica deve caminhar lado a lado com a segurança , garantindo que novos produtos e serviços sejam desenvolvidos com proteção integrada desde sua concepção .
produtos	NOUN	0	30	15	0	A inovação tecnológica deve caminhar lado a lado com a segurança , garantindo que novos produtos e serviços sejam desenvolvidos com proteção integrada desde sua concepção .
e	CCONJ	0	30	16	0	A inovação tecnológica deve caminhar lado a lado com a segurança , garantindo que novos produtos e serviços sejam desenvolvidos com proteção integrada desde sua concepção .
serviços	NOUN	0	30	17	0	A inovação tecnológica deve caminhar lado a lado com a segurança , garantindo que novos produtos e serviços sejam desenvolvidos com proteção integrada desde sua concepção .
sejam	AUX	0	30	18	0	A inovação tecnológica deve caminhar lado a lado com a segurança , garantindo que novos produtos e serviços sejam desenvolvidos com proteção integrada desde sua concepção .
desenvolvidos	VERB	0	30	19	0	A inovação tecnológica deve caminhar lado a lado com a segurança , garantindo que novos produtos e serviços sejam desenvolvidos com proteção integrada desde sua concepção .
com	ADP	0	30	20	0	A inovação tecnológica deve caminhar lado a lado com a segurança , garantindo que novos produtos e serviços sejam desenvolvidos com proteção integrada desde sua concepção .
proteção	NOUN	0	30	21	0	A inovação tecnológica deve caminhar lado a lado com a segurança , garantindo que novos produtos e serviços sejam desenvolvidos com proteção integrada desde sua concepção .
integrada	VERB	0	30	22	0	A inovação tecnológica deve caminhar lado a lado com a segurança , garantindo que novos produtos e serviços sejam desenvolvidos com proteção integrada desde sua concepção .
desde	ADP	0	30	23	0	A inovação tecnológica deve caminhar lado a lado com a segurança , garantindo que novos produtos e serviços sejam desenvolvidos com proteção integrada desde sua concepção .
sua	DET	0	30	24	0	A inovação tecnológica deve caminhar lado a lado com a segurança , garantindo que novos produtos e serviços sejam desenvolvidos com proteção integrada desde sua concepção .
concepção	NOUN	0	30	25	0	A inovação tecnológica deve caminhar lado a lado com a segurança , garantindo que novos produtos e serviços sejam desenvolvidos com proteção integrada desde sua concepção .
.	PUNCT	0	30	26	0	A inovação tecnológica deve caminhar lado a lado com a segurança , garantindo que novos produtos e serviços sejam desenvolvidos com proteção integrada desde sua concepção .
29	['DET', 'NOUN', 'ADJ', 'VERB', 'VERB', 'NOUN', 'ADP', 'NOUN', 'ADP', 'DET', 'NOUN', 'PUNCT', 'VERB', 'SCONJ', 'ADJ', 'NOUN', 'CCONJ', 'NOUN', 'AUX', 'VERB', 'ADP', 'NOUN', 'VERB', 'ADP', 'DET', 'NOUN', 'PUNCT']	[0, 0, 0, 0, 1, 0, 0, 0, 0, 0, 0, 0, 0, 0, 0, 0, 0, 0, 0, 0, 0, 0, 0, 0, 0, 0, 0]	30	29	1	A inovação tecnológica deve caminhar lado a lado com a segurança , garantindo que novos produtos e serviços sejam desenvolvidos com proteção integrada desde sua concepção .
A	DET	0	31	0	0	A segurança cibernética é dinâmica e exige atualização constante , pois ferramentas eficazes hoje podem se tornar obsoletas diante das novas técnicas utilizadas por criminosos digitais amanhã .
segurança	NOUN	0	31	1	0	A segurança cibernética é dinâmica e exige atualização constante , pois ferramentas eficazes hoje podem se tornar obsoletas diante das novas técnicas utilizadas por criminosos digitais amanhã .
cibernética	ADJ	1	31	2	0	A segurança cibernética é dinâmica e exige atualização constante , pois ferramentas eficazes hoje podem se tornar obsoletas diante das novas técnicas utilizadas por criminosos digitais amanhã .
é	AUX	0	31	3	0	A segurança cibernética é dinâmica e exige atualização constante , pois ferramentas eficazes hoje podem se tornar obsoletas diante das novas técnicas utilizadas por criminosos digitais amanhã .
dinâmica	ADJ	0	31	4	0	A segurança cibernética é dinâmica e exige atualização constante , pois ferramentas eficazes hoje podem se tornar obsoletas diante das novas técnicas utilizadas por criminosos digitais amanhã .
e	CCONJ	0	31	5	0	A segurança cibernética é dinâmica e exige atualização constante , pois ferramentas eficazes hoje podem se tornar obsoletas diante das novas técnicas utilizadas por criminosos digitais amanhã .
exige	VERB	0	31	6	0	A segurança cibernética é dinâmica e exige atualização constante , pois ferramentas eficazes hoje podem se tornar obsoletas diante das novas técnicas utilizadas por criminosos digitais amanhã .
atualização	NOUN	0	31	7	0	A segurança cibernética é dinâmica e exige atualização constante , pois ferramentas eficazes hoje podem se tornar obsoletas diante das novas técnicas utilizadas por criminosos digitais amanhã .
constante	ADJ	0	31	8	0	A segurança cibernética é dinâmica e exige atualização constante , pois ferramentas eficazes hoje podem se tornar obsoletas diante das novas técnicas utilizadas por criminosos digitais amanhã .
,	PUNCT	0	31	9	0	A segurança cibernética é dinâmica e exige atualização constante , pois ferramentas eficazes hoje podem se tornar obsoletas diante das novas técnicas utilizadas por criminosos digitais amanhã .
pois	SCONJ	0	31	10	0	A segurança cibernética é dinâmica e exige atualização constante , pois ferramentas eficazes hoje podem se tornar obsoletas diante das novas técnicas utilizadas por criminosos digitais amanhã .
ferramentas	NOUN	0	31	11	0	A segurança cibernética é dinâmica e exige atualização constante , pois ferramentas eficazes hoje podem se tornar obsoletas diante das novas técnicas utilizadas por criminosos digitais amanhã .
eficazes	ADJ	1	31	12	0	A segurança cibernética é dinâmica e exige atualização constante , pois ferramentas eficazes hoje podem se tornar obsoletas diante das novas técnicas utilizadas por criminosos digitais amanhã .
hoje	ADV	0	31	13	0	A segurança cibernética é dinâmica e exige atualização constante , pois ferramentas eficazes hoje podem se tornar obsoletas diante das novas técnicas utilizadas por criminosos digitais amanhã .
podem	VERB	0	31	14	0	A segurança cibernética é dinâmica e exige atualização constante , pois ferramentas eficazes hoje podem se tornar obsoletas diante das novas técnicas utilizadas por criminosos digitais amanhã .
se	PRON	0	31	15	0	A segurança cibernética é dinâmica e exige atualização constante , pois ferramentas eficazes hoje podem se tornar obsoletas diante das novas técnicas utilizadas por criminosos digitais amanhã .
tornar	VERB	0	31	16	0	A segurança cibernética é dinâmica e exige atualização constante , pois ferramentas eficazes hoje podem se tornar obsoletas diante das novas técnicas utilizadas por criminosos digitais amanhã .
obsoletas	ADJ	1	31	17	0	A segurança cibernética é dinâmica e exige atualização constante , pois ferramentas eficazes hoje podem se tornar obsoletas diante das novas técnicas utilizadas por criminosos digitais amanhã .
diante	ADV	0	31	18	0	A segurança cibernética é dinâmica e exige atualização constante , pois ferramentas eficazes hoje podem se tornar obsoletas diante das novas técnicas utilizadas por criminosos digitais amanhã .
das	DET	0	31	19	0	A segurança cibernética é dinâmica e exige atualização constante , pois ferramentas eficazes hoje podem se tornar obsoletas diante das novas técnicas utilizadas por criminosos digitais amanhã .
novas	ADJ	0	31	20	0	A segurança cibernética é dinâmica e exige atualização constante , pois ferramentas eficazes hoje podem se tornar obsoletas diante das novas técnicas utilizadas por criminosos digitais amanhã .
técnicas	NOUN	0	31	21	0	A segurança cibernética é dinâmica e exige atualização constante , pois ferramentas eficazes hoje podem se tornar obsoletas diante das novas técnicas utilizadas por criminosos digitais amanhã .
utilizadas	VERB	0	31	22	0	A segurança cibernética é dinâmica e exige atualização constante , pois ferramentas eficazes hoje podem se tornar obsoletas diante das novas técnicas utilizadas por criminosos digitais amanhã .
por	ADP	0	31	23	0	A segurança cibernética é dinâmica e exige atualização constante , pois ferramentas eficazes hoje podem se tornar obsoletas diante das novas técnicas utilizadas por criminosos digitais amanhã .
criminosos	NOUN	0	31	24	0	A segurança cibernética é dinâmica e exige atualização constante , pois ferramentas eficazes hoje podem se tornar obsoletas diante das novas técnicas utilizadas por criminosos digitais amanhã .
digitais	ADJ	0	31	25	0	A segurança cibernética é dinâmica e exige atualização constante , pois ferramentas eficazes hoje podem se tornar obsoletas diante das novas técnicas utilizadas por criminosos digitais amanhã .
amanhã	ADV	1	31	26	0	A segurança cibernética é dinâmica e exige atualização constante , pois ferramentas eficazes hoje podem se tornar obsoletas diante das novas técnicas utilizadas por criminosos digitais amanhã .
.	PUNCT	0	31	27	0	A segurança cibernética é dinâmica e exige atualização constante , pois ferramentas eficazes hoje podem se tornar obsoletas diante das novas técnicas utilizadas por criminosos digitais amanhã .
30	['DET', 'NOUN', 'ADJ', 'AUX', 'ADJ', 'CCONJ', 'VERB', 'NOUN', 'ADJ', 'PUNCT', 'SCONJ', 'NOUN', 'ADJ', 'ADV', 'VERB', 'PRON', 'VERB', 'ADJ', 'ADV', 'DET', 'ADJ', 'NOUN', 'VERB', 'ADP', 'NOUN', 'ADJ', 'ADV', 'PUNCT']	[0, 0, 1, 0, 0, 0, 0, 0, 0, 0, 0, 0, 1, 0, 0, 0, 0, 1, 0, 0, 0, 0, 0, 0, 0, 0, 1, 0]	31	30	1	A segurança cibernética é dinâmica e exige atualização constante , pois ferramentas eficazes hoje podem se tornar obsoletas diante das novas técnicas utilizadas por criminosos digitais amanhã .
A	DET	0	32	0	0	A conscientização coletiva é indispensável , pois apenas com a participação ativa de todos os cidadãos é possível criar um ambiente digital mais seguro e confiável .
conscientização	NOUN	1	32	1	0	A conscientização coletiva é indispensável , pois apenas com a participação ativa de todos os cidadãos é possível criar um ambiente digital mais seguro e confiável .
coletiva	ADJ	0	32	2	0	A conscientização coletiva é indispensável , pois apenas com a participação ativa de todos os cidadãos é possível criar um ambiente digital mais seguro e confiável .
é	AUX	0	32	3	0	A conscientização coletiva é indispensável , pois apenas com a participação ativa de todos os cidadãos é possível criar um ambiente digital mais seguro e confiável .
indispensável	ADJ	1	32	4	0	A conscientização coletiva é indispensável , pois apenas com a participação ativa de todos os cidadãos é possível criar um ambiente digital mais seguro e confiável .
,	PUNCT	0	32	5	0	A conscientização coletiva é indispensável , pois apenas com a participação ativa de todos os cidadãos é possível criar um ambiente digital mais seguro e confiável .
pois	SCONJ	0	32	6	0	A conscientização coletiva é indispensável , pois apenas com a participação ativa de todos os cidadãos é possível criar um ambiente digital mais seguro e confiável .
apenas	ADV	0	32	7	0	A conscientização coletiva é indispensável , pois apenas com a participação ativa de todos os cidadãos é possível criar um ambiente digital mais seguro e confiável .
com	ADP	0	32	8	0	A conscientização coletiva é indispensável , pois apenas com a participação ativa de todos os cidadãos é possível criar um ambiente digital mais seguro e confiável .
a	DET	0	32	9	0	A conscientização coletiva é indispensável , pois apenas com a participação ativa de todos os cidadãos é possível criar um ambiente digital mais seguro e confiável .
participação	NOUN	0	32	10	0	A conscientização coletiva é indispensável , pois apenas com a participação ativa de todos os cidadãos é possível criar um ambiente digital mais seguro e confiável .
ativa	ADJ	0	32	11	0	A conscientização coletiva é indispensável , pois apenas com a participação ativa de todos os cidadãos é possível criar um ambiente digital mais seguro e confiável .
de	ADP	0	32	12	0	A conscientização coletiva é indispensável , pois apenas com a participação ativa de todos os cidadãos é possível criar um ambiente digital mais seguro e confiável .
todos	DET	0	32	13	0	A conscientização coletiva é indispensável , pois apenas com a participação ativa de todos os cidadãos é possível criar um ambiente digital mais seguro e confiável .
os	DET	0	32	14	0	A conscientização coletiva é indispensável , pois apenas com a participação ativa de todos os cidadãos é possível criar um ambiente digital mais seguro e confiável .
cidadãos	NOUN	0	32	15	0	A conscientização coletiva é indispensável , pois apenas com a participação ativa de todos os cidadãos é possível criar um ambiente digital mais seguro e confiável .
é	AUX	0	32	16	0	A conscientização coletiva é indispensável , pois apenas com a participação ativa de todos os cidadãos é possível criar um ambiente digital mais seguro e confiável .
possível	ADJ	0	32	17	0	A conscientização coletiva é indispensável , pois apenas com a participação ativa de todos os cidadãos é possível criar um ambiente digital mais seguro e confiável .
criar	VERB	0	32	18	0	A conscientização coletiva é indispensável , pois apenas com a participação ativa de todos os cidadãos é possível criar um ambiente digital mais seguro e confiável .
um	DET	0	32	19	0	A conscientização coletiva é indispensável , pois apenas com a participação ativa de todos os cidadãos é possível criar um ambiente digital mais seguro e confiável .
ambiente	NOUN	0	32	20	0	A conscientização coletiva é indispensável , pois apenas com a participação ativa de todos os cidadãos é possível criar um ambiente digital mais seguro e confiável .
digital	ADJ	0	32	21	0	A conscientização coletiva é indispensável , pois apenas com a participação ativa de todos os cidadãos é possível criar um ambiente digital mais seguro e confiável .
mais	ADV	0	32	22	0	A conscientização coletiva é indispensável , pois apenas com a participação ativa de todos os cidadãos é possível criar um ambiente digital mais seguro e confiável .
seguro	ADJ	0	32	23	0	A conscientização coletiva é indispensável , pois apenas com a participação ativa de todos os cidadãos é possível criar um ambiente digital mais seguro e confiável .
e	CCONJ	0	32	24	0	A conscientização coletiva é indispensável , pois apenas com a participação ativa de todos os cidadãos é possível criar um ambiente digital mais seguro e confiável .
confiável	ADJ	0	32	25	0	A conscientização coletiva é indispensável , pois apenas com a participação ativa de todos os cidadãos é possível criar um ambiente digital mais seguro e confiável .
.	PUNCT	0	32	26	0	A conscientização coletiva é indispensável , pois apenas com a participação ativa de todos os cidadãos é possível criar um ambiente digital mais seguro e confiável .
31	['DET', 'NOUN', 'ADJ', 'AUX', 'ADJ', 'PUNCT', 'SCONJ', 'ADV', 'ADP', 'DET', 'NOUN', 'ADJ', 'ADP', 'DET', 'DET', 'NOUN', 'AUX', 'ADJ', 'VERB', 'DET', 'NOUN', 'ADJ', 'ADV', 'ADJ', 'CCONJ', 'ADJ', 'PUNCT']	[0, 1, 0, 0, 1, 0, 0, 0, 0, 0, 0, 0, 0, 0, 0, 0, 0, 0, 0, 0, 0, 0, 0, 0, 0, 0, 0]	32	31	1	A conscientização coletiva é indispensável , pois apenas com a participação ativa de todos os cidadãos é possível criar um ambiente digital mais seguro e confiável .
A	DET	0	33	0	0	A segurança cibernética também protege a democracia , evitando manipulações digitais que possam influenciar processos eleitorais ou disseminar desinformação em larga escala .
segurança	NOUN	0	33	1	0	A segurança cibernética também protege a democracia , evitando manipulações digitais que possam influenciar processos eleitorais ou disseminar desinformação em larga escala .
cibernética	ADJ	1	33	2	0	A segurança cibernética também protege a democracia , evitando manipulações digitais que possam influenciar processos eleitorais ou disseminar desinformação em larga escala .
também	ADV	0	33	3	0	A segurança cibernética também protege a democracia , evitando manipulações digitais que possam influenciar processos eleitorais ou disseminar desinformação em larga escala .
protege	VERB	0	33	4	0	A segurança cibernética também protege a democracia , evitando manipulações digitais que possam influenciar processos eleitorais ou disseminar desinformação em larga escala .
a	DET	0	33	5	0	A segurança cibernética também protege a democracia , evitando manipulações digitais que possam influenciar processos eleitorais ou disseminar desinformação em larga escala .
democracia	NOUN	0	33	6	0	A segurança cibernética também protege a democracia , evitando manipulações digitais que possam influenciar processos eleitorais ou disseminar desinformação em larga escala .
,	PUNCT	0	33	7	0	A segurança cibernética também protege a democracia , evitando manipulações digitais que possam influenciar processos eleitorais ou disseminar desinformação em larga escala .
evitando	VERB	0	33	8	0	A segurança cibernética também protege a democracia , evitando manipulações digitais que possam influenciar processos eleitorais ou disseminar desinformação em larga escala .
manipulações	NOUN	1	33	9	0	A segurança cibernética também protege a democracia , evitando manipulações digitais que possam influenciar processos eleitorais ou disseminar desinformação em larga escala .
digitais	ADJ	0	33	10	0	A segurança cibernética também protege a democracia , evitando manipulações digitais que possam influenciar processos eleitorais ou disseminar desinformação em larga escala .
que	PRON	0	33	11	0	A segurança cibernética também protege a democracia , evitando manipulações digitais que possam influenciar processos eleitorais ou disseminar desinformação em larga escala .
possam	VERB	0	33	12	0	A segurança cibernética também protege a democracia , evitando manipulações digitais que possam influenciar processos eleitorais ou disseminar desinformação em larga escala .
influenciar	VERB	0	33	13	0	A segurança cibernética também protege a democracia , evitando manipulações digitais que possam influenciar processos eleitorais ou disseminar desinformação em larga escala .
processos	NOUN	0	33	14	0	A segurança cibernética também protege a democracia , evitando manipulações digitais que possam influenciar processos eleitorais ou disseminar desinformação em larga escala .
eleitorais	ADJ	0	33	15	0	A segurança cibernética também protege a democracia , evitando manipulações digitais que possam influenciar processos eleitorais ou disseminar desinformação em larga escala .
ou	CCONJ	0	33	16	0	A segurança cibernética também protege a democracia , evitando manipulações digitais que possam influenciar processos eleitorais ou disseminar desinformação em larga escala .
disseminar	VERB	1	33	17	0	A segurança cibernética também protege a democracia , evitando manipulações digitais que possam influenciar processos eleitorais ou disseminar desinformação em larga escala .
desinformação	NOUN	1	33	18	0	A segurança cibernética também protege a democracia , evitando manipulações digitais que possam influenciar processos eleitorais ou disseminar desinformação em larga escala .
em	ADP	0	33	19	0	A segurança cibernética também protege a democracia , evitando manipulações digitais que possam influenciar processos eleitorais ou disseminar desinformação em larga escala .
larga	ADJ	0	33	20	0	A segurança cibernética também protege a democracia , evitando manipulações digitais que possam influenciar processos eleitorais ou disseminar desinformação em larga escala .
escala	NOUN	0	33	21	0	A segurança cibernética também protege a democracia , evitando manipulações digitais que possam influenciar processos eleitorais ou disseminar desinformação em larga escala .
.	PUNCT	0	33	22	0	A segurança cibernética também protege a democracia , evitando manipulações digitais que possam influenciar processos eleitorais ou disseminar desinformação em larga escala .
32	['DET', 'NOUN', 'ADJ', 'ADV', 'VERB', 'DET', 'NOUN', 'PUNCT', 'VERB', 'NOUN', 'ADJ', 'PRON', 'VERB', 'VERB', 'NOUN', 'ADJ', 'CCONJ', 'VERB', 'NOUN', 'ADP', 'ADJ', 'NOUN', 'PUNCT']	[0, 0, 1, 0, 0, 0, 0, 0, 0, 1, 0, 0, 0, 0, 0, 0, 0, 1, 1, 0, 0, 0, 0]	33	32	1	A segurança cibernética também protege a democracia , evitando manipulações digitais que possam influenciar processos eleitorais ou disseminar desinformação em larga escala .
O	DET	0	34	0	0	O combate às fake news é parte da segurança digital , pois informações falsas podem causar danos sociais e políticos tão graves quanto ataques técnicos a sistemas .
combate	NOUN	0	34	1	0	O combate às fake news é parte da segurança digital , pois informações falsas podem causar danos sociais e políticos tão graves quanto ataques técnicos a sistemas .
às	ADP	0	34	2	0	O combate às fake news é parte da segurança digital , pois informações falsas podem causar danos sociais e políticos tão graves quanto ataques técnicos a sistemas .
fake	PROPN	1	34	3	0	O combate às fake news é parte da segurança digital , pois informações falsas podem causar danos sociais e políticos tão graves quanto ataques técnicos a sistemas .
news	PROPN	1	34	4	0	O combate às fake news é parte da segurança digital , pois informações falsas podem causar danos sociais e políticos tão graves quanto ataques técnicos a sistemas .
é	AUX	0	34	5	0	O combate às fake news é parte da segurança digital , pois informações falsas podem causar danos sociais e políticos tão graves quanto ataques técnicos a sistemas .
parte	NOUN	0	34	6	0	O combate às fake news é parte da segurança digital , pois informações falsas podem causar danos sociais e políticos tão graves quanto ataques técnicos a sistemas .
da	ADP	0	34	7	0	O combate às fake news é parte da segurança digital , pois informações falsas podem causar danos sociais e políticos tão graves quanto ataques técnicos a sistemas .
segurança	NOUN	0	34	8	0	O combate às fake news é parte da segurança digital , pois informações falsas podem causar danos sociais e políticos tão graves quanto ataques técnicos a sistemas .
digital	ADJ	0	34	9	0	O combate às fake news é parte da segurança digital , pois informações falsas podem causar danos sociais e políticos tão graves quanto ataques técnicos a sistemas .
,	PUNCT	0	34	10	0	O combate às fake news é parte da segurança digital , pois informações falsas podem causar danos sociais e políticos tão graves quanto ataques técnicos a sistemas .
pois	SCONJ	0	34	11	0	O combate às fake news é parte da segurança digital , pois informações falsas podem causar danos sociais e políticos tão graves quanto ataques técnicos a sistemas .
informações	NOUN	0	34	12	0	O combate às fake news é parte da segurança digital , pois informações falsas podem causar danos sociais e políticos tão graves quanto ataques técnicos a sistemas .
falsas	ADJ	0	34	13	0	O combate às fake news é parte da segurança digital , pois informações falsas podem causar danos sociais e políticos tão graves quanto ataques técnicos a sistemas .
podem	VERB	0	34	14	0	O combate às fake news é parte da segurança digital , pois informações falsas podem causar danos sociais e políticos tão graves quanto ataques técnicos a sistemas .
causar	VERB	0	34	15	0	O combate às fake news é parte da segurança digital , pois informações falsas podem causar danos sociais e políticos tão graves quanto ataques técnicos a sistemas .
danos	NOUN	0	34	16	0	O combate às fake news é parte da segurança digital , pois informações falsas podem causar danos sociais e políticos tão graves quanto ataques técnicos a sistemas .
sociais	ADJ	0	34	17	0	O combate às fake news é parte da segurança digital , pois informações falsas podem causar danos sociais e políticos tão graves quanto ataques técnicos a sistemas .
e	CCONJ	0	34	18	0	O combate às fake news é parte da segurança digital , pois informações falsas podem causar danos sociais e políticos tão graves quanto ataques técnicos a sistemas .
políticos	NOUN	0	34	19	0	O combate às fake news é parte da segurança digital , pois informações falsas podem causar danos sociais e políticos tão graves quanto ataques técnicos a sistemas .
tão	ADV	0	34	20	0	O combate às fake news é parte da segurança digital , pois informações falsas podem causar danos sociais e políticos tão graves quanto ataques técnicos a sistemas .
graves	ADJ	0	34	21	0	O combate às fake news é parte da segurança digital , pois informações falsas podem causar danos sociais e políticos tão graves quanto ataques técnicos a sistemas .
quanto	ADV	0	34	22	0	O combate às fake news é parte da segurança digital , pois informações falsas podem causar danos sociais e políticos tão graves quanto ataques técnicos a sistemas .
ataques	NOUN	0	34	23	0	O combate às fake news é parte da segurança digital , pois informações falsas podem causar danos sociais e políticos tão graves quanto ataques técnicos a sistemas .
técnicos	ADJ	0	34	24	0	O combate às fake news é parte da segurança digital , pois informações falsas podem causar danos sociais e políticos tão graves quanto ataques técnicos a sistemas .
a	ADP	0	34	25	0	O combate às fake news é parte da segurança digital , pois informações falsas podem causar danos sociais e políticos tão graves quanto ataques técnicos a sistemas .
sistemas	NOUN	0	34	26	0	O combate às fake news é parte da segurança digital , pois informações falsas podem causar danos sociais e políticos tão graves quanto ataques técnicos a sistemas .
.	PUNCT	0	34	27	0	O combate às fake news é parte da segurança digital , pois informações falsas podem causar danos sociais e políticos tão graves quanto ataques técnicos a sistemas .
33	['DET', 'NOUN', 'ADP', 'PROPN', 'PROPN', 'AUX', 'NOUN', 'ADP', 'NOUN', 'ADJ', 'PUNCT', 'SCONJ', 'NOUN', 'ADJ', 'VERB', 'VERB', 'NOUN', 'ADJ', 'CCONJ', 'NOUN', 'ADV', 'ADJ', 'ADV', 'NOUN', 'ADJ', 'ADP', 'NOUN', 'PUNCT']	[0, 0, 0, 1, 1, 0, 0, 0, 0, 0, 0, 0, 0, 0, 0, 0, 0, 0, 0, 0, 0, 0, 0, 0, 0, 0, 0, 0]	34	33	1	O combate às fake news é parte da segurança digital , pois informações falsas podem causar danos sociais e políticos tão graves quanto ataques técnicos a sistemas .
A	DET	0	35	0	0	A proteção de dados pessoais é um direito fundamental , e sua violação pode comprometer não apenas indivíduos , mas também a estabilidade de instituições e governos .
proteção	NOUN	0	35	1	0	A proteção de dados pessoais é um direito fundamental , e sua violação pode comprometer não apenas indivíduos , mas também a estabilidade de instituições e governos .
de	ADP	0	35	2	0	A proteção de dados pessoais é um direito fundamental , e sua violação pode comprometer não apenas indivíduos , mas também a estabilidade de instituições e governos .
dados	NOUN	0	35	3	0	A proteção de dados pessoais é um direito fundamental , e sua violação pode comprometer não apenas indivíduos , mas também a estabilidade de instituições e governos .
pessoais	ADJ	0	35	4	0	A proteção de dados pessoais é um direito fundamental , e sua violação pode comprometer não apenas indivíduos , mas também a estabilidade de instituições e governos .
é	AUX	0	35	5	0	A proteção de dados pessoais é um direito fundamental , e sua violação pode comprometer não apenas indivíduos , mas também a estabilidade de instituições e governos .
um	DET	0	35	6	0	A proteção de dados pessoais é um direito fundamental , e sua violação pode comprometer não apenas indivíduos , mas também a estabilidade de instituições e governos .
direito	NOUN	0	35	7	0	A proteção de dados pessoais é um direito fundamental , e sua violação pode comprometer não apenas indivíduos , mas também a estabilidade de instituições e governos .
fundamental	ADJ	0	35	8	0	A proteção de dados pessoais é um direito fundamental , e sua violação pode comprometer não apenas indivíduos , mas também a estabilidade de instituições e governos .
,	PUNCT	0	35	9	0	A proteção de dados pessoais é um direito fundamental , e sua violação pode comprometer não apenas indivíduos , mas também a estabilidade de instituições e governos .
e	CCONJ	0	35	10	0	A proteção de dados pessoais é um direito fundamental , e sua violação pode comprometer não apenas indivíduos , mas também a estabilidade de instituições e governos .
sua	DET	0	35	11	0	A proteção de dados pessoais é um direito fundamental , e sua violação pode comprometer não apenas indivíduos , mas também a estabilidade de instituições e governos .
violação	NOUN	0	35	12	0	A proteção de dados pessoais é um direito fundamental , e sua violação pode comprometer não apenas indivíduos , mas também a estabilidade de instituições e governos .
pode	VERB	0	35	13	0	A proteção de dados pessoais é um direito fundamental , e sua violação pode comprometer não apenas indivíduos , mas também a estabilidade de instituições e governos .
comprometer	VERB	1	35	14	0	A proteção de dados pessoais é um direito fundamental , e sua violação pode comprometer não apenas indivíduos , mas também a estabilidade de instituições e governos .
não	ADV	0	35	15	0	A proteção de dados pessoais é um direito fundamental , e sua violação pode comprometer não apenas indivíduos , mas também a estabilidade de instituições e governos .
apenas	ADV	0	35	16	0	A proteção de dados pessoais é um direito fundamental , e sua violação pode comprometer não apenas indivíduos , mas também a estabilidade de instituições e governos .
indivíduos	NOUN	0	35	17	0	A proteção de dados pessoais é um direito fundamental , e sua violação pode comprometer não apenas indivíduos , mas também a estabilidade de instituições e governos .
,	PUNCT	0	35	18	0	A proteção de dados pessoais é um direito fundamental , e sua violação pode comprometer não apenas indivíduos , mas também a estabilidade de instituições e governos .
mas	CCONJ	0	35	19	0	A proteção de dados pessoais é um direito fundamental , e sua violação pode comprometer não apenas indivíduos , mas também a estabilidade de instituições e governos .
também	ADV	0	35	20	0	A proteção de dados pessoais é um direito fundamental , e sua violação pode comprometer não apenas indivíduos , mas também a estabilidade de instituições e governos .
a	DET	0	35	21	0	A proteção de dados pessoais é um direito fundamental , e sua violação pode comprometer não apenas indivíduos , mas também a estabilidade de instituições e governos .
estabilidade	NOUN	0	35	22	0	A proteção de dados pessoais é um direito fundamental , e sua violação pode comprometer não apenas indivíduos , mas também a estabilidade de instituições e governos .
de	ADP	0	35	23	0	A proteção de dados pessoais é um direito fundamental , e sua violação pode comprometer não apenas indivíduos , mas também a estabilidade de instituições e governos .
instituições	NOUN	0	35	24	0	A proteção de dados pessoais é um direito fundamental , e sua violação pode comprometer não apenas indivíduos , mas também a estabilidade de instituições e governos .
e	CCONJ	0	35	25	0	A proteção de dados pessoais é um direito fundamental , e sua violação pode comprometer não apenas indivíduos , mas também a estabilidade de instituições e governos .
governos	NOUN	0	35	26	0	A proteção de dados pessoais é um direito fundamental , e sua violação pode comprometer não apenas indivíduos , mas também a estabilidade de instituições e governos .
.	PUNCT	0	35	27	0	A proteção de dados pessoais é um direito fundamental , e sua violação pode comprometer não apenas indivíduos , mas também a estabilidade de instituições e governos .
34	['DET', 'NOUN', 'ADP', 'NOUN', 'ADJ', 'AUX', 'DET', 'NOUN', 'ADJ', 'PUNCT', 'CCONJ', 'DET', 'NOUN', 'VERB', 'VERB', 'ADV', 'ADV', 'NOUN', 'PUNCT', 'CCONJ', 'ADV', 'DET', 'NOUN', 'ADP', 'NOUN', 'CCONJ', 'NOUN', 'PUNCT']	[0, 0, 0, 0, 0, 0, 0, 0, 0, 0, 0, 0, 0, 0, 1, 0, 0, 0, 0, 0, 0, 0, 0, 0, 0, 0, 0, 0]	35	34	1	A proteção de dados pessoais é um direito fundamental , e sua violação pode comprometer não apenas indivíduos , mas também a estabilidade de instituições e governos .
A	DET	0	36	0	0	A segurança cibernética deve ser vista como responsabilidade compartilhada , envolvendo governos , empresas e cidadãos em um esforço conjunto para proteger o mundo digital .
segurança	NOUN	0	36	1	0	A segurança cibernética deve ser vista como responsabilidade compartilhada , envolvendo governos , empresas e cidadãos em um esforço conjunto para proteger o mundo digital .
cibernética	ADJ	1	36	2	0	A segurança cibernética deve ser vista como responsabilidade compartilhada , envolvendo governos , empresas e cidadãos em um esforço conjunto para proteger o mundo digital .
deve	VERB	0	36	3	0	A segurança cibernética deve ser vista como responsabilidade compartilhada , envolvendo governos , empresas e cidadãos em um esforço conjunto para proteger o mundo digital .
ser	AUX	0	36	4	0	A segurança cibernética deve ser vista como responsabilidade compartilhada , envolvendo governos , empresas e cidadãos em um esforço conjunto para proteger o mundo digital .
vista	VERB	0	36	5	0	A segurança cibernética deve ser vista como responsabilidade compartilhada , envolvendo governos , empresas e cidadãos em um esforço conjunto para proteger o mundo digital .
como	ADP	0	36	6	0	A segurança cibernética deve ser vista como responsabilidade compartilhada , envolvendo governos , empresas e cidadãos em um esforço conjunto para proteger o mundo digital .
responsabilidade	NOUN	1	36	7	0	A segurança cibernética deve ser vista como responsabilidade compartilhada , envolvendo governos , empresas e cidadãos em um esforço conjunto para proteger o mundo digital .
compartilhada	VERB	1	36	8	0	A segurança cibernética deve ser vista como responsabilidade compartilhada , envolvendo governos , empresas e cidadãos em um esforço conjunto para proteger o mundo digital .
,	PUNCT	0	36	9	0	A segurança cibernética deve ser vista como responsabilidade compartilhada , envolvendo governos , empresas e cidadãos em um esforço conjunto para proteger o mundo digital .
envolvendo	VERB	0	36	10	0	A segurança cibernética deve ser vista como responsabilidade compartilhada , envolvendo governos , empresas e cidadãos em um esforço conjunto para proteger o mundo digital .
governos	NOUN	0	36	11	0	A segurança cibernética deve ser vista como responsabilidade compartilhada , envolvendo governos , empresas e cidadãos em um esforço conjunto para proteger o mundo digital .
,	PUNCT	0	36	12	0	A segurança cibernética deve ser vista como responsabilidade compartilhada , envolvendo governos , empresas e cidadãos em um esforço conjunto para proteger o mundo digital .
empresas	NOUN	0	36	13	0	A segurança cibernética deve ser vista como responsabilidade compartilhada , envolvendo governos , empresas e cidadãos em um esforço conjunto para proteger o mundo digital .
e	CCONJ	0	36	14	0	A segurança cibernética deve ser vista como responsabilidade compartilhada , envolvendo governos , empresas e cidadãos em um esforço conjunto para proteger o mundo digital .
cidadãos	NOUN	0	36	15	0	A segurança cibernética deve ser vista como responsabilidade compartilhada , envolvendo governos , empresas e cidadãos em um esforço conjunto para proteger o mundo digital .
em	ADP	0	36	16	0	A segurança cibernética deve ser vista como responsabilidade compartilhada , envolvendo governos , empresas e cidadãos em um esforço conjunto para proteger o mundo digital .
um	DET	0	36	17	0	A segurança cibernética deve ser vista como responsabilidade compartilhada , envolvendo governos , empresas e cidadãos em um esforço conjunto para proteger o mundo digital .
esforço	NOUN	0	36	18	0	A segurança cibernética deve ser vista como responsabilidade compartilhada , envolvendo governos , empresas e cidadãos em um esforço conjunto para proteger o mundo digital .
conjunto	ADJ	0	36	19	0	A segurança cibernética deve ser vista como responsabilidade compartilhada , envolvendo governos , empresas e cidadãos em um esforço conjunto para proteger o mundo digital .
para	SCONJ	0	36	20	0	A segurança cibernética deve ser vista como responsabilidade compartilhada , envolvendo governos , empresas e cidadãos em um esforço conjunto para proteger o mundo digital .
proteger	VERB	0	36	21	0	A segurança cibernética deve ser vista como responsabilidade compartilhada , envolvendo governos , empresas e cidadãos em um esforço conjunto para proteger o mundo digital .
o	DET	0	36	22	0	A segurança cibernética deve ser vista como responsabilidade compartilhada , envolvendo governos , empresas e cidadãos em um esforço conjunto para proteger o mundo digital .
mundo	NOUN	0	36	23	0	A segurança cibernética deve ser vista como responsabilidade compartilhada , envolvendo governos , empresas e cidadãos em um esforço conjunto para proteger o mundo digital .
digital	ADJ	0	36	24	0	A segurança cibernética deve ser vista como responsabilidade compartilhada , envolvendo governos , empresas e cidadãos em um esforço conjunto para proteger o mundo digital .
.	PUNCT	0	36	25	0	A segurança cibernética deve ser vista como responsabilidade compartilhada , envolvendo governos , empresas e cidadãos em um esforço conjunto para proteger o mundo digital .
35	['DET', 'NOUN', 'ADJ', 'VERB', 'AUX', 'VERB', 'ADP', 'NOUN', 'VERB', 'PUNCT', 'VERB', 'NOUN', 'PUNCT', 'NOUN', 'CCONJ', 'NOUN', 'ADP', 'DET', 'NOUN', 'ADJ', 'SCONJ', 'VERB', 'DET', 'NOUN', 'ADJ', 'PUNCT']	[0, 0, 1, 0, 0, 0, 0, 1, 1, 0, 0, 0, 0, 0, 0, 0, 0, 0, 0, 0, 0, 0, 0, 0, 0, 0]	36	35	1	A segurança cibernética deve ser vista como responsabilidade compartilhada , envolvendo governos , empresas e cidadãos em um esforço conjunto para proteger o mundo digital .
A	DET	0	37	0	0	A confiança digital é construída com transparência , responsabilidade e práticas seguras , criando um ambiente onde inovação e proteção caminham lado a lado .
confiança	NOUN	0	37	1	0	A confiança digital é construída com transparência , responsabilidade e práticas seguras , criando um ambiente onde inovação e proteção caminham lado a lado .
digital	ADJ	0	37	2	0	A confiança digital é construída com transparência , responsabilidade e práticas seguras , criando um ambiente onde inovação e proteção caminham lado a lado .
é	AUX	0	37	3	0	A confiança digital é construída com transparência , responsabilidade e práticas seguras , criando um ambiente onde inovação e proteção caminham lado a lado .
construída	VERB	0	37	4	0	A confiança digital é construída com transparência , responsabilidade e práticas seguras , criando um ambiente onde inovação e proteção caminham lado a lado .
com	ADP	0	37	5	0	A confiança digital é construída com transparência , responsabilidade e práticas seguras , criando um ambiente onde inovação e proteção caminham lado a lado .
transparência	NOUN	1	37	6	0	A confiança digital é construída com transparência , responsabilidade e práticas seguras , criando um ambiente onde inovação e proteção caminham lado a lado .
,	PUNCT	0	37	7	0	A confiança digital é construída com transparência , responsabilidade e práticas seguras , criando um ambiente onde inovação e proteção caminham lado a lado .
responsabilidade	NOUN	1	37	8	0	A confiança digital é construída com transparência , responsabilidade e práticas seguras , criando um ambiente onde inovação e proteção caminham lado a lado .
e	CCONJ	0	37	9	0	A confiança digital é construída com transparência , responsabilidade e práticas seguras , criando um ambiente onde inovação e proteção caminham lado a lado .
práticas	NOUN	0	37	10	0	A confiança digital é construída com transparência , responsabilidade e práticas seguras , criando um ambiente onde inovação e proteção caminham lado a lado .
seguras	ADJ	1	37	11	0	A confiança digital é construída com transparência , responsabilidade e práticas seguras , criando um ambiente onde inovação e proteção caminham lado a lado .
,	PUNCT	0	37	12	0	A confiança digital é construída com transparência , responsabilidade e práticas seguras , criando um ambiente onde inovação e proteção caminham lado a lado .
criando	VERB	0	37	13	0	A confiança digital é construída com transparência , responsabilidade e práticas seguras , criando um ambiente onde inovação e proteção caminham lado a lado .
um	DET	0	37	14	0	A confiança digital é construída com transparência , responsabilidade e práticas seguras , criando um ambiente onde inovação e proteção caminham lado a lado .
ambiente	NOUN	0	37	15	0	A confiança digital é construída com transparência , responsabilidade e práticas seguras , criando um ambiente onde inovação e proteção caminham lado a lado .
onde	PRON	0	37	16	0	A confiança digital é construída com transparência , responsabilidade e práticas seguras , criando um ambiente onde inovação e proteção caminham lado a lado .
inovação	NOUN	0	37	17	0	A confiança digital é construída com transparência , responsabilidade e práticas seguras , criando um ambiente onde inovação e proteção caminham lado a lado .
e	CCONJ	0	37	18	0	A confiança digital é construída com transparência , responsabilidade e práticas seguras , criando um ambiente onde inovação e proteção caminham lado a lado .
proteção	NOUN	0	37	19	0	A confiança digital é construída com transparência , responsabilidade e práticas seguras , criando um ambiente onde inovação e proteção caminham lado a lado .
caminham	VERB	1	37	20	0	A confiança digital é construída com transparência , responsabilidade e práticas seguras , criando um ambiente onde inovação e proteção caminham lado a lado .
lado	NOUN	0	37	21	0	A confiança digital é construída com transparência , responsabilidade e práticas seguras , criando um ambiente onde inovação e proteção caminham lado a lado .
a	ADP	0	37	22	0	A confiança digital é construída com transparência , responsabilidade e práticas seguras , criando um ambiente onde inovação e proteção caminham lado a lado .
lado	NOUN	0	37	23	0	A confiança digital é construída com transparência , responsabilidade e práticas seguras , criando um ambiente onde inovação e proteção caminham lado a lado .
.	PUNCT	0	37	24	0	A confiança digital é construída com transparência , responsabilidade e práticas seguras , criando um ambiente onde inovação e proteção caminham lado a lado .
36	['DET', 'NOUN', 'ADJ', 'AUX', 'VERB', 'ADP', 'NOUN', 'PUNCT', 'NOUN', 'CCONJ', 'NOUN', 'ADJ', 'PUNCT', 'VERB', 'DET', 'NOUN', 'PRON', 'NOUN', 'CCONJ', 'NOUN', 'VERB', 'NOUN', 'ADP', 'NOUN', 'PUNCT']	[0, 0, 0, 0, 0, 0, 1, 0, 1, 0, 0, 1, 0, 0, 0, 0, 0, 0, 0, 0, 1, 0, 0, 0, 0]	37	36	1	A confiança digital é construída com transparência , responsabilidade e práticas seguras , criando um ambiente onde inovação e proteção caminham lado a lado .
A	DET	0	38	0	0	A segurança cibernética é um processo contínuo que exige vigilância , adaptação e comprometimento , pois as ameaças evoluem constantemente e exigem respostas rápidas e eficazes .
segurança	NOUN	0	38	1	0	A segurança cibernética é um processo contínuo que exige vigilância , adaptação e comprometimento , pois as ameaças evoluem constantemente e exigem respostas rápidas e eficazes .
cibernética	ADJ	1	38	2	0	A segurança cibernética é um processo contínuo que exige vigilância , adaptação e comprometimento , pois as ameaças evoluem constantemente e exigem respostas rápidas e eficazes .
é	AUX	0	38	3	0	A segurança cibernética é um processo contínuo que exige vigilância , adaptação e comprometimento , pois as ameaças evoluem constantemente e exigem respostas rápidas e eficazes .
um	DET	0	38	4	0	A segurança cibernética é um processo contínuo que exige vigilância , adaptação e comprometimento , pois as ameaças evoluem constantemente e exigem respostas rápidas e eficazes .
processo	NOUN	0	38	5	0	A segurança cibernética é um processo contínuo que exige vigilância , adaptação e comprometimento , pois as ameaças evoluem constantemente e exigem respostas rápidas e eficazes .
contínuo	ADJ	0	38	6	0	A segurança cibernética é um processo contínuo que exige vigilância , adaptação e comprometimento , pois as ameaças evoluem constantemente e exigem respostas rápidas e eficazes .
que	PRON	0	38	7	0	A segurança cibernética é um processo contínuo que exige vigilância , adaptação e comprometimento , pois as ameaças evoluem constantemente e exigem respostas rápidas e eficazes .
exige	VERB	0	38	8	0	A segurança cibernética é um processo contínuo que exige vigilância , adaptação e comprometimento , pois as ameaças evoluem constantemente e exigem respostas rápidas e eficazes .
vigilância	NOUN	0	38	9	0	A segurança cibernética é um processo contínuo que exige vigilância , adaptação e comprometimento , pois as ameaças evoluem constantemente e exigem respostas rápidas e eficazes .
,	PUNCT	0	38	10	0	A segurança cibernética é um processo contínuo que exige vigilância , adaptação e comprometimento , pois as ameaças evoluem constantemente e exigem respostas rápidas e eficazes .
adaptação	NOUN	0	38	11	0	A segurança cibernética é um processo contínuo que exige vigilância , adaptação e comprometimento , pois as ameaças evoluem constantemente e exigem respostas rápidas e eficazes .
e	CCONJ	0	38	12	0	A segurança cibernética é um processo contínuo que exige vigilância , adaptação e comprometimento , pois as ameaças evoluem constantemente e exigem respostas rápidas e eficazes .
comprometimento	NOUN	1	38	13	0	A segurança cibernética é um processo contínuo que exige vigilância , adaptação e comprometimento , pois as ameaças evoluem constantemente e exigem respostas rápidas e eficazes .
,	PUNCT	0	38	14	0	A segurança cibernética é um processo contínuo que exige vigilância , adaptação e comprometimento , pois as ameaças evoluem constantemente e exigem respostas rápidas e eficazes .
pois	SCONJ	0	38	15	0	A segurança cibernética é um processo contínuo que exige vigilância , adaptação e comprometimento , pois as ameaças evoluem constantemente e exigem respostas rápidas e eficazes .
as	DET	0	38	16	0	A segurança cibernética é um processo contínuo que exige vigilância , adaptação e comprometimento , pois as ameaças evoluem constantemente e exigem respostas rápidas e eficazes .
ameaças	NOUN	0	38	17	0	A segurança cibernética é um processo contínuo que exige vigilância , adaptação e comprometimento , pois as ameaças evoluem constantemente e exigem respostas rápidas e eficazes .
evoluem	VERB	1	38	18	0	A segurança cibernética é um processo contínuo que exige vigilância , adaptação e comprometimento , pois as ameaças evoluem constantemente e exigem respostas rápidas e eficazes .
constantemente	ADV	0	38	19	0	A segurança cibernética é um processo contínuo que exige vigilância , adaptação e comprometimento , pois as ameaças evoluem constantemente e exigem respostas rápidas e eficazes .
e	CCONJ	0	38	20	0	A segurança cibernética é um processo contínuo que exige vigilância , adaptação e comprometimento , pois as ameaças evoluem constantemente e exigem respostas rápidas e eficazes .
exigem	VERB	0	38	21	0	A segurança cibernética é um processo contínuo que exige vigilância , adaptação e comprometimento , pois as ameaças evoluem constantemente e exigem respostas rápidas e eficazes .
respostas	NOUN	0	38	22	0	A segurança cibernética é um processo contínuo que exige vigilância , adaptação e comprometimento , pois as ameaças evoluem constantemente e exigem respostas rápidas e eficazes .
rápidas	ADJ	0	38	23	0	A segurança cibernética é um processo contínuo que exige vigilância , adaptação e comprometimento , pois as ameaças evoluem constantemente e exigem respostas rápidas e eficazes .
e	CCONJ	0	38	24	0	A segurança cibernética é um processo contínuo que exige vigilância , adaptação e comprometimento , pois as ameaças evoluem constantemente e exigem respostas rápidas e eficazes .
eficazes	ADJ	1	38	25	0	A segurança cibernética é um processo contínuo que exige vigilância , adaptação e comprometimento , pois as ameaças evoluem constantemente e exigem respostas rápidas e eficazes .
.	PUNCT	0	38	26	0	A segurança cibernética é um processo contínuo que exige vigilância , adaptação e comprometimento , pois as ameaças evoluem constantemente e exigem respostas rápidas e eficazes .
37	['DET', 'NOUN', 'ADJ', 'AUX', 'DET', 'NOUN', 'ADJ', 'PRON', 'VERB', 'NOUN', 'PUNCT', 'NOUN', 'CCONJ', 'NOUN', 'PUNCT', 'SCONJ', 'DET', 'NOUN', 'VERB', 'ADV', 'CCONJ', 'VERB', 'NOUN', 'ADJ', 'CCONJ', 'ADJ', 'PUNCT']	[0, 0, 1, 0, 0, 0, 0, 0, 0, 0, 0, 0, 0, 1, 0, 0, 0, 0, 1, 0, 0, 0, 0, 0, 0, 1, 0]	38	37	1	A segurança cibernética é um processo contínuo que exige vigilância , adaptação e comprometimento , pois as ameaças evoluem constantemente e exigem respostas rápidas e eficazes .
O	DET	0	39	0	0	O futuro da sociedade digital depende diretamente da capacidade de proteger informações , sistemas e pessoas contra ataques que podem comprometer a estabilidade global .
futuro	PROPN	0	39	1	0	O futuro da sociedade digital depende diretamente da capacidade de proteger informações , sistemas e pessoas contra ataques que podem comprometer a estabilidade global .
da	ADP	0	39	2	0	O futuro da sociedade digital depende diretamente da capacidade de proteger informações , sistemas e pessoas contra ataques que podem comprometer a estabilidade global .
sociedade	NOUN	0	39	3	0	O futuro da sociedade digital depende diretamente da capacidade de proteger informações , sistemas e pessoas contra ataques que podem comprometer a estabilidade global .
digital	ADJ	0	39	4	0	O futuro da sociedade digital depende diretamente da capacidade de proteger informações , sistemas e pessoas contra ataques que podem comprometer a estabilidade global .
depende	VERB	0	39	5	0	O futuro da sociedade digital depende diretamente da capacidade de proteger informações , sistemas e pessoas contra ataques que podem comprometer a estabilidade global .
diretamente	ADV	0	39	6	0	O futuro da sociedade digital depende diretamente da capacidade de proteger informações , sistemas e pessoas contra ataques que podem comprometer a estabilidade global .
da	ADP	0	39	7	0	O futuro da sociedade digital depende diretamente da capacidade de proteger informações , sistemas e pessoas contra ataques que podem comprometer a estabilidade global .
capacidade	NOUN	0	39	8	0	O futuro da sociedade digital depende diretamente da capacidade de proteger informações , sistemas e pessoas contra ataques que podem comprometer a estabilidade global .
de	SCONJ	0	39	9	0	O futuro da sociedade digital depende diretamente da capacidade de proteger informações , sistemas e pessoas contra ataques que podem comprometer a estabilidade global .
proteger	VERB	0	39	10	0	O futuro da sociedade digital depende diretamente da capacidade de proteger informações , sistemas e pessoas contra ataques que podem comprometer a estabilidade global .
informações	NOUN	0	39	11	0	O futuro da sociedade digital depende diretamente da capacidade de proteger informações , sistemas e pessoas contra ataques que podem comprometer a estabilidade global .
,	PUNCT	0	39	12	0	O futuro da sociedade digital depende diretamente da capacidade de proteger informações , sistemas e pessoas contra ataques que podem comprometer a estabilidade global .
sistemas	NOUN	0	39	13	0	O futuro da sociedade digital depende diretamente da capacidade de proteger informações , sistemas e pessoas contra ataques que podem comprometer a estabilidade global .
e	CCONJ	0	39	14	0	O futuro da sociedade digital depende diretamente da capacidade de proteger informações , sistemas e pessoas contra ataques que podem comprometer a estabilidade global .
pessoas	NOUN	0	39	15	0	O futuro da sociedade digital depende diretamente da capacidade de proteger informações , sistemas e pessoas contra ataques que podem comprometer a estabilidade global .
contra	ADP	0	39	16	0	O futuro da sociedade digital depende diretamente da capacidade de proteger informações , sistemas e pessoas contra ataques que podem comprometer a estabilidade global .
ataques	NOUN	0	39	17	0	O futuro da sociedade digital depende diretamente da capacidade de proteger informações , sistemas e pessoas contra ataques que podem comprometer a estabilidade global .
que	PRON	0	39	18	0	O futuro da sociedade digital depende diretamente da capacidade de proteger informações , sistemas e pessoas contra ataques que podem comprometer a estabilidade global .
podem	VERB	0	39	19	0	O futuro da sociedade digital depende diretamente da capacidade de proteger informações , sistemas e pessoas contra ataques que podem comprometer a estabilidade global .
comprometer	VERB	1	39	20	0	O futuro da sociedade digital depende diretamente da capacidade de proteger informações , sistemas e pessoas contra ataques que podem comprometer a estabilidade global .
a	DET	0	39	21	0	O futuro da sociedade digital depende diretamente da capacidade de proteger informações , sistemas e pessoas contra ataques que podem comprometer a estabilidade global .
estabilidade	NOUN	0	39	22	0	O futuro da sociedade digital depende diretamente da capacidade de proteger informações , sistemas e pessoas contra ataques que podem comprometer a estabilidade global .
global	ADJ	0	39	23	0	O futuro da sociedade digital depende diretamente da capacidade de proteger informações , sistemas e pessoas contra ataques que podem comprometer a estabilidade global .
.	PUNCT	0	39	24	0	O futuro da sociedade digital depende diretamente da capacidade de proteger informações , sistemas e pessoas contra ataques que podem comprometer a estabilidade global .
38	['DET', 'PROPN', 'ADP', 'NOUN', 'ADJ', 'VERB', 'ADV', 'ADP', 'NOUN', 'SCONJ', 'VERB', 'NOUN', 'PUNCT', 'NOUN', 'CCONJ', 'NOUN', 'ADP', 'NOUN', 'PRON', 'VERB', 'VERB', 'DET', 'NOUN', 'ADJ', 'PUNCT']	[0, 0, 0, 0, 0, 0, 0, 0, 0, 0, 0, 0, 0, 0, 0, 0, 0, 0, 0, 0, 1, 0, 0, 0, 0]	39	38	1	O futuro da sociedade digital depende diretamente da capacidade de proteger informações , sistemas e pessoas contra ataques que podem comprometer a estabilidade global .
Em	ADP	0	40	0	0	Em conclusão , investir em segurança cibernética é investir na continuidade da vida digital , garantindo que possamos usufruir dos benefícios da tecnologia com confiança e proteção .
conclusão	NOUN	0	40	1	0	Em conclusão , investir em segurança cibernética é investir na continuidade da vida digital , garantindo que possamos usufruir dos benefícios da tecnologia com confiança e proteção .
,	PUNCT	0	40	2	0	Em conclusão , investir em segurança cibernética é investir na continuidade da vida digital , garantindo que possamos usufruir dos benefícios da tecnologia com confiança e proteção .
investir	VERB	0	40	3	0	Em conclusão , investir em segurança cibernética é investir na continuidade da vida digital , garantindo que possamos usufruir dos benefícios da tecnologia com confiança e proteção .
em	ADP	0	40	4	0	Em conclusão , investir em segurança cibernética é investir na continuidade da vida digital , garantindo que possamos usufruir dos benefícios da tecnologia com confiança e proteção .
segurança	NOUN	0	40	5	0	Em conclusão , investir em segurança cibernética é investir na continuidade da vida digital , garantindo que possamos usufruir dos benefícios da tecnologia com confiança e proteção .
cibernética	ADJ	1	40	6	0	Em conclusão , investir em segurança cibernética é investir na continuidade da vida digital , garantindo que possamos usufruir dos benefícios da tecnologia com confiança e proteção .
é	AUX	0	40	7	0	Em conclusão , investir em segurança cibernética é investir na continuidade da vida digital , garantindo que possamos usufruir dos benefícios da tecnologia com confiança e proteção .
investir	VERB	0	40	8	0	Em conclusão , investir em segurança cibernética é investir na continuidade da vida digital , garantindo que possamos usufruir dos benefícios da tecnologia com confiança e proteção .
na	ADP	0	40	9	0	Em conclusão , investir em segurança cibernética é investir na continuidade da vida digital , garantindo que possamos usufruir dos benefícios da tecnologia com confiança e proteção .
continuidade	NOUN	0	40	10	0	Em conclusão , investir em segurança cibernética é investir na continuidade da vida digital , garantindo que possamos usufruir dos benefícios da tecnologia com confiança e proteção .
da	ADP	0	40	11	0	Em conclusão , investir em segurança cibernética é investir na continuidade da vida digital , garantindo que possamos usufruir dos benefícios da tecnologia com confiança e proteção .
vida	NOUN	0	40	12	0	Em conclusão , investir em segurança cibernética é investir na continuidade da vida digital , garantindo que possamos usufruir dos benefícios da tecnologia com confiança e proteção .
digital	ADJ	0	40	13	0	Em conclusão , investir em segurança cibernética é investir na continuidade da vida digital , garantindo que possamos usufruir dos benefícios da tecnologia com confiança e proteção .
,	PUNCT	0	40	14	0	Em conclusão , investir em segurança cibernética é investir na continuidade da vida digital , garantindo que possamos usufruir dos benefícios da tecnologia com confiança e proteção .
garantindo	VERB	0	40	15	0	Em conclusão , investir em segurança cibernética é investir na continuidade da vida digital , garantindo que possamos usufruir dos benefícios da tecnologia com confiança e proteção .
que	SCONJ	0	40	16	0	Em conclusão , investir em segurança cibernética é investir na continuidade da vida digital , garantindo que possamos usufruir dos benefícios da tecnologia com confiança e proteção .
possamos	VERB	1	40	17	0	Em conclusão , investir em segurança cibernética é investir na continuidade da vida digital , garantindo que possamos usufruir dos benefícios da tecnologia com confiança e proteção .
usufruir	VERB	1	40	18	0	Em conclusão , investir em segurança cibernética é investir na continuidade da vida digital , garantindo que possamos usufruir dos benefícios da tecnologia com confiança e proteção .
dos	ADP	0	40	19	0	Em conclusão , investir em segurança cibernética é investir na continuidade da vida digital , garantindo que possamos usufruir dos benefícios da tecnologia com confiança e proteção .
benefícios	NOUN	0	40	20	0	Em conclusão , investir em segurança cibernética é investir na continuidade da vida digital , garantindo que possamos usufruir dos benefícios da tecnologia com confiança e proteção .
da	ADP	0	40	21	0	Em conclusão , investir em segurança cibernética é investir na continuidade da vida digital , garantindo que possamos usufruir dos benefícios da tecnologia com confiança e proteção .
tecnologia	NOUN	0	40	22	0	Em conclusão , investir em segurança cibernética é investir na continuidade da vida digital , garantindo que possamos usufruir dos benefícios da tecnologia com confiança e proteção .
com	ADP	0	40	23	0	Em conclusão , investir em segurança cibernética é investir na continuidade da vida digital , garantindo que possamos usufruir dos benefícios da tecnologia com confiança e proteção .
confiança	NOUN	0	40	24	0	Em conclusão , investir em segurança cibernética é investir na continuidade da vida digital , garantindo que possamos usufruir dos benefícios da tecnologia com confiança e proteção .
e	CCONJ	0	40	25	0	Em conclusão , investir em segurança cibernética é investir na continuidade da vida digital , garantindo que possamos usufruir dos benefícios da tecnologia com confiança e proteção .
proteção	NOUN	0	40	26	0	Em conclusão , investir em segurança cibernética é investir na continuidade da vida digital , garantindo que possamos usufruir dos benefícios da tecnologia com confiança e proteção .
.	PUNCT	0	40	27	0	Em conclusão , investir em segurança cibernética é investir na continuidade da vida digital , garantindo que possamos usufruir dos benefícios da tecnologia com confiança e proteção .
39	['ADP', 'NOUN', 'PUNCT', 'VERB', 'ADP', 'NOUN', 'ADJ', 'AUX', 'VERB', 'ADP', 'NOUN', 'ADP', 'NOUN', 'ADJ', 'PUNCT', 'VERB', 'SCONJ', 'VERB', 'VERB', 'ADP', 'NOUN', 'ADP', 'NOUN', 'ADP', 'NOUN', 'CCONJ', 'NOUN', 'PUNCT']	[0, 0, 0, 0, 0, 0, 1, 0, 0, 0, 0, 0, 0, 0, 0, 0, 0, 1, 1, 0, 0, 0, 0, 0, 0, 0, 0, 0]	40	39	1	Em conclusão , investir em segurança cibernética é investir na continuidade da vida digital , garantindo que possamos usufruir dos benefícios da tecnologia com confiança e proteção .
